blob	paths	refs	merged_flags
8d7d456f172bc0eef90950b88a735366fdf2814d	.gitignore	h:arena/01a0814b-iips-production-market-data h:arena/01a0a438-iips-production-market-data h:arena/01a0ae80-iips-production-market-data h:arena/01a0bdb5-iips-production-market-data h:arena/01a0c440-iips-production-market-data h:arena/01a0c86d-iips-production-market-data h:windows/d114-stage5-banking-replay-observation t:p14-r7-65b78f7 t:portfolio-option-a-cb969b6 t:post-cleanup-baseline-b46b4f4 t:temporary-cleanup-caf73ba	-,NO
e9e816dc79a10930fbd08e5ef3981a92de1baec3	docs/CHECKPOINT-02.md	h:arena/01a0814b-iips-production-market-data h:arena/01a0853c-iips-production-market-data h:arena/01a0853d h:arena/01a0853d-iips-production-market-data h:arena/01a0a438-iips-production-market-data h:arena/01a0ae80-iips-production-market-data h:arena/01a0bdb5-iips-production-market-data h:arena/01a0c440-iips-production-market-data h:arena/01a0c86d-iips-production-market-data h:p14-implementation-recovered h:windows/d114-stage5-banking-replay-observation t:p14-r7-65b78f7 t:portfolio-option-a-cb969	-,NO
0058bcfad54143c91e1418a2a6c585839fbee202	docs/CHECKPOINT-03.md	h:arena/01a0814b-iips-production-market-data h:arena/01a0853c-iips-production-market-data h:arena/01a0853d h:arena/01a0853d-iips-production-market-data h:arena/01a0a438-iips-production-market-data h:arena/01a0ae80-iips-production-market-data h:arena/01a0bdb5-iips-production-market-data h:arena/01a0c440-iips-production-market-data h:arena/01a0c86d-iips-production-market-data h:p14-implementation-recovered h:windows/d114-stage5-banking-replay-observation t:p14-r7-65b78f7 t:portfolio-option-a-cb969	-,NO
6f0d2c3d5338ca327386734a7400fe90c7fd18cf	docs/CHECKPOINT-04.md	h:arena/01a0814b-iips-production-market-data h:arena/01a0853d-iips-production-market-data h:arena/01a0a438-iips-production-market-data h:arena/01a0ae80-iips-production-market-data h:arena/01a0bdb5-iips-production-market-data h:arena/01a0c440-iips-production-market-data h:arena/01a0c86d-iips-production-market-data h:p14-implementation-recovered h:windows/d114-stage5-banking-replay-observation t:p14-r7-65b78f7 t:portfolio-option-a-cb969b6 t:post-cleanup-baseline-b46b4f4 t:temporary-cleanup-caf73ba	-,NO
57835d7f001d26a8b6ec1eafb44257d173ebf356	docs/D13_PHASE_07_ENTRY_AUTHORIZATION.md	h:arena/01a0814b-iips-production-market-data h:arena/01a0853c-iips-production-market-data h:arena/01a0853d h:arena/01a0853d-iips-production-market-data h:arena/01a0a438-iips-production-market-data h:arena/01a0ae80-iips-production-market-data h:arena/01a0bdb5-iips-production-market-data h:arena/01a0c440-iips-production-market-data h:arena/01a0c86d-iips-production-market-data h:p14-implementation-recovered h:windows/d114-stage5-banking-replay-observation t:p14-r7-65b78f7 t:portfolio-option-a-cb969	-,NO
5275a197e57acc033c48447e8068e08e4488b41f	docs/D14_PHASE_07_CONTRACT_BASIS.md	h:arena/01a0814b-iips-production-market-data h:arena/01a0853c-iips-production-market-data h:arena/01a0853d h:arena/01a0853d-iips-production-market-data h:arena/01a0a438-iips-production-market-data h:arena/01a0ae80-iips-production-market-data h:arena/01a0bdb5-iips-production-market-data h:arena/01a0c440-iips-production-market-data h:arena/01a0c86d-iips-production-market-data h:p14-implementation-recovered h:windows/d114-stage5-banking-replay-observation t:p14-r7-65b78f7 t:portfolio-option-a-cb969	-,NO
48902c70ec4b61b695f2f4b1ee8f641fe140848a	docs/D15_PHASE_07_POLICY_STATE_CONTRACT.md	h:arena/01a0814b-iips-production-market-data h:arena/01a0853c-iips-production-market-data h:arena/01a0853d h:arena/01a0853d-iips-production-market-data h:arena/01a0a438-iips-production-market-data h:arena/01a0ae80-iips-production-market-data h:arena/01a0bdb5-iips-production-market-data h:arena/01a0c440-iips-production-market-data h:arena/01a0c86d-iips-production-market-data h:p14-implementation-recovered h:windows/d114-stage5-banking-replay-observation t:p14-r7-65b78f7 t:portfolio-option-a-cb969	-,NO
f6a44d5098b27d39a9465b52dc2cbb2ff3859c2f	docs/D16_P01_EVALUATION_INSTANT_AUTHORITY_ACT.md	h:arena/01a0814b-iips-production-market-data h:arena/01a0853c-iips-production-market-data h:arena/01a0853d h:arena/01a0853d-iips-production-market-data h:arena/01a0a438-iips-production-market-data h:arena/01a0ae80-iips-production-market-data h:arena/01a0bdb5-iips-production-market-data h:arena/01a0c440-iips-production-market-data h:arena/01a0c86d-iips-production-market-data h:p14-implementation-recovered h:windows/d114-stage5-banking-replay-observation t:p14-r7-65b78f7 t:portfolio-option-a-cb969	-,NO
b52f528156f04727795cfab6cd4e70969e305caf	docs/D17_PHASE_08_ENTRY_RECONCILIATION.md	h:arena/01a0814b-iips-production-market-data h:arena/01a0853d h:arena/01a0853d-iips-production-market-data h:arena/01a0a438-iips-production-market-data h:arena/01a0ae80-iips-production-market-data h:arena/01a0bdb5-iips-production-market-data h:arena/01a0c440-iips-production-market-data h:arena/01a0c86d-iips-production-market-data h:p14-implementation-recovered h:windows/d114-stage5-banking-replay-observation t:p14-r7-65b78f7 t:portfolio-option-a-cb969b6 t:post-cleanup-baseline-b46b4f4 t:temporar	-,NO
3bfc2f7bf450882f3da4a5afa127165dd8fa4568	docs/D18_PHASE_08_ENTRY_AUTHORIZATION.md	h:arena/01a0814b-iips-production-market-data h:arena/01a0853d h:arena/01a0853d-iips-production-market-data h:arena/01a0a438-iips-production-market-data h:arena/01a0ae80-iips-production-market-data h:arena/01a0bdb5-iips-production-market-data h:arena/01a0c440-iips-production-market-data h:arena/01a0c86d-iips-production-market-data h:p14-implementation-recovered h:windows/d114-stage5-banking-replay-observation t:p14-r7-65b78f7 t:portfolio-option-a-cb969b6 t:post-cleanup-baseline-b46b4f4 t:temporar	-,NO
09535ee5b461031511b314e4bd0c990807571686	docs/D19_BL3_C7_PROGRESSION_DEADLOCK_ADJUDICATION.md	h:arena/01a0814b-iips-production-market-data h:arena/01a0853d-iips-production-market-data h:arena/01a0a438-iips-production-market-data h:arena/01a0ae80-iips-production-market-data h:arena/01a0bdb5-iips-production-market-data h:arena/01a0c440-iips-production-market-data h:arena/01a0c86d-iips-production-market-data h:p14-implementation-recovered h:windows/d114-stage5-banking-replay-observation t:p14-r7-65b78f7 t:portfolio-option-a-cb969b6 t:post-cleanup-baseline-b46b4f4 t:temporary-cleanup-caf73ba	-,NO
b5170240e247e2da39003a0da9e7670e04b94f1f	docs/D20_F1_PROGRAM_AUTHORITY_ADJUDICATION_BL3_C7.md	h:arena/01a0814b-iips-production-market-data h:arena/01a0853d-iips-production-market-data h:arena/01a0a438-iips-production-market-data h:arena/01a0ae80-iips-production-market-data h:arena/01a0bdb5-iips-production-market-data h:arena/01a0c440-iips-production-market-data h:arena/01a0c86d-iips-production-market-data h:p14-implementation-recovered h:windows/d114-stage5-banking-replay-observation t:p14-r7-65b78f7 t:portfolio-option-a-cb969b6 t:post-cleanup-baseline-b46b4f4 t:temporary-cleanup-caf73ba	-,NO
b7a7b52dc8119bfda21ba62bc3cc623f7011e930	docs/D21_F3_PHASE_08_ENTRY_AUTHORIZATION_RERUN.md	h:arena/01a0814b-iips-production-market-data h:arena/01a0853d-iips-production-market-data h:arena/01a0a438-iips-production-market-data h:arena/01a0ae80-iips-production-market-data h:arena/01a0bdb5-iips-production-market-data h:arena/01a0c440-iips-production-market-data h:arena/01a0c86d-iips-production-market-data h:p14-implementation-recovered h:windows/d114-stage5-banking-replay-observation t:p14-r7-65b78f7 t:portfolio-option-a-cb969b6 t:post-cleanup-baseline-b46b4f4 t:temporary-cleanup-caf73ba	-,NO
09e4c18045a33e4a68c37b19985288bf47272a5d	docs/D22_F6_PHASE_08_IMPLEMENTATION_AUTHORIZATION.md	h:arena/01a0814b-iips-production-market-data h:arena/01a0853d-iips-production-market-data h:arena/01a0a438-iips-production-market-data h:arena/01a0ae80-iips-production-market-data h:arena/01a0bdb5-iips-production-market-data h:arena/01a0c440-iips-production-market-data h:arena/01a0c86d-iips-production-market-data h:p14-implementation-recovered h:windows/d114-stage5-banking-replay-observation t:p14-r7-65b78f7 t:portfolio-option-a-cb969b6 t:post-cleanup-baseline-b46b4f4 t:temporary-cleanup-caf73ba	-,NO
6cb0bace3a215b8a1a98e1afc8732a46dc505a52	docs/D23_PHASE_08_02_WORK_ITEM_AUTHORIZATION.md	h:arena/01a0814b-iips-production-market-data h:arena/01a0853d-iips-production-market-data h:arena/01a0a438-iips-production-market-data h:arena/01a0ae80-iips-production-market-data h:arena/01a0bdb5-iips-production-market-data h:arena/01a0c440-iips-production-market-data h:arena/01a0c86d-iips-production-market-data h:p14-implementation-recovered h:windows/d114-stage5-banking-replay-observation t:p14-r7-65b78f7 t:portfolio-option-a-cb969b6 t:post-cleanup-baseline-b46b4f4 t:temporary-cleanup-caf73ba	-,NO
202423f7fce9e25cc25871109912e6ed830166f0	docs/D24_PHASE_08_03_WORK_ITEM_AUTHORIZATION.md	h:arena/01a0814b-iips-production-market-data h:arena/01a0853d-iips-production-market-data h:arena/01a0a438-iips-production-market-data h:arena/01a0ae80-iips-production-market-data h:arena/01a0bdb5-iips-production-market-data h:arena/01a0c440-iips-production-market-data h:arena/01a0c86d-iips-production-market-data h:p14-implementation-recovered h:windows/d114-stage5-banking-replay-observation t:p14-r7-65b78f7 t:portfolio-option-a-cb969b6 t:post-cleanup-baseline-b46b4f4 t:temporary-cleanup-caf73ba	-,NO
468f18a291721ff73717e4019c26c1c0520d9c22	docs/D25_BP081_ADR02_I1_SCOPE_ADJUDICATION.md	h:arena/01a0814b-iips-production-market-data h:arena/01a0853d-iips-production-market-data h:arena/01a0a438-iips-production-market-data h:arena/01a0ae80-iips-production-market-data h:arena/01a0bdb5-iips-production-market-data h:arena/01a0c440-iips-production-market-data h:arena/01a0c86d-iips-production-market-data h:p14-implementation-recovered h:windows/d114-stage5-banking-replay-observation t:p14-r7-65b78f7 t:portfolio-option-a-cb969b6 t:post-cleanup-baseline-b46b4f4 t:temporary-cleanup-caf73ba	-,NO
4cb51ea7900b1511e351189ea3492da036cc054c	docs/D26_P11_ENTRY_AUTHORIZATION_ADJUDICATION.md	h:arena/01a0814b-iips-production-market-data h:arena/01a0853d-iips-production-market-data h:arena/01a0a438-iips-production-market-data h:arena/01a0ae80-iips-production-market-data h:arena/01a0bdb5-iips-production-market-data h:arena/01a0c440-iips-production-market-data h:arena/01a0c86d-iips-production-market-data h:p14-implementation-recovered h:windows/d114-stage5-banking-replay-observation t:p14-r7-65b78f7 t:portfolio-option-a-cb969b6 t:post-cleanup-baseline-b46b4f4 t:temporary-cleanup-caf73ba	-,NO
859e77a6cc27956dad8ecf33cc7b62c0a915f694	docs/D27_P11_A3_ACCEPTOR_DESIGNATION.md	h:arena/01a0814b-iips-production-market-data h:arena/01a0853d-iips-production-market-data h:arena/01a0a438-iips-production-market-data h:arena/01a0ae80-iips-production-market-data h:arena/01a0bdb5-iips-production-market-data h:arena/01a0c440-iips-production-market-data h:arena/01a0c86d-iips-production-market-data h:p14-implementation-recovered h:windows/d114-stage5-banking-replay-observation t:p14-r7-65b78f7 t:portfolio-option-a-cb969b6 t:post-cleanup-baseline-b46b4f4 t:temporary-cleanup-caf73ba	-,NO
b52678b1735e3920054fc9753b68ed9e616ec688	docs/D29_P12_IMPLEMENTATION_AUTHORIZATION.md	h:arena/01a0814b-iips-production-market-data h:arena/01a0853d-iips-production-market-data h:arena/01a0a438-iips-production-market-data h:arena/01a0ae80-iips-production-market-data h:arena/01a0bdb5-iips-production-market-data h:arena/01a0c440-iips-production-market-data h:arena/01a0c86d-iips-production-market-data h:p14-implementation-recovered h:windows/d114-stage5-banking-replay-observation t:p14-r7-65b78f7 t:portfolio-option-a-cb969b6 t:post-cleanup-baseline-b46b4f4 t:temporary-cleanup-caf73ba	-,NO
92d815c0059b9d612e9d2e84b965ee11536becde	docs/D30_P12_A3_ACCEPTOR_DESIGNATION.md	h:arena/01a0814b-iips-production-market-data h:arena/01a0853d-iips-production-market-data h:arena/01a0a438-iips-production-market-data h:arena/01a0ae80-iips-production-market-data h:arena/01a0bdb5-iips-production-market-data h:arena/01a0c440-iips-production-market-data h:arena/01a0c86d-iips-production-market-data h:p14-implementation-recovered h:windows/d114-stage5-banking-replay-observation t:p14-r7-65b78f7 t:portfolio-option-a-cb969b6 t:post-cleanup-baseline-b46b4f4 t:temporary-cleanup-caf73ba	-,NO
d7f655876ffb0180bd1b423c6b3c41b61d9c7ba5	docs/D31_P12_A3_ACCEPTOR_DESIGNATION.md	h:arena/01a0814b-iips-production-market-data h:arena/01a0853d-iips-production-market-data h:arena/01a0a438-iips-production-market-data h:arena/01a0ae80-iips-production-market-data h:arena/01a0bdb5-iips-production-market-data h:arena/01a0c440-iips-production-market-data h:arena/01a0c86d-iips-production-market-data h:p14-implementation-recovered h:windows/d114-stage5-banking-replay-observation t:p14-r7-65b78f7 t:portfolio-option-a-cb969b6 t:post-cleanup-baseline-b46b4f4 t:temporary-cleanup-caf73ba	-,NO
7025ea7dc6c9dd843972076edfdb320baefe69d1	docs/D32_P13_IMPLEMENTATION_AUTHORIZATION.md	h:arena/01a0814b-iips-production-market-data h:arena/01a0853d-iips-production-market-data h:arena/01a0a438-iips-production-market-data h:arena/01a0ae80-iips-production-market-data h:arena/01a0bdb5-iips-production-market-data h:arena/01a0c440-iips-production-market-data h:arena/01a0c86d-iips-production-market-data h:p14-implementation-recovered h:windows/d114-stage5-banking-replay-observation t:p14-r7-65b78f7 t:portfolio-option-a-cb969b6 t:post-cleanup-baseline-b46b4f4 t:temporary-cleanup-caf73ba	-,NO
5af800a2811527134b0076120b01471988b86b85	docs/D33_P13_A3_ACCEPTOR_DESIGNATION.md	h:arena/01a0814b-iips-production-market-data h:arena/01a0853d-iips-production-market-data h:arena/01a0a438-iips-production-market-data h:arena/01a0ae80-iips-production-market-data h:arena/01a0bdb5-iips-production-market-data h:arena/01a0c440-iips-production-market-data h:arena/01a0c86d-iips-production-market-data h:p14-implementation-recovered h:windows/d114-stage5-banking-replay-observation t:p14-r7-65b78f7 t:portfolio-option-a-cb969b6 t:post-cleanup-baseline-b46b4f4 t:temporary-cleanup-caf73ba	-,NO
3d314092db27d36ae0334b78db2cd1d70a0b8acc	docs/D34_GIT_DURABILITY_RECOVERY_AUTHORIZATION.md	h:arena/01a0814b-iips-production-market-data h:arena/01a0853d-iips-production-market-data h:arena/01a0a438-iips-production-market-data h:arena/01a0ae80-iips-production-market-data h:arena/01a0bdb5-iips-production-market-data h:arena/01a0c440-iips-production-market-data h:arena/01a0c86d-iips-production-market-data h:p14-implementation-recovered h:windows/d114-stage5-banking-replay-observation t:p14-r7-65b78f7 t:portfolio-option-a-cb969b6 t:post-cleanup-baseline-b46b4f4 t:temporary-cleanup-caf73ba	-,NO
c14255307a105a5afda76217da1ad6883f2f4d9f	docs/D35_P14_ENTRY_AUTHORIZATION.md	h:arena/01a0814b-iips-production-market-data h:arena/01a0853d-iips-production-market-data h:arena/01a0a438-iips-production-market-data h:arena/01a0ae80-iips-production-market-data h:arena/01a0bdb5-iips-production-market-data h:arena/01a0c440-iips-production-market-data h:arena/01a0c86d-iips-production-market-data h:p14-implementation-recovered h:windows/d114-stage5-banking-replay-observation t:p14-r7-65b78f7 t:portfolio-option-a-cb969b6 t:post-cleanup-baseline-b46b4f4 t:temporary-cleanup-caf73ba	-,NO
07914847801543b55ac75d9362ee828b68aa14e5	docs/D36_P14_WORK_ITEM_DEFINITION.md	h:arena/01a0814b-iips-production-market-data h:arena/01a0853d-iips-production-market-data h:arena/01a0a438-iips-production-market-data h:arena/01a0ae80-iips-production-market-data h:arena/01a0bdb5-iips-production-market-data h:arena/01a0c440-iips-production-market-data h:arena/01a0c86d-iips-production-market-data h:p14-implementation-recovered h:windows/d114-stage5-banking-replay-observation t:p14-r7-65b78f7 t:portfolio-option-a-cb969b6 t:post-cleanup-baseline-b46b4f4 t:temporary-cleanup-caf73ba	-,NO
3ca955405fff0ac573305093fbe1c49f8d628fd4	docs/D37_P14_A3_DESIGNATION.md	h:arena/01a0814b-iips-production-market-data h:arena/01a0853d-iips-production-market-data h:arena/01a0a438-iips-production-market-data h:arena/01a0ae80-iips-production-market-data h:arena/01a0bdb5-iips-production-market-data h:arena/01a0c440-iips-production-market-data h:arena/01a0c86d-iips-production-market-data h:p14-implementation-recovered h:windows/d114-stage5-banking-replay-observation t:p14-r7-65b78f7 t:portfolio-option-a-cb969b6 t:post-cleanup-baseline-b46b4f4 t:temporary-cleanup-caf73ba	-,NO
e683d9d553e261c80e2d38404f7b363ae638887a	docs/D38_P14_IMPLEMENTATION_AUTHORIZATION.md	h:arena/01a0814b-iips-production-market-data h:arena/01a0853d-iips-production-market-data h:arena/01a0a438-iips-production-market-data h:arena/01a0ae80-iips-production-market-data h:arena/01a0bdb5-iips-production-market-data h:arena/01a0c440-iips-production-market-data h:arena/01a0c86d-iips-production-market-data h:p14-implementation-recovered h:windows/d114-stage5-banking-replay-observation t:p14-r7-65b78f7 t:portfolio-option-a-cb969b6 t:post-cleanup-baseline-b46b4f4 t:temporary-cleanup-caf73ba	-,NO
7618a63a6d0a62708620203197d8e548b36d63b6	docs/D40_P15_EXTERNAL_BLOCKER_DISPOSITION.md	h:arena/01a0814b-iips-production-market-data h:arena/01a0853d-iips-production-market-data h:arena/01a0a438-iips-production-market-data h:arena/01a0ae80-iips-production-market-data h:arena/01a0bdb5-iips-production-market-data h:arena/01a0c440-iips-production-market-data h:arena/01a0c86d-iips-production-market-data h:windows/d114-stage5-banking-replay-observation t:p14-r7-65b78f7 t:portfolio-option-a-cb969b6 t:post-cleanup-baseline-b46b4f4 t:temporary-cleanup-caf73ba	-,NO
8ad63eaea4fe56358bb17b2d3a51e4684a668750	docs/D41_EXTERNAL_REMEDIATION_WORK_REQUEST.md	h:arena/01a0814b-iips-production-market-data h:arena/01a0853d-iips-production-market-data h:arena/01a0a438-iips-production-market-data h:arena/01a0ae80-iips-production-market-data h:arena/01a0bdb5-iips-production-market-data h:arena/01a0c440-iips-production-market-data h:arena/01a0c86d-iips-production-market-data h:windows/d114-stage5-banking-replay-observation t:p14-r7-65b78f7 t:portfolio-option-a-cb969b6 t:post-cleanup-baseline-b46b4f4 t:temporary-cleanup-caf73ba	-,NO
6722b158ec38bd8b320e1cb6e46a31ed7e5b4024	docs/D44_EXTERNAL_REMEDIATION_AUTHORIZATION.md	h:arena/01a0814b-iips-production-market-data h:arena/01a0853d-iips-production-market-data h:arena/01a0a438-iips-production-market-data h:arena/01a0ae80-iips-production-market-data h:arena/01a0bdb5-iips-production-market-data h:arena/01a0c440-iips-production-market-data h:arena/01a0c86d-iips-production-market-data h:windows/d114-stage5-banking-replay-observation t:p14-r7-65b78f7 t:portfolio-option-a-cb969b6 t:post-cleanup-baseline-b46b4f4 t:temporary-cleanup-caf73ba	-,NO
c8b2b3eeb56cc53d3c69c13830e449b0da283232	docs/D45_EXTERNAL_REMEDIATION_CLOSURE_EVIDENCE.md	h:arena/01a0814b-iips-production-market-data h:arena/01a0853d-iips-production-market-data h:arena/01a0a438-iips-production-market-data h:arena/01a0ae80-iips-production-market-data h:arena/01a0bdb5-iips-production-market-data h:arena/01a0c440-iips-production-market-data h:arena/01a0c86d-iips-production-market-data h:windows/d114-stage5-banking-replay-observation t:p14-r7-65b78f7 t:portfolio-option-a-cb969b6 t:post-cleanup-baseline-b46b4f4 t:temporary-cleanup-caf73ba	-,NO
0a7c56b1156e921faf0003853f0b54779a056a8b	docs/D50-R1_CORRECTIVE_AUTHORITY_RE_REVIEW.md	h:arena/01a0814b-iips-production-market-data h:arena/01a0853d-iips-production-market-data h:arena/01a0a438-iips-production-market-data h:arena/01a0ae80-iips-production-market-data h:arena/01a0bdb5-iips-production-market-data h:arena/01a0c440-iips-production-market-data h:arena/01a0c86d-iips-production-market-data h:windows/d114-stage5-banking-replay-observation t:p14-r7-65b78f7 t:portfolio-option-a-cb969b6 t:post-cleanup-baseline-b46b4f4 t:temporary-cleanup-caf73ba	-,NO
d93f7dc299fd83ca14db6637fc1d5f8f7b0e2f58	docs/D50-R2_EXISTING_IIPS_AUTHORITY_ACCEPTANCE.md	h:arena/01a0814b-iips-production-market-data h:arena/01a0853d-iips-production-market-data h:arena/01a0a438-iips-production-market-data h:arena/01a0ae80-iips-production-market-data h:arena/01a0bdb5-iips-production-market-data h:arena/01a0c440-iips-production-market-data h:arena/01a0c86d-iips-production-market-data h:windows/d114-stage5-banking-replay-observation t:p14-r7-65b78f7 t:portfolio-option-a-cb969b6 t:post-cleanup-baseline-b46b4f4 t:temporary-cleanup-caf73ba	-,NO
a425215dd35e583cd400a4e6d410bfff38e095c6	docs/D50-R3_AD4_REVALIDATION.md	h:arena/01a0814b-iips-production-market-data h:arena/01a0853d-iips-production-market-data h:arena/01a0a438-iips-production-market-data h:arena/01a0ae80-iips-production-market-data h:arena/01a0bdb5-iips-production-market-data h:arena/01a0c440-iips-production-market-data h:arena/01a0c86d-iips-production-market-data h:windows/d114-stage5-banking-replay-observation t:p14-r7-65b78f7 t:portfolio-option-a-cb969b6 t:post-cleanup-baseline-b46b4f4 t:temporary-cleanup-caf73ba	-,NO
1d2c1a7f8a4faed6d5417912072e714b2fc981ff	docs/D50-R4_AD4_AUTHORITY_CLOSURE.md	h:arena/01a0814b-iips-production-market-data h:arena/01a0853d-iips-production-market-data h:arena/01a0a438-iips-production-market-data h:arena/01a0ae80-iips-production-market-data h:arena/01a0bdb5-iips-production-market-data h:arena/01a0c440-iips-production-market-data h:arena/01a0c86d-iips-production-market-data h:windows/d114-stage5-banking-replay-observation t:p14-r7-65b78f7 t:portfolio-option-a-cb969b6 t:post-cleanup-baseline-b46b4f4 t:temporary-cleanup-caf73ba	-,NO
b9f5c87ee40bb431ce1dee63d27a91327b30b539	docs/D50_AUTHORITY_RE_REVIEW.md	h:arena/01a0814b-iips-production-market-data h:arena/01a0853d-iips-production-market-data h:arena/01a0a438-iips-production-market-data h:arena/01a0ae80-iips-production-market-data h:arena/01a0bdb5-iips-production-market-data h:arena/01a0c440-iips-production-market-data h:arena/01a0c86d-iips-production-market-data h:windows/d114-stage5-banking-replay-observation t:p14-r7-65b78f7 t:portfolio-option-a-cb969b6 t:post-cleanup-baseline-b46b4f4 t:temporary-cleanup-caf73ba	-,NO
3b241f12f3d0bb8c9eb81645438f00eb8ffa3958	docs/D51_UPDATED_EXTERNAL_REMEDIATION_E2E030_CLOSURE_EVIDENCE.md	h:arena/01a0814b-iips-production-market-data h:arena/01a0853d-iips-production-market-data h:arena/01a0a438-iips-production-market-data h:arena/01a0ae80-iips-production-market-data h:arena/01a0bdb5-iips-production-market-data h:arena/01a0c440-iips-production-market-data h:arena/01a0c86d-iips-production-market-data h:windows/d114-stage5-banking-replay-observation t:p14-r7-65b78f7 t:portfolio-option-a-cb969b6 t:post-cleanup-baseline-b46b4f4 t:temporary-cleanup-caf73ba	-,NO
b6bdd5dc00ea28905b203b07ca73047de5220620	docs/D52_D40_PROGRAM_AUTHORITY_REVIEW.md	h:arena/01a0814b-iips-production-market-data h:arena/01a0853d-iips-production-market-data h:arena/01a0a438-iips-production-market-data h:arena/01a0ae80-iips-production-market-data h:arena/01a0bdb5-iips-production-market-data h:arena/01a0c440-iips-production-market-data h:arena/01a0c86d-iips-production-market-data h:windows/d114-stage5-banking-replay-observation t:p14-r7-65b78f7 t:portfolio-option-a-cb969b6 t:post-cleanup-baseline-b46b4f4 t:temporary-cleanup-caf73ba	-,NO
fba552f6a12337517111141b80489215b57a0544	docs/D53_P13B_A3_ACCEPTOR_DESIGNATION.md	h:arena/01a0814b-iips-production-market-data h:arena/01a0853d-iips-production-market-data h:arena/01a0a438-iips-production-market-data h:arena/01a0ae80-iips-production-market-data h:arena/01a0bdb5-iips-production-market-data h:arena/01a0c440-iips-production-market-data h:arena/01a0c86d-iips-production-market-data h:windows/d114-stage5-banking-replay-observation t:p14-r7-65b78f7 t:portfolio-option-a-cb969b6 t:post-cleanup-baseline-b46b4f4 t:temporary-cleanup-caf73ba	-,NO
668ad719cfbd0524ce2e59752f71c2a7b7d30b7d	docs/D54_P13B_IMPLEMENTATION_AUTHORIZATION.md	h:arena/01a0814b-iips-production-market-data h:arena/01a0853d-iips-production-market-data h:arena/01a0a438-iips-production-market-data h:arena/01a0ae80-iips-production-market-data h:arena/01a0bdb5-iips-production-market-data h:arena/01a0c440-iips-production-market-data h:arena/01a0c86d-iips-production-market-data h:windows/d114-stage5-banking-replay-observation t:p14-r7-65b78f7 t:portfolio-option-a-cb969b6 t:post-cleanup-baseline-b46b4f4 t:temporary-cleanup-caf73ba	-,NO
0ea926f9544cb4b57d506a917cdb56e760ec398e	docs/D55_P13B_A3_ACCEPTANCE.md	h:arena/01a0814b-iips-production-market-data h:arena/01a0853d-iips-production-market-data h:arena/01a0a438-iips-production-market-data h:arena/01a0ae80-iips-production-market-data h:arena/01a0bdb5-iips-production-market-data h:arena/01a0c440-iips-production-market-data h:arena/01a0c86d-iips-production-market-data h:windows/d114-stage5-banking-replay-observation t:p14-r7-65b78f7 t:portfolio-option-a-cb969b6 t:post-cleanup-baseline-b46b4f4 t:temporary-cleanup-caf73ba	-,NO
2e2d93348a12ca27072a16f90580c6312c01d608	docs/D56_AD17_L1_UI16_COMPANY_TRUSTCHAIN_CLOSURE.md	h:arena/01a0814b-iips-production-market-data h:arena/01a0853d-iips-production-market-data h:arena/01a0a438-iips-production-market-data h:arena/01a0ae80-iips-production-market-data h:arena/01a0bdb5-iips-production-market-data h:arena/01a0c440-iips-production-market-data h:arena/01a0c86d-iips-production-market-data h:windows/d114-stage5-banking-replay-observation t:p14-r7-65b78f7 t:portfolio-option-a-cb969b6 t:post-cleanup-baseline-b46b4f4 t:temporary-cleanup-caf73ba	-,NO
63c342771d24c98b2105dbfc0c1c441e64066aa3	docs/D57_AD17_L5_BROADER_SURFACE_AUTHORITY_ADJUDICATION.md	h:arena/01a0814b-iips-production-market-data h:arena/01a0a438-iips-production-market-data h:arena/01a0ae80-iips-production-market-data h:arena/01a0bdb5-iips-production-market-data h:arena/01a0c440-iips-production-market-data h:arena/01a0c86d-iips-production-market-data h:windows/d114-stage5-banking-replay-observation t:p14-r7-65b78f7 t:portfolio-option-a-cb969b6 t:post-cleanup-baseline-b46b4f4 t:temporary-cleanup-caf73ba	-,NO
70c3d51f1d7df0f217165822d0e2f53d552452a0	docs/D58_AD17_L5_BROADER_AMENDMENT_IMPLEMENTATION.md	h:arena/01a0814b-iips-production-market-data h:arena/01a0a438-iips-production-market-data h:arena/01a0ae80-iips-production-market-data h:arena/01a0bdb5-iips-production-market-data h:arena/01a0c440-iips-production-market-data h:arena/01a0c86d-iips-production-market-data h:windows/d114-stage5-banking-replay-observation t:p14-r7-65b78f7 t:portfolio-option-a-cb969b6 t:post-cleanup-baseline-b46b4f4 t:temporary-cleanup-caf73ba	-,NO
3ee766d2c146df700b02a42086f663b756a52524	docs/D59_L6_REPLAYSTATE_DORMANT_RESIDUE_ADJUDICATION.md	h:arena/01a0814b-iips-production-market-data h:arena/01a0a438-iips-production-market-data h:arena/01a0ae80-iips-production-market-data h:arena/01a0bdb5-iips-production-market-data h:arena/01a0c440-iips-production-market-data h:arena/01a0c86d-iips-production-market-data h:windows/d114-stage5-banking-replay-observation t:p14-r7-65b78f7 t:portfolio-option-a-cb969b6 t:post-cleanup-baseline-b46b4f4 t:temporary-cleanup-caf73ba	-,NO
2b6770244f7ad23fae1de2e795664cc646782772	docs/D60_GOVERNANCE_LINEAGE_RECOVERY.md	h:arena/01a0814b-iips-production-market-data h:arena/01a0a438-iips-production-market-data h:arena/01a0ae80-iips-production-market-data h:arena/01a0bdb5-iips-production-market-data h:arena/01a0c440-iips-production-market-data h:arena/01a0c86d-iips-production-market-data h:windows/d114-stage5-banking-replay-observation t:p14-r7-65b78f7 t:portfolio-option-a-cb969b6 t:post-cleanup-baseline-b46b4f4 t:temporary-cleanup-caf73ba	-,NO
be12ba980e43ceb3ad173674ea75202220840b0c	docs/D61_L6_REPLAYSTATE_AD17_AMENDMENT_IMPLEMENTATION.md	h:arena/01a0814b-iips-production-market-data h:arena/01a0a438-iips-production-market-data h:arena/01a0ae80-iips-production-market-data h:arena/01a0bdb5-iips-production-market-data h:arena/01a0c440-iips-production-market-data h:arena/01a0c86d-iips-production-market-data h:windows/d114-stage5-banking-replay-observation t:p14-r7-65b78f7 t:portfolio-option-a-cb969b6 t:post-cleanup-baseline-b46b4f4 t:temporary-cleanup-caf73ba	-,NO
01cf68bc92c388659dc038681a142ff9927ae9f7	docs/D62_L3_BASIS_CORRECTION_BY_ADDITION.md	h:arena/01a0814b-iips-production-market-data h:arena/01a0a438-iips-production-market-data h:arena/01a0ae80-iips-production-market-data h:arena/01a0bdb5-iips-production-market-data h:arena/01a0c440-iips-production-market-data h:arena/01a0c86d-iips-production-market-data h:windows/d114-stage5-banking-replay-observation t:p14-r7-65b78f7 t:portfolio-option-a-cb969b6 t:post-cleanup-baseline-b46b4f4 t:temporary-cleanup-caf73ba	-,NO
357a735e64d243c37664294f163ae588df937644	docs/D63_GOVERNANCE_LINEAGE_RECOVERY_02.md	h:arena/01a0814b-iips-production-market-data h:arena/01a0a438-iips-production-market-data h:arena/01a0ae80-iips-production-market-data h:arena/01a0bdb5-iips-production-market-data h:arena/01a0c440-iips-production-market-data h:arena/01a0c86d-iips-production-market-data h:windows/d114-stage5-banking-replay-observation t:p14-r7-65b78f7 t:portfolio-option-a-cb969b6 t:post-cleanup-baseline-b46b4f4 t:temporary-cleanup-caf73ba	-,NO
d29b2211e37eb62c173a50aa301ac452af574bb6	docs/D64_GOVERNANCE_LINEAGE_RECOVERY_03_AND_PUSH.md	h:arena/01a0814b-iips-production-market-data h:arena/01a0a438-iips-production-market-data h:arena/01a0ae80-iips-production-market-data h:arena/01a0bdb5-iips-production-market-data h:arena/01a0c440-iips-production-market-data h:arena/01a0c86d-iips-production-market-data h:windows/d114-stage5-banking-replay-observation t:p14-r7-65b78f7 t:portfolio-option-a-cb969b6 t:post-cleanup-baseline-b46b4f4 t:temporary-cleanup-caf73ba	-,NO
5fbf9266c0a3f5e4ba997287e6cada1ce7c525bb	docs/D65_DURABILITY_CORRECTION_MERGE_D10_AND_PUSH.md	h:arena/01a0814b-iips-production-market-data h:arena/01a0a438-iips-production-market-data h:arena/01a0ae80-iips-production-market-data h:arena/01a0bdb5-iips-production-market-data h:arena/01a0c440-iips-production-market-data h:arena/01a0c86d-iips-production-market-data h:windows/d114-stage5-banking-replay-observation t:p14-r7-65b78f7 t:portfolio-option-a-cb969b6 t:post-cleanup-baseline-b46b4f4 t:temporary-cleanup-caf73ba	-,NO
93c630106b50504ef8de9771807cc24f204b6d34	docs/D66_L7_SOURCE_ACCURACY_AMENDMENT_IMPLEMENTATION.md	h:arena/01a0814b-iips-production-market-data h:arena/01a0a438-iips-production-market-data h:arena/01a0ae80-iips-production-market-data h:arena/01a0bdb5-iips-production-market-data h:arena/01a0c440-iips-production-market-data h:arena/01a0c86d-iips-production-market-data h:windows/d114-stage5-banking-replay-observation t:p14-r7-65b78f7 t:portfolio-option-a-cb969b6 t:post-cleanup-baseline-b46b4f4 t:temporary-cleanup-caf73ba	-,NO
4da092ff08f15514e7defefa651d9f4540f564e2	docs/D71_P12_P13_AD17_SERIALIZED_DISCLOSURE_CORRECTION.md	h:arena/01a0814b-iips-production-market-data h:arena/01a0a438-iips-production-market-data h:arena/01a0ae80-iips-production-market-data h:arena/01a0bdb5-iips-production-market-data h:arena/01a0c440-iips-production-market-data h:arena/01a0c86d-iips-production-market-data h:windows/d114-stage5-banking-replay-observation t:p14-r7-65b78f7 t:portfolio-option-a-cb969b6 t:post-cleanup-baseline-b46b4f4 t:temporary-cleanup-caf73ba	-,NO
888ba1c54961330ca04e1f967f2075fe7483c942	docs/D75_R3_SAVED_SCREEN_PERSISTENCE_IMPLEMENTATION.md	h:arena/01a0814b-iips-production-market-data h:arena/01a0a438-iips-production-market-data h:arena/01a0ae80-iips-production-market-data h:arena/01a0bdb5-iips-production-market-data h:arena/01a0c440-iips-production-market-data h:arena/01a0c86d-iips-production-market-data h:windows/d114-stage5-banking-replay-observation t:p14-r7-65b78f7 t:portfolio-option-a-cb969b6 t:post-cleanup-baseline-b46b4f4 t:temporary-cleanup-caf73ba	-,NO
5ef11c8f797095af4abe4960c8fff106b71102f1	docs/D77_L2_R6_GOVERNANCE_CLEANUP.md	h:arena/01a0814b-iips-production-market-data h:arena/01a0a438-iips-production-market-data h:arena/01a0ae80-iips-production-market-data h:arena/01a0bdb5-iips-production-market-data h:arena/01a0c440-iips-production-market-data h:arena/01a0c86d-iips-production-market-data h:windows/d114-stage5-banking-replay-observation t:p14-r7-65b78f7 t:portfolio-option-a-cb969b6 t:post-cleanup-baseline-b46b4f4 t:temporary-cleanup-caf73ba	-,NO
d9f75fb3e90abbba7c045e16d41b645887acbc0d	docs/D79_L3_TRANSPORT_PROVENANCE_DISCLOSURE_CORRECTION.md	h:arena/01a0814b-iips-production-market-data h:arena/01a0a438-iips-production-market-data h:arena/01a0ae80-iips-production-market-data h:arena/01a0bdb5-iips-production-market-data h:arena/01a0c440-iips-production-market-data h:arena/01a0c86d-iips-production-market-data h:windows/d114-stage5-banking-replay-observation t:p14-r7-65b78f7 t:portfolio-option-a-cb969b6 t:post-cleanup-baseline-b46b4f4 t:temporary-cleanup-caf73ba	-,NO
f9805999b7f57e3ced89110026223fc6e7f76ee9	docs/D80_UI12_SETTINGS_RECOVERY_IMPLEMENTATION.md	h:arena/01a0814b-iips-production-market-data h:arena/01a0ae80-iips-production-market-data h:arena/01a0bdb5-iips-production-market-data h:arena/01a0c440-iips-production-market-data h:arena/01a0c86d-iips-production-market-data h:windows/d114-stage5-banking-replay-observation t:p14-r7-65b78f7 t:portfolio-option-a-cb969b6 t:post-cleanup-baseline-b46b4f4 t:temporary-cleanup-caf73ba	-,NO
d39c2aff0ca520151203770a4eb424c07abd0874	docs/D81_UI07_WATCHLISTS_RECOVERY_IMPLEMENTATION.md	h:arena/01a0814b-iips-production-market-data h:arena/01a0ae80-iips-production-market-data h:arena/01a0bdb5-iips-production-market-data h:arena/01a0c440-iips-production-market-data h:arena/01a0c86d-iips-production-market-data h:windows/d114-stage5-banking-replay-observation t:p14-r7-65b78f7 t:portfolio-option-a-cb969b6 t:post-cleanup-baseline-b46b4f4 t:temporary-cleanup-caf73ba	-,NO
597be0d1bddc5526a3b0516af2ea36c5a43d6968	docs/D82_UI08_REPORTS_RECOVERY_IMPLEMENTATION.md	h:arena/01a0814b-iips-production-market-data h:arena/01a0ae80-iips-production-market-data h:arena/01a0bdb5-iips-production-market-data h:arena/01a0c440-iips-production-market-data h:arena/01a0c86d-iips-production-market-data h:windows/d114-stage5-banking-replay-observation t:p14-r7-65b78f7 t:portfolio-option-a-cb969b6 t:post-cleanup-baseline-b46b4f4 t:temporary-cleanup-caf73ba	-,NO
d72ebe2061efe844e23bc9b27aa0bc2873862bf3	docs/D83_UI10_COLLABORATION_RECOVERY_IMPLEMENTATION.md	h:arena/01a0814b-iips-production-market-data h:arena/01a0ae80-iips-production-market-data h:arena/01a0bdb5-iips-production-market-data h:arena/01a0c440-iips-production-market-data h:arena/01a0c86d-iips-production-market-data h:windows/d114-stage5-banking-replay-observation t:p14-r7-65b78f7 t:portfolio-option-a-cb969b6 t:post-cleanup-baseline-b46b4f4 t:temporary-cleanup-caf73ba	-,NO
da72edcc36a69c82c0dfb56aa493765f137a9373	docs/D84Q_P14_UI_QUALIFICATION_INSTRUMENT.md	h:arena/01a0814b-iips-production-market-data h:arena/01a0ae80-iips-production-market-data h:arena/01a0bdb5-iips-production-market-data h:arena/01a0c440-iips-production-market-data h:arena/01a0c86d-iips-production-market-data h:windows/d114-stage5-banking-replay-observation t:p14-r7-65b78f7 t:portfolio-option-a-cb969b6 t:post-cleanup-baseline-b46b4f4 t:temporary-cleanup-caf73ba	-,NO
9e36e6c4c7dbfd26b1041478ec191dbdf96dba59	docs/D85_UI12_PORTFOLIO_DATA_MODE_PROPAGATION.md	h:arena/01a0814b-iips-production-market-data h:arena/01a0ae80-iips-production-market-data h:arena/01a0bdb5-iips-production-market-data h:arena/01a0c440-iips-production-market-data h:arena/01a0c86d-iips-production-market-data h:windows/d114-stage5-banking-replay-observation t:p14-r7-65b78f7 t:portfolio-option-a-cb969b6 t:post-cleanup-baseline-b46b4f4 t:temporary-cleanup-caf73ba	-,NO
ae146d258c42b952fc74d6280be4a4a373e84b9d	docs/D86Q_R7_PORTFOLIO_DATA_MODE_BROWSER_QUALIFICATION.md	h:arena/01a0814b-iips-production-market-data h:arena/01a0a438-iips-production-market-data h:arena/01a0ae80-iips-production-market-data h:arena/01a0bdb5-iips-production-market-data h:arena/01a0c440-iips-production-market-data h:arena/01a0c86d-iips-production-market-data h:windows/d114-stage5-banking-replay-observation t:p14-r7-65b78f7 t:portfolio-option-a-cb969b6 t:post-cleanup-baseline-b46b4f4 t:temporary-cleanup-caf73ba	-,NO
b37a93de38af72999e724d65903bc677de6bf354	docs/D89_GLOBAL_UI12_DATA_MODE_PROPAGATION.md	h:arena/01a0814b-iips-production-market-data h:arena/01a0ae80-iips-production-market-data h:arena/01a0bdb5-iips-production-market-data h:arena/01a0c440-iips-production-market-data h:arena/01a0c86d-iips-production-market-data h:windows/d114-stage5-banking-replay-observation t:p14-r7-65b78f7 t:portfolio-option-a-cb969b6 t:post-cleanup-baseline-b46b4f4 t:temporary-cleanup-caf73ba	-,NO
50ed79fafa9c81a34b3ed52e731012f03cd59efd	docs/E13-10_EB14-3_CLOSURE.md	h:arena/01a0814b-iips-production-market-data h:arena/01a0853d-iips-production-market-data h:arena/01a0a438-iips-production-market-data h:arena/01a0ae80-iips-production-market-data h:arena/01a0bdb5-iips-production-market-data h:arena/01a0c440-iips-production-market-data h:arena/01a0c86d-iips-production-market-data h:windows/d114-stage5-banking-replay-observation t:p14-r7-65b78f7 t:portfolio-option-a-cb969b6 t:post-cleanup-baseline-b46b4f4 t:temporary-cleanup-caf73ba	-,NO
4707062bac4798e53269280709ecbf87195535bc	docs/E2E-030-AUTH-01_CLOSURE.md	h:arena/01a0814b-iips-production-market-data h:arena/01a0853d-iips-production-market-data h:arena/01a0a438-iips-production-market-data h:arena/01a0ae80-iips-production-market-data h:arena/01a0bdb5-iips-production-market-data h:arena/01a0c440-iips-production-market-data h:arena/01a0c86d-iips-production-market-data h:windows/d114-stage5-banking-replay-observation t:p14-r7-65b78f7 t:portfolio-option-a-cb969b6 t:post-cleanup-baseline-b46b4f4 t:temporary-cleanup-caf73ba	-,NO
4b3a4aafd0773f00671b0d304c76961fc8e3a9f4	docs/E2E-030-R1_REVALIDATION.md	h:arena/01a0814b-iips-production-market-data h:arena/01a0853d-iips-production-market-data h:arena/01a0a438-iips-production-market-data h:arena/01a0ae80-iips-production-market-data h:arena/01a0bdb5-iips-production-market-data h:arena/01a0c440-iips-production-market-data h:arena/01a0c86d-iips-production-market-data h:windows/d114-stage5-banking-replay-observation t:p14-r7-65b78f7 t:portfolio-option-a-cb969b6 t:post-cleanup-baseline-b46b4f4 t:temporary-cleanup-caf73ba	-,NO
dc44596cfedc6f4ade3e4e2ff8c5c0a08b645918	docs/F4A_PHASE_08_A3_DESIGNATION_RECORDING.md	h:arena/01a0814b-iips-production-market-data h:arena/01a0853d-iips-production-market-data h:arena/01a0a438-iips-production-market-data h:arena/01a0ae80-iips-production-market-data h:arena/01a0bdb5-iips-production-market-data h:arena/01a0c440-iips-production-market-data h:arena/01a0c86d-iips-production-market-data h:p14-implementation-recovered h:windows/d114-stage5-banking-replay-observation t:p14-r7-65b78f7 t:portfolio-option-a-cb969b6 t:post-cleanup-baseline-b46b4f4 t:temporary-cleanup-caf73ba	-,NO
074d31839f37515dcc28bc0ba9ac593946fc0b2e	docs/F4_PHASE_08_A3_ACCEPTOR_DESIGNATION.md	h:arena/01a0814b-iips-production-market-data h:arena/01a0853d-iips-production-market-data h:arena/01a0a438-iips-production-market-data h:arena/01a0ae80-iips-production-market-data h:arena/01a0bdb5-iips-production-market-data h:arena/01a0c440-iips-production-market-data h:arena/01a0c86d-iips-production-market-data h:p14-implementation-recovered h:windows/d114-stage5-banking-replay-observation t:p14-r7-65b78f7 t:portfolio-option-a-cb969b6 t:post-cleanup-baseline-b46b4f4 t:temporary-cleanup-caf73ba	-,NO
0c2f76d2f08b46f30945e87d99b4e688e7c79ca8	docs/IIPS_PLATFORM_SOURCE_PROVENANCE.md	h:arena/01a0814b-iips-production-market-data h:arena/01a0853d-iips-production-market-data h:arena/01a0a438-iips-production-market-data h:arena/01a0ae80-iips-production-market-data h:arena/01a0bdb5-iips-production-market-data h:arena/01a0c440-iips-production-market-data h:arena/01a0c86d-iips-production-market-data h:windows/d114-stage5-banking-replay-observation t:p14-r7-65b78f7 t:portfolio-option-a-cb969b6 t:post-cleanup-baseline-b46b4f4 t:temporary-cleanup-caf73ba	-,NO
79395ed5d1c03fb0b7a3d6aee5d007060f4a383f	docs/INCIDENT-01_HISTORY_LOSS.md	h:arena/01a0814b-iips-production-market-data h:arena/01a0853c-iips-production-market-data h:arena/01a0853d h:arena/01a0853d-iips-production-market-data h:arena/01a0a438-iips-production-market-data h:arena/01a0ae80-iips-production-market-data h:arena/01a0bdb5-iips-production-market-data h:arena/01a0c440-iips-production-market-data h:arena/01a0c86d-iips-production-market-data h:p14-implementation-recovered h:windows/d114-stage5-banking-replay-observation t:p14-r7-65b78f7 t:portfolio-option-a-cb969	-,NO
16004c3de182c4e1468c23bca5992153d57560f6	docs/INCIDENT-02_SANDBOX_RECLONE.md	h:arena/01a0814b-iips-production-market-data h:arena/01a0853c-iips-production-market-data h:arena/01a0853d h:arena/01a0853d-iips-production-market-data h:arena/01a0a438-iips-production-market-data h:arena/01a0ae80-iips-production-market-data h:arena/01a0bdb5-iips-production-market-data h:arena/01a0c440-iips-production-market-data h:arena/01a0c86d-iips-production-market-data h:p14-implementation-recovered h:windows/d114-stage5-banking-replay-observation t:p14-r7-65b78f7 t:portfolio-option-a-cb969	-,NO
a0fff245f3d0e10914e231c2f47242637c99c3a6	docs/INCIDENT-03_EXISTING_IIPS_COMMIT_LOSS.md	h:arena/01a0814b-iips-production-market-data h:arena/01a0853c-iips-production-market-data h:arena/01a0853d h:arena/01a0853d-iips-production-market-data h:arena/01a0a438-iips-production-market-data h:arena/01a0ae80-iips-production-market-data h:arena/01a0bdb5-iips-production-market-data h:arena/01a0c440-iips-production-market-data h:arena/01a0c86d-iips-production-market-data h:p14-implementation-recovered h:windows/d114-stage5-banking-replay-observation t:p14-r7-65b78f7 t:portfolio-option-a-cb969	-,NO
ef31f4d57683f114ceae7bcaf241ace1f04874bc	docs/P09_ENTRY_ASSESSMENT.md	h:arena/01a0814b-iips-production-market-data h:arena/01a0853d-iips-production-market-data h:arena/01a0a438-iips-production-market-data h:arena/01a0ae80-iips-production-market-data h:arena/01a0bdb5-iips-production-market-data h:arena/01a0c440-iips-production-market-data h:arena/01a0c86d-iips-production-market-data h:p14-implementation-recovered h:windows/d114-stage5-banking-replay-observation t:p14-r7-65b78f7 t:portfolio-option-a-cb969b6 t:post-cleanup-baseline-b46b4f4 t:temporary-cleanup-caf73ba	-,NO
458fa39ff980e6c1d35377ac9030398c10c765d8	docs/P09_P16_GATE_MODEL_RECONCILIATION.md	h:arena/01a0814b-iips-production-market-data h:arena/01a0853d-iips-production-market-data h:arena/01a0a438-iips-production-market-data h:arena/01a0ae80-iips-production-market-data h:arena/01a0bdb5-iips-production-market-data h:arena/01a0c440-iips-production-market-data h:arena/01a0c86d-iips-production-market-data h:windows/d114-stage5-banking-replay-observation t:p14-r7-65b78f7 t:portfolio-option-a-cb969b6 t:post-cleanup-baseline-b46b4f4 t:temporary-cleanup-caf73ba	-,NO
5fbb4b5039707b9ec506c4abd29d462dbb35ac2c	docs/P11_ENTRY_ASSESSMENT.md	h:arena/01a0814b-iips-production-market-data h:arena/01a0853d-iips-production-market-data h:arena/01a0a438-iips-production-market-data h:arena/01a0ae80-iips-production-market-data h:arena/01a0bdb5-iips-production-market-data h:arena/01a0c440-iips-production-market-data h:arena/01a0c86d-iips-production-market-data h:p14-implementation-recovered h:windows/d114-stage5-banking-replay-observation t:p14-r7-65b78f7 t:portfolio-option-a-cb969b6 t:post-cleanup-baseline-b46b4f4 t:temporary-cleanup-caf73ba	-,NO
cdcbde284610dd62445a32bdbba7e1689d6788db	docs/P12_ENTRY_ASSESSMENT.md	h:arena/01a0814b-iips-production-market-data h:arena/01a0853d-iips-production-market-data h:arena/01a0a438-iips-production-market-data h:arena/01a0ae80-iips-production-market-data h:arena/01a0bdb5-iips-production-market-data h:arena/01a0c440-iips-production-market-data h:arena/01a0c86d-iips-production-market-data h:p14-implementation-recovered h:windows/d114-stage5-banking-replay-observation t:p14-r7-65b78f7 t:portfolio-option-a-cb969b6 t:post-cleanup-baseline-b46b4f4 t:temporary-cleanup-caf73ba	-,NO
7e42d40ac06fa4064163b6242699ec186c30ada6	docs/P13B_IMPLEMENTATION_EVIDENCE.md	h:arena/01a0814b-iips-production-market-data h:arena/01a0a438-iips-production-market-data h:arena/01a0ae80-iips-production-market-data h:arena/01a0bdb5-iips-production-market-data h:arena/01a0c440-iips-production-market-data h:arena/01a0c86d-iips-production-market-data h:windows/d114-stage5-banking-replay-observation t:p14-r7-65b78f7 t:portfolio-option-a-cb969b6 t:post-cleanup-baseline-b46b4f4 t:temporary-cleanup-caf73ba	-,NO
495ae8c39e801ae10af706e976f5590a089422ff	docs/P13_ENTRY_ASSESSMENT.md	h:arena/01a0814b-iips-production-market-data h:arena/01a0853d-iips-production-market-data h:arena/01a0a438-iips-production-market-data h:arena/01a0ae80-iips-production-market-data h:arena/01a0bdb5-iips-production-market-data h:arena/01a0c440-iips-production-market-data h:arena/01a0c86d-iips-production-market-data h:p14-implementation-recovered h:windows/d114-stage5-banking-replay-observation t:p14-r7-65b78f7 t:portfolio-option-a-cb969b6 t:post-cleanup-baseline-b46b4f4 t:temporary-cleanup-caf73ba	-,NO
b63159973b9a74afc61147b6087b1867c433d864	docs/P13_P14_RECONCILIATION_ACT.md	h:arena/01a0814b-iips-production-market-data h:arena/01a0853d-iips-production-market-data h:arena/01a0a438-iips-production-market-data h:arena/01a0ae80-iips-production-market-data h:arena/01a0bdb5-iips-production-market-data h:arena/01a0c440-iips-production-market-data h:arena/01a0c86d-iips-production-market-data h:windows/d114-stage5-banking-replay-observation t:p14-r7-65b78f7 t:portfolio-option-a-cb969b6 t:post-cleanup-baseline-b46b4f4 t:temporary-cleanup-caf73ba	-,NO
e9919665af5f78f7c80a2e07cbfc01f0c02ef1fd	docs/P13_UI_SURFACE_COMPONENT_RECONCILIATION.md	h:arena/01a0814b-iips-production-market-data h:arena/01a0a438-iips-production-market-data h:arena/01a0ae80-iips-production-market-data h:arena/01a0bdb5-iips-production-market-data h:arena/01a0c440-iips-production-market-data h:arena/01a0c86d-iips-production-market-data h:windows/d114-stage5-banking-replay-observation t:p14-r7-65b78f7 t:portfolio-option-a-cb969b6 t:post-cleanup-baseline-b46b4f4 t:temporary-cleanup-caf73ba	-,NO
c278549a8e81a1009207e074384a57be6fdb27fe	docs/P14_ENTRY_ASSESSMENT.md	h:arena/01a0814b-iips-production-market-data h:arena/01a0853d-iips-production-market-data h:arena/01a0a438-iips-production-market-data h:arena/01a0ae80-iips-production-market-data h:arena/01a0bdb5-iips-production-market-data h:arena/01a0c440-iips-production-market-data h:arena/01a0c86d-iips-production-market-data h:p14-implementation-recovered h:windows/d114-stage5-banking-replay-observation t:p14-r7-65b78f7 t:portfolio-option-a-cb969b6 t:post-cleanup-baseline-b46b4f4 t:temporary-cleanup-caf73ba	-,NO
cbaf5a4cc0630fc996817dfb5973f0633bb8bd5e	docs/P14_IMPLEMENTATION_COMPLETION.md	h:arena/01a0814b-iips-production-market-data h:arena/01a0853d-iips-production-market-data h:arena/01a0a438-iips-production-market-data h:arena/01a0ae80-iips-production-market-data h:arena/01a0bdb5-iips-production-market-data h:arena/01a0c440-iips-production-market-data h:arena/01a0c86d-iips-production-market-data h:p14-implementation-recovered h:windows/d114-stage5-banking-replay-observation t:p14-r7-65b78f7 t:portfolio-option-a-cb969b6 t:post-cleanup-baseline-b46b4f4 t:temporary-cleanup-caf73ba	-,NO
920a8a7e6d7e4cce957820bddcb3021e44ec77c0	docs/P15_A3_DESIGNATION.md	h:arena/01a0814b-iips-production-market-data h:arena/01a0853d-iips-production-market-data h:arena/01a0a438-iips-production-market-data h:arena/01a0ae80-iips-production-market-data h:arena/01a0bdb5-iips-production-market-data h:arena/01a0c440-iips-production-market-data h:arena/01a0c86d-iips-production-market-data h:windows/d114-stage5-banking-replay-observation t:p14-r7-65b78f7 t:portfolio-option-a-cb969b6 t:post-cleanup-baseline-b46b4f4 t:temporary-cleanup-caf73ba	-,NO
8f61476797875f13e42c8fc6f267319d1dd3c41b	docs/P15_CLOSURE_REPORT.md	h:arena/01a0814b-iips-production-market-data h:arena/01a0853d-iips-production-market-data h:arena/01a0a438-iips-production-market-data h:arena/01a0ae80-iips-production-market-data h:arena/01a0bdb5-iips-production-market-data h:arena/01a0c440-iips-production-market-data h:arena/01a0c86d-iips-production-market-data h:m1-ad4-repair h:windows/d114-stage5-banking-replay-observation t:p14-r7-65b78f7 t:portfolio-option-a-cb969b6 t:post-cleanup-baseline-b46b4f4 t:temporary-cleanup-caf73ba	-,NO
799b3bf94e5c295a5f2e129ac4fd9d508203df25	docs/P15_CORRECTIVE_IMPLEMENTATION_REPORT.md	h:arena/01a0814b-iips-production-market-data h:arena/01a0853d-iips-production-market-data h:arena/01a0a438-iips-production-market-data h:arena/01a0ae80-iips-production-market-data h:arena/01a0bdb5-iips-production-market-data h:arena/01a0c440-iips-production-market-data h:arena/01a0c86d-iips-production-market-data h:windows/d114-stage5-banking-replay-observation t:p14-r7-65b78f7 t:portfolio-option-a-cb969b6 t:post-cleanup-baseline-b46b4f4 t:temporary-cleanup-caf73ba	-,NO
d9b97103c1d3a9c585e7aa8ccf13a43ab2f16c5b	docs/P15_ENTRY_R1_ASSESSMENT.md	h:arena/01a0814b-iips-production-market-data h:arena/01a0853d-iips-production-market-data h:arena/01a0a438-iips-production-market-data h:arena/01a0ae80-iips-production-market-data h:arena/01a0bdb5-iips-production-market-data h:arena/01a0c440-iips-production-market-data h:arena/01a0c86d-iips-production-market-data h:windows/d114-stage5-banking-replay-observation t:p14-r7-65b78f7 t:portfolio-option-a-cb969b6 t:post-cleanup-baseline-b46b4f4 t:temporary-cleanup-caf73ba	-,NO
2c44f02d55629b45b3256f9cb3171f0b9bb232d6	docs/P15_IMPLEMENTATION_AUTHORIZATION.md	h:arena/01a0814b-iips-production-market-data h:arena/01a0853d-iips-production-market-data h:arena/01a0a438-iips-production-market-data h:arena/01a0ae80-iips-production-market-data h:arena/01a0bdb5-iips-production-market-data h:arena/01a0c440-iips-production-market-data h:arena/01a0c86d-iips-production-market-data h:windows/d114-stage5-banking-replay-observation t:p14-r7-65b78f7 t:portfolio-option-a-cb969b6 t:post-cleanup-baseline-b46b4f4 t:temporary-cleanup-caf73ba	-,NO
0ef5a05d726a754d4fae8e2f394f36d08e25f0f3	docs/P15_IMPLEMENTATION_REPORT.md	h:arena/01a0814b-iips-production-market-data h:arena/01a0853d-iips-production-market-data h:arena/01a0a438-iips-production-market-data h:arena/01a0ae80-iips-production-market-data h:arena/01a0bdb5-iips-production-market-data h:arena/01a0c440-iips-production-market-data h:arena/01a0c86d-iips-production-market-data h:windows/d114-stage5-banking-replay-observation t:p14-r7-65b78f7 t:portfolio-option-a-cb969b6 t:post-cleanup-baseline-b46b4f4 t:temporary-cleanup-caf73ba	-,NO
0e479cfc413c5e5a2367d1726d44d14a3a965a27	docs/P15_SCOPE_DEFINITION.md	h:arena/01a0814b-iips-production-market-data h:arena/01a0853d-iips-production-market-data h:arena/01a0a438-iips-production-market-data h:arena/01a0ae80-iips-production-market-data h:arena/01a0bdb5-iips-production-market-data h:arena/01a0c440-iips-production-market-data h:arena/01a0c86d-iips-production-market-data h:windows/d114-stage5-banking-replay-observation t:p14-r7-65b78f7 t:portfolio-option-a-cb969b6 t:post-cleanup-baseline-b46b4f4 t:temporary-cleanup-caf73ba	-,NO
b2e3813e02e00651990483e82d629e050d61361f	docs/P16_A2_CERTIFICATION.md	h:arena/01a0814b-iips-production-market-data h:arena/01a0853d-iips-production-market-data h:arena/01a0a438-iips-production-market-data h:arena/01a0ae80-iips-production-market-data h:arena/01a0bdb5-iips-production-market-data h:arena/01a0c440-iips-production-market-data h:arena/01a0c86d-iips-production-market-data h:windows/d114-stage5-banking-replay-observation t:p14-r7-65b78f7 t:portfolio-option-a-cb969b6 t:post-cleanup-baseline-b46b4f4 t:temporary-cleanup-caf73ba	-,NO
de5104b86471c1d67cf7a0e5151c42a091e7e8e7	docs/P16_A2_DESIGNATION.md	h:arena/01a0814b-iips-production-market-data h:arena/01a0853d-iips-production-market-data h:arena/01a0a438-iips-production-market-data h:arena/01a0ae80-iips-production-market-data h:arena/01a0bdb5-iips-production-market-data h:arena/01a0c440-iips-production-market-data h:arena/01a0c86d-iips-production-market-data h:windows/d114-stage5-banking-replay-observation t:p14-r7-65b78f7 t:portfolio-option-a-cb969b6 t:post-cleanup-baseline-b46b4f4 t:temporary-cleanup-caf73ba	-,NO
b5f19fc763ae4f4f6adc8b37c0835bb2775eeee8	docs/P16_A3_ACCEPTANCE.md	h:arena/01a0814b-iips-production-market-data h:arena/01a0853d-iips-production-market-data h:arena/01a0a438-iips-production-market-data h:arena/01a0ae80-iips-production-market-data h:arena/01a0bdb5-iips-production-market-data h:arena/01a0c440-iips-production-market-data h:arena/01a0c86d-iips-production-market-data h:windows/d114-stage5-banking-replay-observation t:p14-r7-65b78f7 t:portfolio-option-a-cb969b6 t:post-cleanup-baseline-b46b4f4 t:temporary-cleanup-caf73ba	-,NO
fdb672e6de43227050a883ec4af79d69d9f42e73	docs/P16_A3_DESIGNATION.md	h:arena/01a0814b-iips-production-market-data h:arena/01a0853d-iips-production-market-data h:arena/01a0a438-iips-production-market-data h:arena/01a0ae80-iips-production-market-data h:arena/01a0bdb5-iips-production-market-data h:arena/01a0c440-iips-production-market-data h:arena/01a0c86d-iips-production-market-data h:windows/d114-stage5-banking-replay-observation t:p14-r7-65b78f7 t:portfolio-option-a-cb969b6 t:post-cleanup-baseline-b46b4f4 t:temporary-cleanup-caf73ba	-,NO
456310686f02ee919214c61f2a6e4623714b6b6f	docs/P16_A4_ACTIVATION_CONTROL.md	h:arena/01a0814b-iips-production-market-data h:arena/01a0853d-iips-production-market-data h:arena/01a0a438-iips-production-market-data h:arena/01a0ae80-iips-production-market-data h:arena/01a0bdb5-iips-production-market-data h:arena/01a0c440-iips-production-market-data h:arena/01a0c86d-iips-production-market-data h:windows/d114-stage5-banking-replay-observation t:p14-r7-65b78f7 t:portfolio-option-a-cb969b6 t:post-cleanup-baseline-b46b4f4 t:temporary-cleanup-caf73ba	-,NO
bb0d159903ea05bf560cb95600100b288d04d6d9	docs/P16_A4_DESIGNATION.md	h:arena/01a0814b-iips-production-market-data h:arena/01a0853d-iips-production-market-data h:arena/01a0a438-iips-production-market-data h:arena/01a0ae80-iips-production-market-data h:arena/01a0bdb5-iips-production-market-data h:arena/01a0c440-iips-production-market-data h:arena/01a0c86d-iips-production-market-data h:windows/d114-stage5-banking-replay-observation t:p14-r7-65b78f7 t:portfolio-option-a-cb969b6 t:post-cleanup-baseline-b46b4f4 t:temporary-cleanup-caf73ba	-,NO
6c6de3bb0c0b1bb6edd07af50ea9354bac7e5b1b	docs/P16_CLOSURE.md	h:arena/01a0814b-iips-production-market-data h:arena/01a0853d-iips-production-market-data h:arena/01a0a438-iips-production-market-data h:arena/01a0ae80-iips-production-market-data h:arena/01a0bdb5-iips-production-market-data h:arena/01a0c440-iips-production-market-data h:arena/01a0c86d-iips-production-market-data h:windows/d114-stage5-banking-replay-observation t:p14-r7-65b78f7 t:portfolio-option-a-cb969b6 t:post-cleanup-baseline-b46b4f4 t:temporary-cleanup-caf73ba	-,NO
c38bc265acf885a8d70ecf387406e827b52272ba	docs/P16_ENTRY_AUTHORIZATION.md	h:arena/01a0814b-iips-production-market-data h:arena/01a0853d-iips-production-market-data h:arena/01a0a438-iips-production-market-data h:arena/01a0ae80-iips-production-market-data h:arena/01a0bdb5-iips-production-market-data h:arena/01a0c440-iips-production-market-data h:arena/01a0c86d-iips-production-market-data h:windows/d114-stage5-banking-replay-observation t:p14-r7-65b78f7 t:portfolio-option-a-cb969b6 t:post-cleanup-baseline-b46b4f4 t:temporary-cleanup-caf73ba	-,NO
7adb4cbd2537b52db4ee65fac2db9935ff68e80d	docs/P16_IMPLEMENTATION_AUTHORIZATION.md	h:arena/01a0814b-iips-production-market-data h:arena/01a0853d-iips-production-market-data h:arena/01a0a438-iips-production-market-data h:arena/01a0ae80-iips-production-market-data h:arena/01a0bdb5-iips-production-market-data h:arena/01a0c440-iips-production-market-data h:arena/01a0c86d-iips-production-market-data h:windows/d114-stage5-banking-replay-observation t:p14-r7-65b78f7 t:portfolio-option-a-cb969b6 t:post-cleanup-baseline-b46b4f4 t:temporary-cleanup-caf73ba	-,NO
5c0ee48a3046d5deef165da4c0437f6454628244	docs/P16_IMPLEMENTATION_REPORT.md	h:arena/01a0814b-iips-production-market-data h:arena/01a0853d-iips-production-market-data h:arena/01a0a438-iips-production-market-data h:arena/01a0ae80-iips-production-market-data h:arena/01a0bdb5-iips-production-market-data h:arena/01a0c440-iips-production-market-data h:arena/01a0c86d-iips-production-market-data h:windows/d114-stage5-banking-replay-observation t:p14-r7-65b78f7 t:portfolio-option-a-cb969b6 t:post-cleanup-baseline-b46b4f4 t:temporary-cleanup-caf73ba	-,NO
af0488b2395aa48e97429f7a7c0041530a3e4601	docs/PHASE_07_A3_P07_DESIGNATION.md	h:arena/01a0814b-iips-production-market-data h:arena/01a0853d h:arena/01a0853d-iips-production-market-data h:arena/01a0a438-iips-production-market-data h:arena/01a0ae80-iips-production-market-data h:arena/01a0bdb5-iips-production-market-data h:arena/01a0c440-iips-production-market-data h:arena/01a0c86d-iips-production-market-data h:p14-implementation-recovered h:windows/d114-stage5-banking-replay-observation t:p14-r7-65b78f7 t:portfolio-option-a-cb969b6 t:post-cleanup-baseline-b46b4f4 t:temporar	-,NO
de5efea9428ed25187e9a383a01c9e0e31fedcc0	docs/PHASE_07_ACT2_A3_DESIGNATION.md	h:arena/01a0814b-iips-production-market-data h:arena/01a0853c-iips-production-market-data h:arena/01a0853d h:arena/01a0853d-iips-production-market-data h:arena/01a0a438-iips-production-market-data h:arena/01a0ae80-iips-production-market-data h:arena/01a0bdb5-iips-production-market-data h:arena/01a0c440-iips-production-market-data h:arena/01a0c86d-iips-production-market-data h:p14-implementation-recovered h:windows/d114-stage5-banking-replay-observation t:p14-r7-65b78f7 t:portfolio-option-a-cb969	-,NO
25209f1b99b5ab7f5865179b48f34cf165ae5b9e	docs/PHASE_07_ACT2_AMENDMENT_AUTHORIZATION.md	h:arena/01a0814b-iips-production-market-data h:arena/01a0853c-iips-production-market-data h:arena/01a0853d h:arena/01a0853d-iips-production-market-data h:arena/01a0a438-iips-production-market-data h:arena/01a0ae80-iips-production-market-data h:arena/01a0bdb5-iips-production-market-data h:arena/01a0c440-iips-production-market-data h:arena/01a0c86d-iips-production-market-data h:p14-implementation-recovered h:windows/d114-stage5-banking-replay-observation t:p14-r7-65b78f7 t:portfolio-option-a-cb969	-,NO
bd64adf627bfde9d8fb7125ed236d64f67d17146	docs/PHASE_07_ACT2_DURATION_UNIT_AUTHORITY_PATH.md	h:arena/01a0814b-iips-production-market-data h:arena/01a0853c-iips-production-market-data h:arena/01a0853d h:arena/01a0853d-iips-production-market-data h:arena/01a0a438-iips-production-market-data h:arena/01a0ae80-iips-production-market-data h:arena/01a0bdb5-iips-production-market-data h:arena/01a0c440-iips-production-market-data h:arena/01a0c86d-iips-production-market-data h:p14-implementation-recovered h:windows/d114-stage5-banking-replay-observation t:p14-r7-65b78f7 t:portfolio-option-a-cb969	-,NO
9831d5ff42b406c5362326e997245297ed9ff12b	docs/PHASE_07_ACT2_ESTABLISHMENT.md	h:arena/01a0814b-iips-production-market-data h:arena/01a0853d h:arena/01a0853d-iips-production-market-data h:arena/01a0a438-iips-production-market-data h:arena/01a0ae80-iips-production-market-data h:arena/01a0bdb5-iips-production-market-data h:arena/01a0c440-iips-production-market-data h:arena/01a0c86d-iips-production-market-data h:p14-implementation-recovered h:windows/d114-stage5-banking-replay-observation t:p14-r7-65b78f7 t:portfolio-option-a-cb969b6 t:post-cleanup-baseline-b46b4f4 t:temporar	-,NO
1d9071e8c3a0ed88419d68257a020183422363c2	docs/PHASE_07_ACT2_REACCEPTANCE.md	h:arena/01a0814b-iips-production-market-data h:arena/01a0853d h:arena/01a0853d-iips-production-market-data h:arena/01a0a438-iips-production-market-data h:arena/01a0ae80-iips-production-market-data h:arena/01a0bdb5-iips-production-market-data h:arena/01a0c440-iips-production-market-data h:arena/01a0c86d-iips-production-market-data h:p14-implementation-recovered h:windows/d114-stage5-banking-replay-observation t:p14-r7-65b78f7 t:portfolio-option-a-cb969b6 t:post-cleanup-baseline-b46b4f4 t:temporar	-,NO
126eea361328117f95f17c15677cb9053942573d	docs/PHASE_07_ACT3_ACCEPTANCE.md	h:arena/01a0814b-iips-production-market-data h:arena/01a0853d h:arena/01a0853d-iips-production-market-data h:arena/01a0a438-iips-production-market-data h:arena/01a0ae80-iips-production-market-data h:arena/01a0bdb5-iips-production-market-data h:arena/01a0c440-iips-production-market-data h:arena/01a0c86d-iips-production-market-data h:p14-implementation-recovered h:windows/d114-stage5-banking-replay-observation t:p14-r7-65b78f7 t:portfolio-option-a-cb969b6 t:post-cleanup-baseline-b46b4f4 t:temporar	-,NO
0be86192f3526f66b7940f8ffa1824c8d22dabf1	docs/PHASE_07_ACT4_RECONCILIATION.md	h:arena/01a0814b-iips-production-market-data h:arena/01a0853d h:arena/01a0853d-iips-production-market-data h:arena/01a0a438-iips-production-market-data h:arena/01a0ae80-iips-production-market-data h:arena/01a0bdb5-iips-production-market-data h:arena/01a0c440-iips-production-market-data h:arena/01a0c86d-iips-production-market-data h:p14-implementation-recovered h:windows/d114-stage5-banking-replay-observation t:p14-r7-65b78f7 t:portfolio-option-a-cb969b6 t:post-cleanup-baseline-b46b4f4 t:temporar	-,NO
995637a34fb980bb59006fec01c288a59b1044e0	docs/PHASE_07_ACT5_VALUE_ADOPTION.md	h:arena/01a0814b-iips-production-market-data h:arena/01a0853d h:arena/01a0853d-iips-production-market-data h:arena/01a0a438-iips-production-market-data h:arena/01a0ae80-iips-production-market-data h:arena/01a0bdb5-iips-production-market-data h:arena/01a0c440-iips-production-market-data h:arena/01a0c86d-iips-production-market-data h:p14-implementation-recovered h:windows/d114-stage5-banking-replay-observation t:p14-r7-65b78f7 t:portfolio-option-a-cb969b6 t:post-cleanup-baseline-b46b4f4 t:temporar	-,NO
8363b33eabe68bc831120303179d0e721ba47d34	docs/PHASE_07_ACT6_5S_OWNERSHIP.md	h:arena/01a0814b-iips-production-market-data h:arena/01a0853d h:arena/01a0853d-iips-production-market-data h:arena/01a0a438-iips-production-market-data h:arena/01a0ae80-iips-production-market-data h:arena/01a0bdb5-iips-production-market-data h:arena/01a0c440-iips-production-market-data h:arena/01a0c86d-iips-production-market-data h:p14-implementation-recovered h:windows/d114-stage5-banking-replay-observation t:p14-r7-65b78f7 t:portfolio-option-a-cb969b6 t:post-cleanup-baseline-b46b4f4 t:temporar	-,NO
c214a87f5572e5740c0834623e072b5af8ad7f5c	docs/PHASE_07_CERTIFICATION_DECISION.md	h:arena/01a0814b-iips-production-market-data h:arena/01a0853d h:arena/01a0853d-iips-production-market-data h:arena/01a0a438-iips-production-market-data h:arena/01a0ae80-iips-production-market-data h:arena/01a0bdb5-iips-production-market-data h:arena/01a0c440-iips-production-market-data h:arena/01a0c86d-iips-production-market-data h:p14-implementation-recovered h:windows/d114-stage5-banking-replay-observation t:p14-r7-65b78f7 t:portfolio-option-a-cb969b6 t:post-cleanup-baseline-b46b4f4 t:temporar	-,NO
808c6de1cf15b1a90c1f4bbdc7a46b7fb4b946e6	docs/PHASE_07_D3_AUTHORITY_INPUTS.md	h:arena/01a0814b-iips-production-market-data h:arena/01a0853d h:arena/01a0853d-iips-production-market-data h:arena/01a0a438-iips-production-market-data h:arena/01a0ae80-iips-production-market-data h:arena/01a0bdb5-iips-production-market-data h:arena/01a0c440-iips-production-market-data h:arena/01a0c86d-iips-production-market-data h:p14-implementation-recovered h:windows/d114-stage5-banking-replay-observation t:p14-r7-65b78f7 t:portfolio-option-a-cb969b6 t:post-cleanup-baseline-b46b4f4 t:temporar	-,NO
6384c8412703a3b4e08496bad8e90bccd5a16fff	docs/PHASE_07_D3_AUTHORITY_SUPPLY_ACT2.md	h:arena/01a0814b-iips-production-market-data h:arena/01a0853d h:arena/01a0853d-iips-production-market-data h:arena/01a0a438-iips-production-market-data h:arena/01a0ae80-iips-production-market-data h:arena/01a0bdb5-iips-production-market-data h:arena/01a0c440-iips-production-market-data h:arena/01a0c86d-iips-production-market-data h:p14-implementation-recovered h:windows/d114-stage5-banking-replay-observation t:p14-r7-65b78f7 t:portfolio-option-a-cb969b6 t:post-cleanup-baseline-b46b4f4 t:temporar	-,NO
a6d736df99765a5fb14e46d58d954687dd1d0b11	docs/PHASE_07_D3_AUTHORITY_SUPPLY_ACT3.md	h:arena/01a0814b-iips-production-market-data h:arena/01a0853d h:arena/01a0853d-iips-production-market-data h:arena/01a0a438-iips-production-market-data h:arena/01a0ae80-iips-production-market-data h:arena/01a0bdb5-iips-production-market-data h:arena/01a0c440-iips-production-market-data h:arena/01a0c86d-iips-production-market-data h:p14-implementation-recovered h:windows/d114-stage5-banking-replay-observation t:p14-r7-65b78f7 t:portfolio-option-a-cb969b6 t:post-cleanup-baseline-b46b4f4 t:temporar	-,NO
d5d85121e746d9023c7bf40b19df7455061470bb	docs/PHASE_07_D3_O1_RECONCILIATION.md	h:arena/01a0814b-iips-production-market-data h:arena/01a0853d h:arena/01a0853d-iips-production-market-data h:arena/01a0a438-iips-production-market-data h:arena/01a0ae80-iips-production-market-data h:arena/01a0bdb5-iips-production-market-data h:arena/01a0c440-iips-production-market-data h:arena/01a0c86d-iips-production-market-data h:p14-implementation-recovered h:windows/d114-stage5-banking-replay-observation t:p14-r7-65b78f7 t:portfolio-option-a-cb969b6 t:post-cleanup-baseline-b46b4f4 t:temporar	-,NO
17c65a5dde6532efad7dd772802f30e66dc9c11d	docs/PHASE_07_O2_ACT_C_RESOLUTION_POLICY.md	h:arena/01a0814b-iips-production-market-data h:arena/01a0853d h:arena/01a0853d-iips-production-market-data h:arena/01a0a438-iips-production-market-data h:arena/01a0ae80-iips-production-market-data h:arena/01a0bdb5-iips-production-market-data h:arena/01a0c440-iips-production-market-data h:arena/01a0c86d-iips-production-market-data h:p14-implementation-recovered h:windows/d114-stage5-banking-replay-observation t:p14-r7-65b78f7 t:portfolio-option-a-cb969b6 t:post-cleanup-baseline-b46b4f4 t:temporar	-,NO
21fc0964b7563282b5611ffe0810990dad44e562	docs/PHASE_07_O3_ACT_A_DESIGNATION.md	h:arena/01a0814b-iips-production-market-data h:arena/01a0853d h:arena/01a0853d-iips-production-market-data h:arena/01a0a438-iips-production-market-data h:arena/01a0ae80-iips-production-market-data h:arena/01a0bdb5-iips-production-market-data h:arena/01a0c440-iips-production-market-data h:arena/01a0c86d-iips-production-market-data h:p14-implementation-recovered h:windows/d114-stage5-banking-replay-observation t:p14-r7-65b78f7 t:portfolio-option-a-cb969b6 t:post-cleanup-baseline-b46b4f4 t:temporar	-,NO
70ff1debb2ae288b48aeda19458fb06025f80e15	docs/PHASE_07_O3_ACT_B_DEFERRAL.md	h:arena/01a0814b-iips-production-market-data h:arena/01a0853d h:arena/01a0853d-iips-production-market-data h:arena/01a0a438-iips-production-market-data h:arena/01a0ae80-iips-production-market-data h:arena/01a0bdb5-iips-production-market-data h:arena/01a0c440-iips-production-market-data h:arena/01a0c86d-iips-production-market-data h:p14-implementation-recovered h:windows/d114-stage5-banking-replay-observation t:p14-r7-65b78f7 t:portfolio-option-a-cb969b6 t:post-cleanup-baseline-b46b4f4 t:temporar	-,NO
4cea359b2dbf7abdce148fd183d7361018f44811	docs/PHASE_07_O3_ACT_B_SELECTION.md	h:arena/01a0814b-iips-production-market-data h:arena/01a0853d h:arena/01a0853d-iips-production-market-data h:arena/01a0a438-iips-production-market-data h:arena/01a0ae80-iips-production-market-data h:arena/01a0bdb5-iips-production-market-data h:arena/01a0c440-iips-production-market-data h:arena/01a0c86d-iips-production-market-data h:p14-implementation-recovered h:windows/d114-stage5-banking-replay-observation t:p14-r7-65b78f7 t:portfolio-option-a-cb969b6 t:post-cleanup-baseline-b46b4f4 t:temporar	-,NO
d7b256103b9f0f2512f6840a4f8746b791f91f20	docs/PHASE_07_O6_AUTHORITY_RECONCILIATION.md	h:arena/01a0814b-iips-production-market-data h:arena/01a0853d h:arena/01a0853d-iips-production-market-data h:arena/01a0a438-iips-production-market-data h:arena/01a0ae80-iips-production-market-data h:arena/01a0bdb5-iips-production-market-data h:arena/01a0c440-iips-production-market-data h:arena/01a0c86d-iips-production-market-data h:p14-implementation-recovered h:windows/d114-stage5-banking-replay-observation t:p14-r7-65b78f7 t:portfolio-option-a-cb969b6 t:post-cleanup-baseline-b46b4f4 t:temporar	-,NO
47dea5c3c8b534e8cdf0d853d695c10afe320d6e	docs/PHASE_07_OPERATIONAL_STATE_CONTRACT.md	h:arena/01a0814b-iips-production-market-data h:arena/01a0853c-iips-production-market-data h:arena/01a0853d h:arena/01a0853d-iips-production-market-data h:arena/01a0a438-iips-production-market-data h:arena/01a0ae80-iips-production-market-data h:arena/01a0bdb5-iips-production-market-data h:arena/01a0c440-iips-production-market-data h:arena/01a0c86d-iips-production-market-data h:p14-implementation-recovered h:windows/d114-stage5-banking-replay-observation t:p14-r7-65b78f7 t:portfolio-option-a-cb969	-,NO
ebac16abe5870546eceb5a5ef6d3188cfa68f7ff	docs/PHASE_07_OVERALL_ACCEPTANCE.md	h:arena/01a0814b-iips-production-market-data h:arena/01a0853d h:arena/01a0853d-iips-production-market-data h:arena/01a0a438-iips-production-market-data h:arena/01a0ae80-iips-production-market-data h:arena/01a0bdb5-iips-production-market-data h:arena/01a0c440-iips-production-market-data h:arena/01a0c86d-iips-production-market-data h:p14-implementation-recovered h:windows/d114-stage5-banking-replay-observation t:p14-r7-65b78f7 t:portfolio-option-a-cb969b6 t:post-cleanup-baseline-b46b4f4 t:temporar	-,NO
5bde05260db37d87d7d1cc945fb5fa8b33091c5b	docs/PHASE_07_P01_AMENDMENT_AUTHORITY_PATH.md	h:arena/01a0814b-iips-production-market-data h:arena/01a0853c-iips-production-market-data h:arena/01a0853d h:arena/01a0853d-iips-production-market-data h:arena/01a0a438-iips-production-market-data h:arena/01a0ae80-iips-production-market-data h:arena/01a0bdb5-iips-production-market-data h:arena/01a0c440-iips-production-market-data h:arena/01a0c86d-iips-production-market-data h:p14-implementation-recovered h:windows/d114-stage5-banking-replay-observation t:p14-r7-65b78f7 t:portfolio-option-a-cb969	-,NO
9ce09fcfdce4864fb74818fd120c48ffbebdeaf5	docs/PHASE_07_P01_T6_AMENDMENT_AUTHORIZATION.md	h:arena/01a0814b-iips-production-market-data h:arena/01a0853c-iips-production-market-data h:arena/01a0853d h:arena/01a0853d-iips-production-market-data h:arena/01a0a438-iips-production-market-data h:arena/01a0ae80-iips-production-market-data h:arena/01a0bdb5-iips-production-market-data h:arena/01a0c440-iips-production-market-data h:arena/01a0c86d-iips-production-market-data h:p14-implementation-recovered h:windows/d114-stage5-banking-replay-observation t:p14-r7-65b78f7 t:portfolio-option-a-cb969	-,NO
e55585b43845d835c9dca3325e75301b588d8e08	docs/PHASE_07_P01_T6_REACCEPTANCE.md	h:arena/01a0814b-iips-production-market-data h:arena/01a0853c-iips-production-market-data h:arena/01a0853d h:arena/01a0853d-iips-production-market-data h:arena/01a0a438-iips-production-market-data h:arena/01a0ae80-iips-production-market-data h:arena/01a0bdb5-iips-production-market-data h:arena/01a0c440-iips-production-market-data h:arena/01a0c86d-iips-production-market-data h:p14-implementation-recovered h:windows/d114-stage5-banking-replay-observation t:p14-r7-65b78f7 t:portfolio-option-a-cb969	-,NO
88f4f5544480c410bc7777e0cc906ccb5d5e2073	docs/PHASE_07_P07_01_ACCEPTANCE.md	h:arena/01a0814b-iips-production-market-data h:arena/01a0853d h:arena/01a0853d-iips-production-market-data h:arena/01a0a438-iips-production-market-data h:arena/01a0ae80-iips-production-market-data h:arena/01a0bdb5-iips-production-market-data h:arena/01a0c440-iips-production-market-data h:arena/01a0c86d-iips-production-market-data h:p14-implementation-recovered h:windows/d114-stage5-banking-replay-observation t:p14-r7-65b78f7 t:portfolio-option-a-cb969b6 t:post-cleanup-baseline-b46b4f4 t:temporar	-,NO
6a235e80139e221173cf4a15ab7496e95c2ad961	docs/PHASE_07_P07_02_ACCEPTANCE.md	h:arena/01a0814b-iips-production-market-data h:arena/01a0853d h:arena/01a0853d-iips-production-market-data h:arena/01a0a438-iips-production-market-data h:arena/01a0ae80-iips-production-market-data h:arena/01a0bdb5-iips-production-market-data h:arena/01a0c440-iips-production-market-data h:arena/01a0c86d-iips-production-market-data h:p14-implementation-recovered h:windows/d114-stage5-banking-replay-observation t:p14-r7-65b78f7 t:portfolio-option-a-cb969b6 t:post-cleanup-baseline-b46b4f4 t:temporar	-,NO
dfe47560b8a7fee9e35250516927ee0533fbcd7d	docs/PHASE_07_P07_03_ACCEPTANCE.md	h:arena/01a0814b-iips-production-market-data h:arena/01a0853d h:arena/01a0853d-iips-production-market-data h:arena/01a0a438-iips-production-market-data h:arena/01a0ae80-iips-production-market-data h:arena/01a0bdb5-iips-production-market-data h:arena/01a0c440-iips-production-market-data h:arena/01a0c86d-iips-production-market-data h:p14-implementation-recovered h:windows/d114-stage5-banking-replay-observation t:p14-r7-65b78f7 t:portfolio-option-a-cb969b6 t:post-cleanup-baseline-b46b4f4 t:temporar	-,NO
b33f9e6185bf6e8607c08120af5f75671d06c257	docs/PHASE_07_P07_04_ACCEPTANCE.md	h:arena/01a0814b-iips-production-market-data h:arena/01a0853d h:arena/01a0853d-iips-production-market-data h:arena/01a0a438-iips-production-market-data h:arena/01a0ae80-iips-production-market-data h:arena/01a0bdb5-iips-production-market-data h:arena/01a0c440-iips-production-market-data h:arena/01a0c86d-iips-production-market-data h:p14-implementation-recovered h:windows/d114-stage5-banking-replay-observation t:p14-r7-65b78f7 t:portfolio-option-a-cb969b6 t:post-cleanup-baseline-b46b4f4 t:temporar	-,NO
19454da2baa50e73262c23f151ec4c581904cbb6	docs/PHASE_07_P07_IMPLEMENTATION_AUTHORIZATION.md	h:arena/01a0814b-iips-production-market-data h:arena/01a0853d h:arena/01a0853d-iips-production-market-data h:arena/01a0a438-iips-production-market-data h:arena/01a0ae80-iips-production-market-data h:arena/01a0bdb5-iips-production-market-data h:arena/01a0c440-iips-production-market-data h:arena/01a0c86d-iips-production-market-data h:p14-implementation-recovered h:windows/d114-stage5-banking-replay-observation t:p14-r7-65b78f7 t:portfolio-option-a-cb969b6 t:post-cleanup-baseline-b46b4f4 t:temporar	-,NO
1d49236b46fcad9fcc2b56b8ef9fe64d8cb6154a	docs/PHASE_07_T6_RECORD_IDENTIFIER_DISAMBIGUATION.md	h:arena/01a0814b-iips-production-market-data h:arena/01a0853c-iips-production-market-data h:arena/01a0853d h:arena/01a0853d-iips-production-market-data h:arena/01a0a438-iips-production-market-data h:arena/01a0ae80-iips-production-market-data h:arena/01a0bdb5-iips-production-market-data h:arena/01a0c440-iips-production-market-data h:arena/01a0c86d-iips-production-market-data h:p14-implementation-recovered h:windows/d114-stage5-banking-replay-observation t:p14-r7-65b78f7 t:portfolio-option-a-cb969	-,NO
785de167d3c039ee1bc182017b0f3df626e8ca6c	docs/PHASE_07_THRESHOLD_AUTHORITY_DESIGNATION.md	h:arena/01a0814b-iips-production-market-data h:arena/01a0853c-iips-production-market-data h:arena/01a0853d h:arena/01a0853d-iips-production-market-data h:arena/01a0a438-iips-production-market-data h:arena/01a0ae80-iips-production-market-data h:arena/01a0bdb5-iips-production-market-data h:arena/01a0c440-iips-production-market-data h:arena/01a0c86d-iips-production-market-data h:p14-implementation-recovered h:windows/d114-stage5-banking-replay-observation t:p14-r7-65b78f7 t:portfolio-option-a-cb969	-,NO
9217629add2135b2b81426586e8d0f9c35834f0e	docs/PHASE_07_THRESHOLD_AUTHORITY_PATH.md	h:arena/01a0814b-iips-production-market-data h:arena/01a0853c-iips-production-market-data h:arena/01a0853d h:arena/01a0853d-iips-production-market-data h:arena/01a0a438-iips-production-market-data h:arena/01a0ae80-iips-production-market-data h:arena/01a0bdb5-iips-production-market-data h:arena/01a0c440-iips-production-market-data h:arena/01a0c86d-iips-production-market-data h:p14-implementation-recovered h:windows/d114-stage5-banking-replay-observation t:p14-r7-65b78f7 t:portfolio-option-a-cb969	-,NO
05a19dc893fea7bb10d5ae87616a51eacf3480da	docs/PHASE_07_THRESHOLD_AUTHORITY_RECONCILIATION.md	h:arena/01a0814b-iips-production-market-data h:arena/01a0853c-iips-production-market-data h:arena/01a0853d h:arena/01a0853d-iips-production-market-data h:arena/01a0a438-iips-production-market-data h:arena/01a0ae80-iips-production-market-data h:arena/01a0bdb5-iips-production-market-data h:arena/01a0c440-iips-production-market-data h:arena/01a0c86d-iips-production-market-data h:p14-implementation-recovered h:windows/d114-stage5-banking-replay-observation t:p14-r7-65b78f7 t:portfolio-option-a-cb969	-,NO
911e4984f6f41b8583ddc00fed584279aa2ca27f	docs/PHASE_07_THRESHOLD_BLOCKER_ADJUDICATION.md	h:arena/01a0814b-iips-production-market-data h:arena/01a0853c-iips-production-market-data h:arena/01a0853d h:arena/01a0853d-iips-production-market-data h:arena/01a0a438-iips-production-market-data h:arena/01a0ae80-iips-production-market-data h:arena/01a0bdb5-iips-production-market-data h:arena/01a0c440-iips-production-market-data h:arena/01a0c86d-iips-production-market-data h:p14-implementation-recovered h:windows/d114-stage5-banking-replay-observation t:p14-r7-65b78f7 t:portfolio-option-a-cb969	-,NO
fe0845663d297bd885a93c0cca9f7ce33a6af39f	docs/PHASE_07_THRESHOLD_BUSINESS_CURRENCY_MAPPING.md	h:arena/01a0814b-iips-production-market-data h:arena/01a0853c-iips-production-market-data h:arena/01a0853d h:arena/01a0853d-iips-production-market-data h:arena/01a0a438-iips-production-market-data h:arena/01a0ae80-iips-production-market-data h:arena/01a0bdb5-iips-production-market-data h:arena/01a0c440-iips-production-market-data h:arena/01a0c86d-iips-production-market-data h:p14-implementation-recovered h:windows/d114-stage5-banking-replay-observation t:p14-r7-65b78f7 t:portfolio-option-a-cb969	-,NO
3a9082925ab85282cb391d17d740fb1d596a2934	docs/PHASE_07_THRESHOLD_CONTRACT_RESOLUTION.md	h:arena/01a0814b-iips-production-market-data h:arena/01a0853c-iips-production-market-data h:arena/01a0853d h:arena/01a0853d-iips-production-market-data h:arena/01a0a438-iips-production-market-data h:arena/01a0ae80-iips-production-market-data h:arena/01a0bdb5-iips-production-market-data h:arena/01a0c440-iips-production-market-data h:arena/01a0c86d-iips-production-market-data h:p14-implementation-recovered h:windows/d114-stage5-banking-replay-observation t:p14-r7-65b78f7 t:portfolio-option-a-cb969	-,NO
5acce86634e655812d77756429f50f2fb76650d7	docs/PHASE_07_THRESHOLD_D01_ADOPTION_READINESS.md	h:arena/01a0814b-iips-production-market-data h:arena/01a0853c-iips-production-market-data h:arena/01a0853d h:arena/01a0853d-iips-production-market-data h:arena/01a0a438-iips-production-market-data h:arena/01a0ae80-iips-production-market-data h:arena/01a0bdb5-iips-production-market-data h:arena/01a0c440-iips-production-market-data h:arena/01a0c86d-iips-production-market-data h:p14-implementation-recovered h:windows/d114-stage5-banking-replay-observation t:p14-r7-65b78f7 t:portfolio-option-a-cb969	-,NO
8014af48b3f14bf74175d4d90594846f5795c1df	docs/PHASE_07_THRESHOLD_DECISION_INPUT.md	h:arena/01a0814b-iips-production-market-data h:arena/01a0853c-iips-production-market-data h:arena/01a0853d h:arena/01a0853d-iips-production-market-data h:arena/01a0a438-iips-production-market-data h:arena/01a0ae80-iips-production-market-data h:arena/01a0bdb5-iips-production-market-data h:arena/01a0c440-iips-production-market-data h:arena/01a0c86d-iips-production-market-data h:p14-implementation-recovered h:windows/d114-stage5-banking-replay-observation t:p14-r7-65b78f7 t:portfolio-option-a-cb969	-,NO
6b59f602d87fb81ef76df4d7f98847d59f0c54f9	docs/PHASE_07_THRESHOLD_VALUE_MODEL.md	h:arena/01a0814b-iips-production-market-data h:arena/01a0853c-iips-production-market-data h:arena/01a0853d h:arena/01a0853d-iips-production-market-data h:arena/01a0a438-iips-production-market-data h:arena/01a0ae80-iips-production-market-data h:arena/01a0bdb5-iips-production-market-data h:arena/01a0c440-iips-production-market-data h:arena/01a0c86d-iips-production-market-data h:p14-implementation-recovered h:windows/d114-stage5-banking-replay-observation t:p14-r7-65b78f7 t:portfolio-option-a-cb969	-,NO
51ccdacedb82cdf7f78b3fd76ed106244520b004	docs/PHASE_08_GATE_ACCEPTANCE.md	h:arena/01a0814b-iips-production-market-data h:arena/01a0853d-iips-production-market-data h:arena/01a0a438-iips-production-market-data h:arena/01a0ae80-iips-production-market-data h:arena/01a0bdb5-iips-production-market-data h:arena/01a0c440-iips-production-market-data h:arena/01a0c86d-iips-production-market-data h:p14-implementation-recovered h:windows/d114-stage5-banking-replay-observation t:p14-r7-65b78f7 t:portfolio-option-a-cb969b6 t:post-cleanup-baseline-b46b4f4 t:temporary-cleanup-caf73ba	-,NO
6107be777d4b0abbe8bec24565b714f0e2a2b0aa	docs/PHASE_08_GATE_ACCEPTANCE_REVIEW.md	h:arena/01a0814b-iips-production-market-data h:arena/01a0853d-iips-production-market-data h:arena/01a0a438-iips-production-market-data h:arena/01a0ae80-iips-production-market-data h:arena/01a0bdb5-iips-production-market-data h:arena/01a0c440-iips-production-market-data h:arena/01a0c86d-iips-production-market-data h:p14-implementation-recovered h:windows/d114-stage5-banking-replay-observation t:p14-r7-65b78f7 t:portfolio-option-a-cb969b6 t:post-cleanup-baseline-b46b4f4 t:temporary-cleanup-caf73ba	-,NO
675374c244349a641e2f1b4bbc299383f9a51cf2	docs/PHASE_09_ACCEPTANCE.md	h:arena/01a0814b-iips-production-market-data h:arena/01a0853d-iips-production-market-data h:arena/01a0a438-iips-production-market-data h:arena/01a0ae80-iips-production-market-data h:arena/01a0bdb5-iips-production-market-data h:arena/01a0c440-iips-production-market-data h:arena/01a0c86d-iips-production-market-data h:p14-implementation-recovered h:windows/d114-stage5-banking-replay-observation t:p14-r7-65b78f7 t:portfolio-option-a-cb969b6 t:post-cleanup-baseline-b46b4f4 t:temporary-cleanup-caf73ba	-,NO
8211b28a126d4084a3bfc3d0fb00265e7cb74e89	docs/PHASE_09_CERTIFICATION_DECISION.md	h:arena/01a0814b-iips-production-market-data h:arena/01a0853d-iips-production-market-data h:arena/01a0a438-iips-production-market-data h:arena/01a0ae80-iips-production-market-data h:arena/01a0bdb5-iips-production-market-data h:arena/01a0c440-iips-production-market-data h:arena/01a0c86d-iips-production-market-data h:p14-implementation-recovered h:windows/d114-stage5-banking-replay-observation t:p14-r7-65b78f7 t:portfolio-option-a-cb969b6 t:post-cleanup-baseline-b46b4f4 t:temporary-cleanup-caf73ba	-,NO
68e26eca8fb1e19eb3880b1c7d378a5da231c738	docs/PHASE_10_CERTIFICATION_DECISION.md	h:arena/01a0814b-iips-production-market-data h:arena/01a0853d-iips-production-market-data h:arena/01a0a438-iips-production-market-data h:arena/01a0ae80-iips-production-market-data h:arena/01a0bdb5-iips-production-market-data h:arena/01a0c440-iips-production-market-data h:arena/01a0c86d-iips-production-market-data h:p14-implementation-recovered h:windows/d114-stage5-banking-replay-observation t:p14-r7-65b78f7 t:portfolio-option-a-cb969b6 t:post-cleanup-baseline-b46b4f4 t:temporary-cleanup-caf73ba	-,NO
c082c6fe4d90d5b0a01b191f9cfd267c3548e71b	docs/PHASE_10_GATE_ACCEPTANCE.md	h:arena/01a0814b-iips-production-market-data h:arena/01a0853d-iips-production-market-data h:arena/01a0a438-iips-production-market-data h:arena/01a0ae80-iips-production-market-data h:arena/01a0bdb5-iips-production-market-data h:arena/01a0c440-iips-production-market-data h:arena/01a0c86d-iips-production-market-data h:p14-implementation-recovered h:windows/d114-stage5-banking-replay-observation t:p14-r7-65b78f7 t:portfolio-option-a-cb969b6 t:post-cleanup-baseline-b46b4f4 t:temporary-cleanup-caf73ba	-,NO
07bfa83f92727a4fd2881e8610489ef5518c4814	docs/PHASE_11_CERTIFICATION_DECISION.md	h:arena/01a0814b-iips-production-market-data h:arena/01a0853d-iips-production-market-data h:arena/01a0a438-iips-production-market-data h:arena/01a0ae80-iips-production-market-data h:arena/01a0bdb5-iips-production-market-data h:arena/01a0c440-iips-production-market-data h:arena/01a0c86d-iips-production-market-data h:p14-implementation-recovered h:windows/d114-stage5-banking-replay-observation t:p14-r7-65b78f7 t:portfolio-option-a-cb969b6 t:post-cleanup-baseline-b46b4f4 t:temporary-cleanup-caf73ba	-,NO
7aaba801ec9bf07983e4b99dfaab166f8830d729	docs/PHASE_11_GATE_ACCEPTANCE.md	h:arena/01a0814b-iips-production-market-data h:arena/01a0853d-iips-production-market-data h:arena/01a0a438-iips-production-market-data h:arena/01a0ae80-iips-production-market-data h:arena/01a0bdb5-iips-production-market-data h:arena/01a0c440-iips-production-market-data h:arena/01a0c86d-iips-production-market-data h:p14-implementation-recovered h:windows/d114-stage5-banking-replay-observation t:p14-r7-65b78f7 t:portfolio-option-a-cb969b6 t:post-cleanup-baseline-b46b4f4 t:temporary-cleanup-caf73ba	-,NO
1f3d6cab5129fb8e476f8d681e09389b823d6d16	docs/PHASE_12_CERTIFICATION_DECISION.md	h:arena/01a0814b-iips-production-market-data h:arena/01a0853d-iips-production-market-data h:arena/01a0a438-iips-production-market-data h:arena/01a0ae80-iips-production-market-data h:arena/01a0bdb5-iips-production-market-data h:arena/01a0c440-iips-production-market-data h:arena/01a0c86d-iips-production-market-data h:p14-implementation-recovered h:windows/d114-stage5-banking-replay-observation t:p14-r7-65b78f7 t:portfolio-option-a-cb969b6 t:post-cleanup-baseline-b46b4f4 t:temporary-cleanup-caf73ba	-,NO
598b696fe617b9ef06b70b4613d23af8d5977754	docs/PHASE_12_GATE_ACCEPTANCE.md	h:arena/01a0814b-iips-production-market-data h:arena/01a0853d-iips-production-market-data h:arena/01a0a438-iips-production-market-data h:arena/01a0ae80-iips-production-market-data h:arena/01a0bdb5-iips-production-market-data h:arena/01a0c440-iips-production-market-data h:arena/01a0c86d-iips-production-market-data h:p14-implementation-recovered h:windows/d114-stage5-banking-replay-observation t:p14-r7-65b78f7 t:portfolio-option-a-cb969b6 t:post-cleanup-baseline-b46b4f4 t:temporary-cleanup-caf73ba	-,NO
6f3d0fd9e2918fad6835c1ef029ad53676d5975e	docs/PHASE_13_GATE_ACCEPTANCE.md	h:arena/01a0814b-iips-production-market-data h:arena/01a0853d-iips-production-market-data h:arena/01a0a438-iips-production-market-data h:arena/01a0ae80-iips-production-market-data h:arena/01a0bdb5-iips-production-market-data h:arena/01a0c440-iips-production-market-data h:arena/01a0c86d-iips-production-market-data h:p14-implementation-recovered h:windows/d114-stage5-banking-replay-observation t:p14-r7-65b78f7 t:portfolio-option-a-cb969b6 t:post-cleanup-baseline-b46b4f4 t:temporary-cleanup-caf73ba	-,NO
752d6cc05a1c95bd5377a1deda88b98751de202c	docs/PHASE_14_GATE_ACCEPTANCE.md	h:arena/01a0814b-iips-production-market-data h:arena/01a0853d-iips-production-market-data h:arena/01a0a438-iips-production-market-data h:arena/01a0ae80-iips-production-market-data h:arena/01a0bdb5-iips-production-market-data h:arena/01a0c440-iips-production-market-data h:arena/01a0c86d-iips-production-market-data h:windows/d114-stage5-banking-replay-observation t:p14-r7-65b78f7 t:portfolio-option-a-cb969b6 t:post-cleanup-baseline-b46b4f4 t:temporary-cleanup-caf73ba	-,NO
245a1af3c4a43f3ee8dddbcf29b2844eac55792a	docs/PROGRAM_STATE.md	h:arena/01a0814b-iips-production-market-data h:arena/01a0853c-iips-production-market-data h:arena/01a0853d h:arena/01a0853d-iips-production-market-data h:arena/01a0ae80-iips-production-market-data h:arena/01a0bdb5-iips-production-market-data h:arena/01a0c440-iips-production-market-data h:arena/01a0c86d-iips-production-market-data h:p14-implementation-recovered h:windows/d114-stage5-banking-replay-observation t:p14-r7-65b78f7 t:portfolio-option-a-cb969b6 t:post-cleanup-baseline-b46b4f4 t:temporar	-,NO
7fb62fa3b9206ebf29b3a2d805e4d5bffced50b6	docs/REPLAY_BASELINE_SOURCE_PROVENANCE.md	h:arena/01a0814b-iips-production-market-data h:arena/01a0853d-iips-production-market-data h:arena/01a0a438-iips-production-market-data h:arena/01a0ae80-iips-production-market-data h:arena/01a0bdb5-iips-production-market-data h:arena/01a0c440-iips-production-market-data h:arena/01a0c86d-iips-production-market-data h:windows/d114-stage5-banking-replay-observation t:p14-r7-65b78f7 t:portfolio-option-a-cb969b6 t:post-cleanup-baseline-b46b4f4 t:temporary-cleanup-caf73ba	-,NO
ee7179deb1fb338faa151a8de192575f8829703a	docs/UI_SOURCE_PROVENANCE.md	h:arena/01a0814b-iips-production-market-data h:arena/01a0853d-iips-production-market-data h:arena/01a0a438-iips-production-market-data h:arena/01a0ae80-iips-production-market-data h:arena/01a0bdb5-iips-production-market-data h:arena/01a0c440-iips-production-market-data h:arena/01a0c86d-iips-production-market-data h:windows/d114-stage5-banking-replay-observation t:p14-r7-65b78f7 t:portfolio-option-a-cb969b6 t:post-cleanup-baseline-b46b4f4 t:temporary-cleanup-caf73ba	-,NO
d7aea09784a609e00ef7363866e404ee6b4ecd41	docs/WINDOWS_UI_VERIFICATION.md	h:arena/01a0814b-iips-production-market-data h:arena/01a0853d-iips-production-market-data h:arena/01a0a438-iips-production-market-data h:arena/01a0ae80-iips-production-market-data h:arena/01a0bdb5-iips-production-market-data h:arena/01a0c440-iips-production-market-data h:arena/01a0c86d-iips-production-market-data h:windows/d114-stage5-banking-replay-observation t:p14-r7-65b78f7 t:portfolio-option-a-cb969b6 t:post-cleanup-baseline-b46b4f4 t:temporary-cleanup-caf73ba	-,NO
2edd80e747e6db036276ac432be9cec9a4485203	docs/WIN_UI_TARGET_PARITY_ADJUDICATION_01.md	h:arena/01a0814b-iips-production-market-data h:arena/01a0853d-iips-production-market-data h:arena/01a0a438-iips-production-market-data h:arena/01a0ae80-iips-production-market-data h:arena/01a0bdb5-iips-production-market-data h:arena/01a0c440-iips-production-market-data h:arena/01a0c86d-iips-production-market-data h:windows/d114-stage5-banking-replay-observation t:p14-r7-65b78f7 t:portfolio-option-a-cb969b6 t:post-cleanup-baseline-b46b4f4 t:temporary-cleanup-caf73ba	-,NO
e33d2d8ee8015b8f432f382e0a7a816c2dec9167	docs/d10/D10_P08_ENTRY_ASSESSMENT.md	h:arena/01a0814b-iips-production-market-data h:arena/01a0a438-iips-production-market-data h:arena/01a0ae80-iips-production-market-data h:arena/01a0bdb5-iips-production-market-data h:arena/01a0c440-iips-production-market-data h:arena/01a0c86d-iips-production-market-data h:windows/d114-stage5-banking-replay-observation t:p14-r7-65b78f7 t:portfolio-option-a-cb969b6 t:post-cleanup-baseline-b46b4f4 t:temporary-cleanup-caf73ba	-,NO
1472a4f36d7ace853513861d5e414ff44145ddf0	docs/d4/D4_00_EXECUTIVE_SUMMARY.md	h:arena/01a0814b-iips-production-market-data h:arena/01a0853c-iips-production-market-data h:arena/01a0853d h:arena/01a0853d-iips-production-market-data h:arena/01a0a438-iips-production-market-data h:arena/01a0ae80-iips-production-market-data h:arena/01a0bdb5-iips-production-market-data h:arena/01a0c440-iips-production-market-data h:arena/01a0c86d-iips-production-market-data h:p14-implementation-recovered h:windows/d114-stage5-banking-replay-observation t:p14-r7-65b78f7 t:portfolio-option-a-cb969	-,NO
05bc29d1817e6699af023614589e62aa2da22c63	docs/d4/D4_01_INTEGRATION_REUSE_BASELINE.md	h:arena/01a0814b-iips-production-market-data h:arena/01a0853c-iips-production-market-data h:arena/01a0853d h:arena/01a0853d-iips-production-market-data h:arena/01a0a438-iips-production-market-data h:arena/01a0ae80-iips-production-market-data h:arena/01a0bdb5-iips-production-market-data h:arena/01a0c440-iips-production-market-data h:arena/01a0c86d-iips-production-market-data h:p14-implementation-recovered h:windows/d114-stage5-banking-replay-observation t:p14-r7-65b78f7 t:portfolio-option-a-cb969	-,NO
9e6c79d7de024aad93f0d32908e3a54ec879c24b	docs/d4/D4_02_DATA_DOMAINS.md	h:arena/01a0814b-iips-production-market-data h:arena/01a0853c-iips-production-market-data h:arena/01a0853d h:arena/01a0853d-iips-production-market-data h:arena/01a0a438-iips-production-market-data h:arena/01a0ae80-iips-production-market-data h:arena/01a0bdb5-iips-production-market-data h:arena/01a0c440-iips-production-market-data h:arena/01a0c86d-iips-production-market-data h:p14-implementation-recovered h:windows/d114-stage5-banking-replay-observation t:p14-r7-65b78f7 t:portfolio-option-a-cb969	-,NO
6ae4546c0d0e4a8582ff0a9f0321b0c2e3007c69	docs/d4/D4_03_UI_BASELINE.md	h:arena/01a0814b-iips-production-market-data h:arena/01a0853c-iips-production-market-data h:arena/01a0853d h:arena/01a0853d-iips-production-market-data h:arena/01a0a438-iips-production-market-data h:arena/01a0ae80-iips-production-market-data h:arena/01a0bdb5-iips-production-market-data h:arena/01a0c440-iips-production-market-data h:arena/01a0c86d-iips-production-market-data h:p14-implementation-recovered h:windows/d114-stage5-banking-replay-observation t:p14-r7-65b78f7 t:portfolio-option-a-cb969	-,NO
c1be1a4ab7b48f13ade31a9e84c8ca53c725551d	docs/d4/D4_04_INGRESS_CONTRACT_DELTA.md	h:arena/01a0814b-iips-production-market-data h:arena/01a0853c-iips-production-market-data h:arena/01a0853d h:arena/01a0853d-iips-production-market-data h:arena/01a0a438-iips-production-market-data h:arena/01a0ae80-iips-production-market-data h:arena/01a0bdb5-iips-production-market-data h:arena/01a0c440-iips-production-market-data h:arena/01a0c86d-iips-production-market-data h:p14-implementation-recovered h:windows/d114-stage5-banking-replay-observation t:p14-r7-65b78f7 t:portfolio-option-a-cb969	-,NO
ccc88465657b6f0fba84ea719e29c57e0197e494	docs/d4/D4_05_SECURITY_MASTER_ADAPTER.md	h:arena/01a0814b-iips-production-market-data h:arena/01a0853c-iips-production-market-data h:arena/01a0853d h:arena/01a0853d-iips-production-market-data h:arena/01a0a438-iips-production-market-data h:arena/01a0ae80-iips-production-market-data h:arena/01a0bdb5-iips-production-market-data h:arena/01a0c440-iips-production-market-data h:arena/01a0c86d-iips-production-market-data h:p14-implementation-recovered h:windows/d114-stage5-banking-replay-observation t:p14-r7-65b78f7 t:portfolio-option-a-cb969	-,NO
395093a4820f693c2148fc79fc450b531906e441	docs/d4/D4_06_SNAPSHOT_REPLAY_IDENTITY.md	h:arena/01a0814b-iips-production-market-data h:arena/01a0853c-iips-production-market-data h:arena/01a0853d h:arena/01a0853d-iips-production-market-data h:arena/01a0a438-iips-production-market-data h:arena/01a0ae80-iips-production-market-data h:arena/01a0bdb5-iips-production-market-data h:arena/01a0c440-iips-production-market-data h:arena/01a0c86d-iips-production-market-data h:p14-implementation-recovered h:windows/d114-stage5-banking-replay-observation t:p14-r7-65b78f7 t:portfolio-option-a-cb969	-,NO
6bd271552716009677b44e34bf8065429e4f699f	docs/d4/D4_07_FIELD_NAMESPACE.md	h:arena/01a0814b-iips-production-market-data h:arena/01a0853c-iips-production-market-data h:arena/01a0853d h:arena/01a0853d-iips-production-market-data h:arena/01a0a438-iips-production-market-data h:arena/01a0ae80-iips-production-market-data h:arena/01a0bdb5-iips-production-market-data h:arena/01a0c440-iips-production-market-data h:arena/01a0c86d-iips-production-market-data h:p14-implementation-recovered h:windows/d114-stage5-banking-replay-observation t:p14-r7-65b78f7 t:portfolio-option-a-cb969	-,NO
c08a3847e2f443b1679b5c0cbb8d16e38abd49dc	docs/d4/D4_08_ENGINE_INTEGRATION.md	h:arena/01a0814b-iips-production-market-data h:arena/01a0853c-iips-production-market-data h:arena/01a0853d h:arena/01a0853d-iips-production-market-data h:arena/01a0a438-iips-production-market-data h:arena/01a0ae80-iips-production-market-data h:arena/01a0bdb5-iips-production-market-data h:arena/01a0c440-iips-production-market-data h:arena/01a0c86d-iips-production-market-data h:p14-implementation-recovered h:windows/d114-stage5-banking-replay-observation t:p14-r7-65b78f7 t:portfolio-option-a-cb969	-,NO
21a4e989821b02e8cc987bd8361dfc4458910267	docs/d4/D4_09_P12_CONTRACT_DELTA.md	h:arena/01a0814b-iips-production-market-data h:arena/01a0853c-iips-production-market-data h:arena/01a0853d h:arena/01a0853d-iips-production-market-data h:arena/01a0a438-iips-production-market-data h:arena/01a0ae80-iips-production-market-data h:arena/01a0bdb5-iips-production-market-data h:arena/01a0c440-iips-production-market-data h:arena/01a0c86d-iips-production-market-data h:p14-implementation-recovered h:windows/d114-stage5-banking-replay-observation t:p14-r7-65b78f7 t:portfolio-option-a-cb969	-,NO
884b44a6fc9b03e2e0dbc425dd08caaf1f4a1736	docs/d4/D4_10_P13_UI_DELTA.md	h:arena/01a0814b-iips-production-market-data h:arena/01a0853c-iips-production-market-data h:arena/01a0853d h:arena/01a0853d-iips-production-market-data h:arena/01a0a438-iips-production-market-data h:arena/01a0ae80-iips-production-market-data h:arena/01a0bdb5-iips-production-market-data h:arena/01a0c440-iips-production-market-data h:arena/01a0c86d-iips-production-market-data h:p14-implementation-recovered h:windows/d114-stage5-banking-replay-observation t:p14-r7-65b78f7 t:portfolio-option-a-cb969	-,NO
8a792c43ab13c9c1a6cfd00ff60391f5feb104c0	docs/d4/D4_11_CERTIFICATION_MATRIX.md	h:arena/01a0814b-iips-production-market-data h:arena/01a0853c-iips-production-market-data h:arena/01a0853d h:arena/01a0853d-iips-production-market-data h:arena/01a0a438-iips-production-market-data h:arena/01a0ae80-iips-production-market-data h:arena/01a0bdb5-iips-production-market-data h:arena/01a0c440-iips-production-market-data h:arena/01a0c86d-iips-production-market-data h:p14-implementation-recovered h:windows/d114-stage5-banking-replay-observation t:p14-r7-65b78f7 t:portfolio-option-a-cb969	-,NO
86324ba7edaec108a770705b9e68400ce68e8558	docs/d4/D4_12_PHASE_SEQUENCE.md	h:arena/01a0814b-iips-production-market-data h:arena/01a0853c-iips-production-market-data h:arena/01a0853d h:arena/01a0853d-iips-production-market-data h:arena/01a0a438-iips-production-market-data h:arena/01a0ae80-iips-production-market-data h:arena/01a0bdb5-iips-production-market-data h:arena/01a0c440-iips-production-market-data h:arena/01a0c86d-iips-production-market-data h:p14-implementation-recovered h:windows/d114-stage5-banking-replay-observation t:p14-r7-65b78f7 t:portfolio-option-a-cb969	-,NO
de256a954d33b04a58fa6a3cc47a734490844816	docs/d4/D4_13_TRACKER_CORRECTIONS.md	h:arena/01a0814b-iips-production-market-data h:arena/01a0853c-iips-production-market-data h:arena/01a0853d h:arena/01a0853d-iips-production-market-data h:arena/01a0a438-iips-production-market-data h:arena/01a0ae80-iips-production-market-data h:arena/01a0bdb5-iips-production-market-data h:arena/01a0c440-iips-production-market-data h:arena/01a0c86d-iips-production-market-data h:p14-implementation-recovered h:windows/d114-stage5-banking-replay-observation t:p14-r7-65b78f7 t:portfolio-option-a-cb969	-,NO
c0a1796fb1409d61139df7eeff2bd60ab7c02fb9	docs/d4/D4_14_AUTHORITY_ADR_REGISTER.md	h:arena/01a0814b-iips-production-market-data h:arena/01a0853c-iips-production-market-data h:arena/01a0853d h:arena/01a0853d-iips-production-market-data h:arena/01a0a438-iips-production-market-data h:arena/01a0ae80-iips-production-market-data h:arena/01a0bdb5-iips-production-market-data h:arena/01a0c440-iips-production-market-data h:arena/01a0c86d-iips-production-market-data h:p14-implementation-recovered h:windows/d114-stage5-banking-replay-observation t:p14-r7-65b78f7 t:portfolio-option-a-cb969	-,NO
096ca29b1ff797b974d31ed67431889b361d7be9	docs/d4/D4_15_ACCEPTANCE_READINESS.md	h:arena/01a0814b-iips-production-market-data h:arena/01a0853c-iips-production-market-data h:arena/01a0853d h:arena/01a0853d-iips-production-market-data h:arena/01a0a438-iips-production-market-data h:arena/01a0ae80-iips-production-market-data h:arena/01a0bdb5-iips-production-market-data h:arena/01a0c440-iips-production-market-data h:arena/01a0c86d-iips-production-market-data h:p14-implementation-recovered h:windows/d114-stage5-banking-replay-observation t:p14-r7-65b78f7 t:portfolio-option-a-cb969	-,NO
e61e3c0caf66c4f75efca557e638b5a15b4989d1	docs/d5/ADR-01_NAMESPACE_COLLISION_GUARD.md	h:arena/01a0814b-iips-production-market-data h:arena/01a0853c-iips-production-market-data h:arena/01a0853d h:arena/01a0853d-iips-production-market-data h:arena/01a0a438-iips-production-market-data h:arena/01a0ae80-iips-production-market-data h:arena/01a0bdb5-iips-production-market-data h:arena/01a0c440-iips-production-market-data h:arena/01a0c86d-iips-production-market-data h:p14-implementation-recovered h:windows/d114-stage5-banking-replay-observation t:p14-r7-65b78f7 t:portfolio-option-a-cb969	-,NO
284284c6923ee0be9730a5b34293dd35ca4c7451	docs/d5/ADR-02_REPLAY_IDENTITY_EXTENSION.md	h:arena/01a0814b-iips-production-market-data h:arena/01a0853c-iips-production-market-data h:arena/01a0853d h:arena/01a0853d-iips-production-market-data h:arena/01a0a438-iips-production-market-data h:arena/01a0ae80-iips-production-market-data h:arena/01a0bdb5-iips-production-market-data h:arena/01a0c440-iips-production-market-data h:arena/01a0c86d-iips-production-market-data h:p14-implementation-recovered h:windows/d114-stage5-banking-replay-observation t:p14-r7-65b78f7 t:portfolio-option-a-cb969	-,NO
7020faf870c21f3d42e1bc036061748a2a56d16b	docs/d5/D5_DEPENDENCY_MAP.md	h:arena/01a0814b-iips-production-market-data h:arena/01a0853c-iips-production-market-data h:arena/01a0853d h:arena/01a0853d-iips-production-market-data h:arena/01a0a438-iips-production-market-data h:arena/01a0ae80-iips-production-market-data h:arena/01a0bdb5-iips-production-market-data h:arena/01a0c440-iips-production-market-data h:arena/01a0c86d-iips-production-market-data h:p14-implementation-recovered h:windows/d114-stage5-banking-replay-observation t:p14-r7-65b78f7 t:portfolio-option-a-cb969	-,NO
acaa0b3b0e46bc69c4c236123c8fcb08007e33bb	docs/d5/D5_HANDOFF.md	h:arena/01a0814b-iips-production-market-data h:arena/01a0853c-iips-production-market-data h:arena/01a0853d h:arena/01a0853d-iips-production-market-data h:arena/01a0a438-iips-production-market-data h:arena/01a0ae80-iips-production-market-data h:arena/01a0bdb5-iips-production-market-data h:arena/01a0c440-iips-production-market-data h:arena/01a0c86d-iips-production-market-data h:p14-implementation-recovered h:windows/d114-stage5-banking-replay-observation t:p14-r7-65b78f7 t:portfolio-option-a-cb969	-,NO
a60c901871b69832f6bc4e7adbfde2de2b0aa9a5	docs/d5/D5_REGISTER.md	h:arena/01a0814b-iips-production-market-data h:arena/01a0853c-iips-production-market-data h:arena/01a0853d h:arena/01a0853d-iips-production-market-data h:arena/01a0a438-iips-production-market-data h:arena/01a0ae80-iips-production-market-data h:arena/01a0bdb5-iips-production-market-data h:arena/01a0c440-iips-production-market-data h:arena/01a0c86d-iips-production-market-data h:p14-implementation-recovered h:windows/d114-stage5-banking-replay-observation t:p14-r7-65b78f7 t:portfolio-option-a-cb969	-,NO
92b85ea0b5430ec0b2b860b28455b16d56594d97	docs/d5/E-01_SECURITY_IDENTITY_AUTHORITY.md	h:arena/01a0814b-iips-production-market-data h:arena/01a0853c-iips-production-market-data h:arena/01a0853d h:arena/01a0853d-iips-production-market-data h:arena/01a0a438-iips-production-market-data h:arena/01a0ae80-iips-production-market-data h:arena/01a0bdb5-iips-production-market-data h:arena/01a0c440-iips-production-market-data h:arena/01a0c86d-iips-production-market-data h:p14-implementation-recovered h:windows/d114-stage5-banking-replay-observation t:p14-r7-65b78f7 t:portfolio-option-a-cb969	-,NO
244e3990c1bd6ee262d6b802ab2a03261bf57cd1	docs/d5/E-02_GATE_ACCEPTOR_AUTHORITY.md	h:arena/01a0814b-iips-production-market-data h:arena/01a0853c-iips-production-market-data h:arena/01a0853d h:arena/01a0853d-iips-production-market-data h:arena/01a0a438-iips-production-market-data h:arena/01a0ae80-iips-production-market-data h:arena/01a0bdb5-iips-production-market-data h:arena/01a0c440-iips-production-market-data h:arena/01a0c86d-iips-production-market-data h:p14-implementation-recovered h:windows/d114-stage5-banking-replay-observation t:p14-r7-65b78f7 t:portfolio-option-a-cb969	-,NO
f6f0c0508d09a7d26dc346bbd269f77a9fb9b469	docs/d7/D7_AUTHORITY_DECISION_SHEET.md	h:arena/01a0814b-iips-production-market-data h:arena/01a0853c-iips-production-market-data h:arena/01a0853d h:arena/01a0853d-iips-production-market-data h:arena/01a0a438-iips-production-market-data h:arena/01a0ae80-iips-production-market-data h:arena/01a0bdb5-iips-production-market-data h:arena/01a0c440-iips-production-market-data h:arena/01a0c86d-iips-production-market-data h:p14-implementation-recovered h:windows/d114-stage5-banking-replay-observation t:p14-r7-65b78f7 t:portfolio-option-a-cb969	-,NO
7602ebd0b2c3384b217f1457104cf74c59d644cc	docs/d7/D7_AUTHORITY_ROLE_ASSIGNMENT.md	h:arena/01a0814b-iips-production-market-data h:arena/01a0853c-iips-production-market-data h:arena/01a0853d h:arena/01a0853d-iips-production-market-data h:arena/01a0a438-iips-production-market-data h:arena/01a0ae80-iips-production-market-data h:arena/01a0bdb5-iips-production-market-data h:arena/01a0c440-iips-production-market-data h:arena/01a0c86d-iips-production-market-data h:p14-implementation-recovered h:windows/d114-stage5-banking-replay-observation t:p14-r7-65b78f7 t:portfolio-option-a-cb969	-,NO
1bba8f470a64ddcee0f7aa5309dae0e8d3d51386	docs/d7/D7_BLOCKER_MATRIX.md	h:arena/01a0814b-iips-production-market-data h:arena/01a0853c-iips-production-market-data h:arena/01a0853d h:arena/01a0853d-iips-production-market-data h:arena/01a0a438-iips-production-market-data h:arena/01a0ae80-iips-production-market-data h:arena/01a0bdb5-iips-production-market-data h:arena/01a0c440-iips-production-market-data h:arena/01a0c86d-iips-production-market-data h:p14-implementation-recovered h:windows/d114-stage5-banking-replay-observation t:p14-r7-65b78f7 t:portfolio-option-a-cb969	-,NO
af1dd1b37350e86a97c103624c93018942880264	docs/d7/D7_EVIDENCE_NOTES.md	h:arena/01a0814b-iips-production-market-data h:arena/01a0853c-iips-production-market-data h:arena/01a0853d h:arena/01a0853d-iips-production-market-data h:arena/01a0a438-iips-production-market-data h:arena/01a0ae80-iips-production-market-data h:arena/01a0bdb5-iips-production-market-data h:arena/01a0c440-iips-production-market-data h:arena/01a0c86d-iips-production-market-data h:p14-implementation-recovered h:windows/d114-stage5-banking-replay-observation t:p14-r7-65b78f7 t:portfolio-option-a-cb969	-,NO
840913182b05cc7076806daceed7885d3b801384	docs/d7/D7_EXTERNAL_HANDOFF.md	h:arena/01a0814b-iips-production-market-data h:arena/01a0853c-iips-production-market-data h:arena/01a0853d h:arena/01a0853d-iips-production-market-data h:arena/01a0a438-iips-production-market-data h:arena/01a0ae80-iips-production-market-data h:arena/01a0bdb5-iips-production-market-data h:arena/01a0c440-iips-production-market-data h:arena/01a0c86d-iips-production-market-data h:p14-implementation-recovered h:windows/d114-stage5-banking-replay-observation t:p14-r7-65b78f7 t:portfolio-option-a-cb969	-,NO
e0a0272e7b0d5900a8cfcae5a9690e7aa4ff75e2	docs/d7/D7_STATUS.json	h:arena/01a0814b-iips-production-market-data h:arena/01a0853c-iips-production-market-data h:arena/01a0853d h:arena/01a0853d-iips-production-market-data h:arena/01a0a438-iips-production-market-data h:arena/01a0ae80-iips-production-market-data h:arena/01a0bdb5-iips-production-market-data h:arena/01a0c440-iips-production-market-data h:arena/01a0c86d-iips-production-market-data h:p14-implementation-recovered h:windows/d114-stage5-banking-replay-observation t:p14-r7-65b78f7 t:portfolio-option-a-cb969	-,NO
b9ff737d5a7b7d8a78b0f614efd7d3aeb1de4380	docs/d8/D8_AUTHORITY_RECONCILIATION.md	h:arena/01a0814b-iips-production-market-data h:arena/01a0853c-iips-production-market-data h:arena/01a0853d h:arena/01a0853d-iips-production-market-data h:arena/01a0a438-iips-production-market-data h:arena/01a0ae80-iips-production-market-data h:arena/01a0bdb5-iips-production-market-data h:arena/01a0c440-iips-production-market-data h:arena/01a0c86d-iips-production-market-data h:p14-implementation-recovered h:windows/d114-stage5-banking-replay-observation t:p14-r7-65b78f7 t:portfolio-option-a-cb969	-,NO
3f628227445a4aee5230e066386929f4c0cb597e	docs/d8/D8_EVIDENCE_NOTES.md	h:arena/01a0814b-iips-production-market-data h:arena/01a0853c-iips-production-market-data h:arena/01a0853d h:arena/01a0853d-iips-production-market-data h:arena/01a0a438-iips-production-market-data h:arena/01a0ae80-iips-production-market-data h:arena/01a0bdb5-iips-production-market-data h:arena/01a0c440-iips-production-market-data h:arena/01a0c86d-iips-production-market-data h:p14-implementation-recovered h:windows/d114-stage5-banking-replay-observation t:p14-r7-65b78f7 t:portfolio-option-a-cb969	-,NO
6a156b2d05b5f5638bfbae519bc81a6b18d96bf5	docs/d8/D8_EXECUTION_AUTHORIZATION.md	h:arena/01a0814b-iips-production-market-data h:arena/01a0853c-iips-production-market-data h:arena/01a0853d h:arena/01a0853d-iips-production-market-data h:arena/01a0a438-iips-production-market-data h:arena/01a0ae80-iips-production-market-data h:arena/01a0bdb5-iips-production-market-data h:arena/01a0c440-iips-production-market-data h:arena/01a0c86d-iips-production-market-data h:p14-implementation-recovered h:windows/d114-stage5-banking-replay-observation t:p14-r7-65b78f7 t:portfolio-option-a-cb969	-,NO
f5f2032e0515dbeaa8b73ac5fa61d71548cb488b	docs/d8/D8_FIRST_WORK_PACKAGE.md	h:arena/01a0814b-iips-production-market-data h:arena/01a0853c-iips-production-market-data h:arena/01a0853d h:arena/01a0853d-iips-production-market-data h:arena/01a0a438-iips-production-market-data h:arena/01a0ae80-iips-production-market-data h:arena/01a0bdb5-iips-production-market-data h:arena/01a0c440-iips-production-market-data h:arena/01a0c86d-iips-production-market-data h:p14-implementation-recovered h:windows/d114-stage5-banking-replay-observation t:p14-r7-65b78f7 t:portfolio-option-a-cb969	-,NO
977e74e6a71c0046e2e90d94cff0dc6373d6cd6f	docs/d8/D8_STATUS.json	h:arena/01a0814b-iips-production-market-data h:arena/01a0853c-iips-production-market-data h:arena/01a0853d h:arena/01a0853d-iips-production-market-data h:arena/01a0a438-iips-production-market-data h:arena/01a0ae80-iips-production-market-data h:arena/01a0bdb5-iips-production-market-data h:arena/01a0c440-iips-production-market-data h:arena/01a0c86d-iips-production-market-data h:p14-implementation-recovered h:windows/d114-stage5-banking-replay-observation t:p14-r7-65b78f7 t:portfolio-option-a-cb969	-,NO
d04ad957349c0570e523bb95220c581c0127916d	docs/d9/D9_EVIDENCE_NOTES.md	h:arena/01a0814b-iips-production-market-data h:arena/01a0853c-iips-production-market-data h:arena/01a0853d h:arena/01a0853d-iips-production-market-data h:arena/01a0a438-iips-production-market-data h:arena/01a0ae80-iips-production-market-data h:arena/01a0bdb5-iips-production-market-data h:arena/01a0c440-iips-production-market-data h:arena/01a0c86d-iips-production-market-data h:p14-implementation-recovered h:windows/d114-stage5-banking-replay-observation t:p14-r7-65b78f7 t:portfolio-option-a-cb969	-,NO
663ed6b24edf011e8cfd4132cc7fdb9a923146a0	docs/d9/D9_P05_ENTRY_AUTHORIZATION.md	h:arena/01a0814b-iips-production-market-data h:arena/01a0853c-iips-production-market-data h:arena/01a0853d h:arena/01a0853d-iips-production-market-data h:arena/01a0a438-iips-production-market-data h:arena/01a0ae80-iips-production-market-data h:arena/01a0bdb5-iips-production-market-data h:arena/01a0c440-iips-production-market-data h:arena/01a0c86d-iips-production-market-data h:p14-implementation-recovered h:windows/d114-stage5-banking-replay-observation t:p14-r7-65b78f7 t:portfolio-option-a-cb969	-,NO
b75b5a0e98ef2169e82412ce41226152fa54f9f1	docs/d9/D9_STATUS.json	h:arena/01a0814b-iips-production-market-data h:arena/01a0853c-iips-production-market-data h:arena/01a0853d h:arena/01a0853d-iips-production-market-data h:arena/01a0a438-iips-production-market-data h:arena/01a0ae80-iips-production-market-data h:arena/01a0bdb5-iips-production-market-data h:arena/01a0c440-iips-production-market-data h:arena/01a0c86d-iips-production-market-data h:p14-implementation-recovered h:windows/d114-stage5-banking-replay-observation t:p14-r7-65b78f7 t:portfolio-option-a-cb969	-,NO
eff20128f5fa6ca6b75d5b57ebbce8545af1c93b	docs/p00/P00_AUTHORITY_REGISTER.md	h:arena/01a0814b-iips-production-market-data h:arena/01a0853c-iips-production-market-data h:arena/01a0853d h:arena/01a0853d-iips-production-market-data h:arena/01a0a438-iips-production-market-data h:arena/01a0ae80-iips-production-market-data h:arena/01a0bdb5-iips-production-market-data h:arena/01a0c440-iips-production-market-data h:arena/01a0c86d-iips-production-market-data h:p14-implementation-recovered h:windows/d114-stage5-banking-replay-observation t:p14-r7-65b78f7 t:portfolio-option-a-cb969	-,NO
df67a22eedcde3717963fb6b1011b90b02714aa7	docs/p00/P00_DECISION_LOG.md	h:arena/01a0814b-iips-production-market-data h:arena/01a0853d-iips-production-market-data h:arena/01a0a438-iips-production-market-data h:arena/01a0ae80-iips-production-market-data h:arena/01a0bdb5-iips-production-market-data h:arena/01a0c440-iips-production-market-data h:arena/01a0c86d-iips-production-market-data h:p14-implementation-recovered h:windows/d114-stage5-banking-replay-observation t:p14-r7-65b78f7 t:portfolio-option-a-cb969b6 t:post-cleanup-baseline-b46b4f4 t:temporary-cleanup-caf73ba	-,NO
f37a131cac8d00333bc8d922c2afe1ca05a14692	docs/p00/P00_EVIDENCE_CONVENTIONS.md	h:arena/01a0814b-iips-production-market-data h:arena/01a0853c-iips-production-market-data h:arena/01a0853d h:arena/01a0853d-iips-production-market-data h:arena/01a0a438-iips-production-market-data h:arena/01a0ae80-iips-production-market-data h:arena/01a0bdb5-iips-production-market-data h:arena/01a0c440-iips-production-market-data h:arena/01a0c86d-iips-production-market-data h:p14-implementation-recovered h:windows/d114-stage5-banking-replay-observation t:p14-r7-65b78f7 t:portfolio-option-a-cb969	-,NO
ed0b8ab7cea7219b70026837dddf7cc2b1a8340f	docs/p00/P00_GATE_ACCEPTANCE.md	h:arena/01a0814b-iips-production-market-data h:arena/01a0853c-iips-production-market-data h:arena/01a0853d h:arena/01a0853d-iips-production-market-data h:arena/01a0a438-iips-production-market-data h:arena/01a0ae80-iips-production-market-data h:arena/01a0bdb5-iips-production-market-data h:arena/01a0c440-iips-production-market-data h:arena/01a0c86d-iips-production-market-data h:p14-implementation-recovered h:windows/d114-stage5-banking-replay-observation t:p14-r7-65b78f7 t:portfolio-option-a-cb969	-,NO
f695fd2b9444c2fa191ae974f53120392e95dee3	docs/p00/P00_GATE_MODEL.md	h:arena/01a0814b-iips-production-market-data h:arena/01a0853d-iips-production-market-data h:arena/01a0a438-iips-production-market-data h:arena/01a0ae80-iips-production-market-data h:arena/01a0bdb5-iips-production-market-data h:arena/01a0c440-iips-production-market-data h:arena/01a0c86d-iips-production-market-data h:windows/d114-stage5-banking-replay-observation t:p14-r7-65b78f7 t:portfolio-option-a-cb969b6 t:post-cleanup-baseline-b46b4f4 t:temporary-cleanup-caf73ba	-,NO
fee440e6a26cf1eb94cc660d10962985140dcacf	docs/p00/P00_OPEN_ITEMS_REGISTER.md	h:arena/01a0814b-iips-production-market-data h:arena/01a0853c-iips-production-market-data h:arena/01a0853d h:arena/01a0853d-iips-production-market-data h:arena/01a0ae80-iips-production-market-data h:arena/01a0bdb5-iips-production-market-data h:arena/01a0c440-iips-production-market-data h:arena/01a0c86d-iips-production-market-data h:p14-implementation-recovered h:windows/d114-stage5-banking-replay-observation t:p14-r7-65b78f7 t:portfolio-option-a-cb969b6 t:post-cleanup-baseline-b46b4f4 t:temporar	-,NO
49ca2fe13aed2d14d79fd57ba3c2299dee3c2281	docs/p00/P00_PROGRAM_CHARTER.md	h:arena/01a0814b-iips-production-market-data h:arena/01a0853c-iips-production-market-data h:arena/01a0853d h:arena/01a0853d-iips-production-market-data h:arena/01a0a438-iips-production-market-data h:arena/01a0ae80-iips-production-market-data h:arena/01a0bdb5-iips-production-market-data h:arena/01a0c440-iips-production-market-data h:arena/01a0c86d-iips-production-market-data h:p14-implementation-recovered h:windows/d114-stage5-banking-replay-observation t:p14-r7-65b78f7 t:portfolio-option-a-cb969	-,NO
23d0fe34ef80d8d9ace3028f9e46d629eba7eb5e	docs/p01/P01_DATA_CONTRACT.md	h:arena/01a0814b-iips-production-market-data h:arena/01a0853c-iips-production-market-data h:arena/01a0853d h:arena/01a0853d-iips-production-market-data h:arena/01a0a438-iips-production-market-data h:arena/01a0ae80-iips-production-market-data h:arena/01a0bdb5-iips-production-market-data h:arena/01a0c440-iips-production-market-data h:arena/01a0c86d-iips-production-market-data h:p14-implementation-recovered h:windows/d114-stage5-banking-replay-observation t:p14-r7-65b78f7 t:portfolio-option-a-cb969	-,NO
e2489183bf2cde3bc4810d8773fa2d3eb08bfb83	docs/p01/P01_DEPENDENCY_REGISTER.md	h:arena/01a0814b-iips-production-market-data h:arena/01a0853c-iips-production-market-data h:arena/01a0853d h:arena/01a0853d-iips-production-market-data h:arena/01a0a438-iips-production-market-data h:arena/01a0ae80-iips-production-market-data h:arena/01a0bdb5-iips-production-market-data h:arena/01a0c440-iips-production-market-data h:arena/01a0c86d-iips-production-market-data h:p14-implementation-recovered h:windows/d114-stage5-banking-replay-observation t:p14-r7-65b78f7 t:portfolio-option-a-cb969	-,NO
c3358cb0766d15aac9d4dc2f08cc5ec734158257	docs/p01/P01_EVIDENCE.md	h:arena/01a0814b-iips-production-market-data h:arena/01a0853c-iips-production-market-data h:arena/01a0853d h:arena/01a0853d-iips-production-market-data h:arena/01a0a438-iips-production-market-data h:arena/01a0ae80-iips-production-market-data h:arena/01a0bdb5-iips-production-market-data h:arena/01a0c440-iips-production-market-data h:arena/01a0c86d-iips-production-market-data h:p14-implementation-recovered h:windows/d114-stage5-banking-replay-observation t:p14-r7-65b78f7 t:portfolio-option-a-cb969	-,NO
d6f7c444555154a56492e0be3dff580656c071fb	docs/p01/P01_FIELD_DICTIONARY.md	h:arena/01a0814b-iips-production-market-data h:arena/01a0853c-iips-production-market-data h:arena/01a0853d h:arena/01a0853d-iips-production-market-data h:arena/01a0a438-iips-production-market-data h:arena/01a0ae80-iips-production-market-data h:arena/01a0bdb5-iips-production-market-data h:arena/01a0c440-iips-production-market-data h:arena/01a0c86d-iips-production-market-data h:p14-implementation-recovered h:windows/d114-stage5-banking-replay-observation t:p14-r7-65b78f7 t:portfolio-option-a-cb969	-,NO
cf23f0eda0ee917626d90270e883073c5d52d62c	docs/p01/P01_GATE_ACCEPTANCE.md	h:arena/01a0814b-iips-production-market-data h:arena/01a0853c-iips-production-market-data h:arena/01a0853d h:arena/01a0853d-iips-production-market-data h:arena/01a0a438-iips-production-market-data h:arena/01a0ae80-iips-production-market-data h:arena/01a0bdb5-iips-production-market-data h:arena/01a0c440-iips-production-market-data h:arena/01a0c86d-iips-production-market-data h:p14-implementation-recovered h:windows/d114-stage5-banking-replay-observation t:p14-r7-65b78f7 t:portfolio-option-a-cb969	-,NO
a25d9f461e421dcd8f815852ef7609977d6350ab	docs/p01/P01_IDENTITY_AND_LINEAGE.md	h:arena/01a0814b-iips-production-market-data h:arena/01a0853c-iips-production-market-data h:arena/01a0853d h:arena/01a0853d-iips-production-market-data h:arena/01a0a438-iips-production-market-data h:arena/01a0ae80-iips-production-market-data h:arena/01a0bdb5-iips-production-market-data h:arena/01a0c440-iips-production-market-data h:arena/01a0c86d-iips-production-market-data h:p14-implementation-recovered h:windows/d114-stage5-banking-replay-observation t:p14-r7-65b78f7 t:portfolio-option-a-cb969	-,NO
48e1d4d64e875155bd15c60689a8740f280a723f	docs/p01/P01_SCHEMA_CATALOG.md	h:arena/01a0814b-iips-production-market-data h:arena/01a0853c-iips-production-market-data h:arena/01a0853d h:arena/01a0853d-iips-production-market-data h:arena/01a0a438-iips-production-market-data h:arena/01a0ae80-iips-production-market-data h:arena/01a0bdb5-iips-production-market-data h:arena/01a0c440-iips-production-market-data h:arena/01a0c86d-iips-production-market-data h:p14-implementation-recovered h:windows/d114-stage5-banking-replay-observation t:p14-r7-65b78f7 t:portfolio-option-a-cb969	-,NO
1b81dd4510c8ddc2f9db1a22b7de18e716b029d5	docs/p01/P01_TIMESTAMP_CURRENCY_UNIT_RULES.md	h:arena/01a0814b-iips-production-market-data h:arena/01a0853c-iips-production-market-data h:arena/01a0853d h:arena/01a0853d-iips-production-market-data h:arena/01a0a438-iips-production-market-data h:arena/01a0ae80-iips-production-market-data h:arena/01a0bdb5-iips-production-market-data h:arena/01a0c440-iips-production-market-data h:arena/01a0c86d-iips-production-market-data h:p14-implementation-recovered h:windows/d114-stage5-banking-replay-observation t:p14-r7-65b78f7 t:portfolio-option-a-cb969	-,NO
378df56c8baf5ed1eb96bc3b351a7ef4330506a5	docs/p01/P01_VALIDATION_RULES.md	h:arena/01a0814b-iips-production-market-data h:arena/01a0853c-iips-production-market-data h:arena/01a0853d h:arena/01a0853d-iips-production-market-data h:arena/01a0a438-iips-production-market-data h:arena/01a0ae80-iips-production-market-data h:arena/01a0bdb5-iips-production-market-data h:arena/01a0c440-iips-production-market-data h:arena/01a0c86d-iips-production-market-data h:p14-implementation-recovered h:windows/d114-stage5-banking-replay-observation t:p14-r7-65b78f7 t:portfolio-option-a-cb969	-,NO
1317633d83fc940c2eaabbb5a5055081f328c56e	docs/p01/P01_VERSIONING_COMPATIBILITY.md	h:arena/01a0814b-iips-production-market-data h:arena/01a0853c-iips-production-market-data h:arena/01a0853d h:arena/01a0853d-iips-production-market-data h:arena/01a0a438-iips-production-market-data h:arena/01a0ae80-iips-production-market-data h:arena/01a0bdb5-iips-production-market-data h:arena/01a0c440-iips-production-market-data h:arena/01a0c86d-iips-production-market-data h:p14-implementation-recovered h:windows/d114-stage5-banking-replay-observation t:p14-r7-65b78f7 t:portfolio-option-a-cb969	-,NO
28a98e5b8d51eb86d34686609f85765f95ee2e37	docs/p02/P02_COMPATIBILITY_AND_SUBSTITUTION.md	h:arena/01a0814b-iips-production-market-data h:arena/01a0853c-iips-production-market-data h:arena/01a0853d h:arena/01a0853d-iips-production-market-data h:arena/01a0a438-iips-production-market-data h:arena/01a0ae80-iips-production-market-data h:arena/01a0bdb5-iips-production-market-data h:arena/01a0c440-iips-production-market-data h:arena/01a0c86d-iips-production-market-data h:p14-implementation-recovered h:windows/d114-stage5-banking-replay-observation t:p14-r7-65b78f7 t:portfolio-option-a-cb969	-,NO
404f9d37dc33c192730e24b697d65b0668e274c3	docs/p02/P02_DEPENDENCY_REGISTER.md	h:arena/01a0814b-iips-production-market-data h:arena/01a0853c-iips-production-market-data h:arena/01a0853d h:arena/01a0853d-iips-production-market-data h:arena/01a0a438-iips-production-market-data h:arena/01a0ae80-iips-production-market-data h:arena/01a0bdb5-iips-production-market-data h:arena/01a0c440-iips-production-market-data h:arena/01a0c86d-iips-production-market-data h:p14-implementation-recovered h:windows/d114-stage5-banking-replay-observation t:p14-r7-65b78f7 t:portfolio-option-a-cb969	-,NO
8311ee144a8f3e763680d07a7fe74b4a3c56c5ec	docs/p02/P02_ENTITLEMENT_MODEL.md	h:arena/01a0814b-iips-production-market-data h:arena/01a0853c-iips-production-market-data h:arena/01a0853d h:arena/01a0853d-iips-production-market-data h:arena/01a0a438-iips-production-market-data h:arena/01a0ae80-iips-production-market-data h:arena/01a0bdb5-iips-production-market-data h:arena/01a0c440-iips-production-market-data h:arena/01a0c86d-iips-production-market-data h:p14-implementation-recovered h:windows/d114-stage5-banking-replay-observation t:p14-r7-65b78f7 t:portfolio-option-a-cb969	-,NO
a5b66bfbda83f92d3d319d5c4ab38e30c9b8bea8	docs/p02/P02_ERROR_TAXONOMY.md	h:arena/01a0814b-iips-production-market-data h:arena/01a0853c-iips-production-market-data h:arena/01a0853d h:arena/01a0853d-iips-production-market-data h:arena/01a0a438-iips-production-market-data h:arena/01a0ae80-iips-production-market-data h:arena/01a0bdb5-iips-production-market-data h:arena/01a0c440-iips-production-market-data h:arena/01a0c86d-iips-production-market-data h:p14-implementation-recovered h:windows/d114-stage5-banking-replay-observation t:p14-r7-65b78f7 t:portfolio-option-a-cb969	-,NO
8ca56b9f58a0bcbc1665c232ee3334645bf9b4d0	docs/p02/P02_EVIDENCE.md	h:arena/01a0814b-iips-production-market-data h:arena/01a0853c-iips-production-market-data h:arena/01a0853d h:arena/01a0853d-iips-production-market-data h:arena/01a0a438-iips-production-market-data h:arena/01a0ae80-iips-production-market-data h:arena/01a0bdb5-iips-production-market-data h:arena/01a0c440-iips-production-market-data h:arena/01a0c86d-iips-production-market-data h:p14-implementation-recovered h:windows/d114-stage5-banking-replay-observation t:p14-r7-65b78f7 t:portfolio-option-a-cb969	-,NO
6b7bfb3d24ecc711d6040b7d06184d7aa94e06eb	docs/p02/P02_GATE_ACCEPTANCE.md	h:arena/01a0814b-iips-production-market-data h:arena/01a0853c-iips-production-market-data h:arena/01a0853d h:arena/01a0853d-iips-production-market-data h:arena/01a0a438-iips-production-market-data h:arena/01a0ae80-iips-production-market-data h:arena/01a0bdb5-iips-production-market-data h:arena/01a0c440-iips-production-market-data h:arena/01a0c86d-iips-production-market-data h:p14-implementation-recovered h:windows/d114-stage5-banking-replay-observation t:p14-r7-65b78f7 t:portfolio-option-a-cb969	-,NO
0b15b8d1ce19203b094ed99cda02dec3807d1d16	docs/p02/P02_OBSERVABILITY_REQUIREMENTS.md	h:arena/01a0814b-iips-production-market-data h:arena/01a0853c-iips-production-market-data h:arena/01a0853d h:arena/01a0853d-iips-production-market-data h:arena/01a0a438-iips-production-market-data h:arena/01a0ae80-iips-production-market-data h:arena/01a0bdb5-iips-production-market-data h:arena/01a0c440-iips-production-market-data h:arena/01a0c86d-iips-production-market-data h:p14-implementation-recovered h:windows/d114-stage5-banking-replay-observation t:p14-r7-65b78f7 t:portfolio-option-a-cb969	-,NO
278b9f5f632820c0a51a3c4d5c53df5379d47633	docs/p02/P02_PROVIDER_ABSTRACTION_CONTRACT.md	h:arena/01a0814b-iips-production-market-data h:arena/01a0853c-iips-production-market-data h:arena/01a0853d h:arena/01a0853d-iips-production-market-data h:arena/01a0a438-iips-production-market-data h:arena/01a0ae80-iips-production-market-data h:arena/01a0bdb5-iips-production-market-data h:arena/01a0c440-iips-production-market-data h:arena/01a0c86d-iips-production-market-data h:p14-implementation-recovered h:windows/d114-stage5-banking-replay-observation t:p14-r7-65b78f7 t:portfolio-option-a-cb969	-,NO
8f35291fb42ba4aa13ce6b168da80c9a5eec3e73	docs/p02/P02_PROVIDER_CAPABILITY_MODEL.md	h:arena/01a0814b-iips-production-market-data h:arena/01a0853c-iips-production-market-data h:arena/01a0853d h:arena/01a0853d-iips-production-market-data h:arena/01a0a438-iips-production-market-data h:arena/01a0ae80-iips-production-market-data h:arena/01a0bdb5-iips-production-market-data h:arena/01a0c440-iips-production-market-data h:arena/01a0c86d-iips-production-market-data h:p14-implementation-recovered h:windows/d114-stage5-banking-replay-observation t:p14-r7-65b78f7 t:portfolio-option-a-cb969	-,NO
6a42d01c7321a0f68cd593e301107fdb3d5a5af0	docs/p02/P02_PROVIDER_IDENTITY_VERSIONING.md	h:arena/01a0814b-iips-production-market-data h:arena/01a0853c-iips-production-market-data h:arena/01a0853d h:arena/01a0853d-iips-production-market-data h:arena/01a0a438-iips-production-market-data h:arena/01a0ae80-iips-production-market-data h:arena/01a0bdb5-iips-production-market-data h:arena/01a0c440-iips-production-market-data h:arena/01a0c86d-iips-production-market-data h:p14-implementation-recovered h:windows/d114-stage5-banking-replay-observation t:p14-r7-65b78f7 t:portfolio-option-a-cb969	-,NO
f1075f9e0f831669b744c43e327db3500a8fea78	docs/p02/P02_PROVIDER_MAPPING_RULES.md	h:arena/01a0814b-iips-production-market-data h:arena/01a0853c-iips-production-market-data h:arena/01a0853d h:arena/01a0853d-iips-production-market-data h:arena/01a0a438-iips-production-market-data h:arena/01a0ae80-iips-production-market-data h:arena/01a0bdb5-iips-production-market-data h:arena/01a0c440-iips-production-market-data h:arena/01a0c86d-iips-production-market-data h:p14-implementation-recovered h:windows/d114-stage5-banking-replay-observation t:p14-r7-65b78f7 t:portfolio-option-a-cb969	-,NO
5905a5e62620d5e82f8de90fd091c2bfd154b52c	docs/p03/P03_ACCEPTANCE_CRITERIA.md	h:arena/01a0814b-iips-production-market-data h:arena/01a0853c-iips-production-market-data h:arena/01a0853d h:arena/01a0853d-iips-production-market-data h:arena/01a0a438-iips-production-market-data h:arena/01a0ae80-iips-production-market-data h:arena/01a0bdb5-iips-production-market-data h:arena/01a0c440-iips-production-market-data h:arena/01a0c86d-iips-production-market-data h:p14-implementation-recovered h:windows/d114-stage5-banking-replay-observation t:p14-r7-65b78f7 t:portfolio-option-a-cb969	-,NO
7424cada87439de1c3dddf4ec7b4f7463346f294	docs/p03/P03_AUDIT_AND_OBSERVABILITY.md	h:arena/01a0814b-iips-production-market-data h:arena/01a0853c-iips-production-market-data h:arena/01a0853d h:arena/01a0853d-iips-production-market-data h:arena/01a0a438-iips-production-market-data h:arena/01a0ae80-iips-production-market-data h:arena/01a0bdb5-iips-production-market-data h:arena/01a0c440-iips-production-market-data h:arena/01a0c86d-iips-production-market-data h:p14-implementation-recovered h:windows/d114-stage5-banking-replay-observation t:p14-r7-65b78f7 t:portfolio-option-a-cb969	-,NO
67397dfc3caa51def8359db756a8a70c445dbca2	docs/p03/P03_AUTHENTICATION_MODEL.md	h:arena/01a0814b-iips-production-market-data h:arena/01a0853c-iips-production-market-data h:arena/01a0853d h:arena/01a0853d-iips-production-market-data h:arena/01a0a438-iips-production-market-data h:arena/01a0ae80-iips-production-market-data h:arena/01a0bdb5-iips-production-market-data h:arena/01a0c440-iips-production-market-data h:arena/01a0c86d-iips-production-market-data h:p14-implementation-recovered h:windows/d114-stage5-banking-replay-observation t:p14-r7-65b78f7 t:portfolio-option-a-cb969	-,NO
9ee85ddd9880ad453678d2ee0ed2ede38ac286b5	docs/p03/P03_DEPENDENCY_REGISTER.md	h:arena/01a0814b-iips-production-market-data h:arena/01a0853c-iips-production-market-data h:arena/01a0853d h:arena/01a0853d-iips-production-market-data h:arena/01a0a438-iips-production-market-data h:arena/01a0ae80-iips-production-market-data h:arena/01a0bdb5-iips-production-market-data h:arena/01a0c440-iips-production-market-data h:arena/01a0c86d-iips-production-market-data h:p14-implementation-recovered h:windows/d114-stage5-banking-replay-observation t:p14-r7-65b78f7 t:portfolio-option-a-cb969	-,NO
0c619878b8b1927bcc638b360e532694f7553bef	docs/p03/P03_EVIDENCE.md	h:arena/01a0814b-iips-production-market-data h:arena/01a0853c-iips-production-market-data h:arena/01a0853d h:arena/01a0853d-iips-production-market-data h:arena/01a0a438-iips-production-market-data h:arena/01a0ae80-iips-production-market-data h:arena/01a0bdb5-iips-production-market-data h:arena/01a0c440-iips-production-market-data h:arena/01a0c86d-iips-production-market-data h:p14-implementation-recovered h:windows/d114-stage5-banking-replay-observation t:p14-r7-65b78f7 t:portfolio-option-a-cb969	-,NO
639345ee4c87e9d0e3f692f460533b83623c7764	docs/p03/P03_FAILURE_AND_DEGRADED_MODE.md	h:arena/01a0814b-iips-production-market-data h:arena/01a0853c-iips-production-market-data h:arena/01a0853d h:arena/01a0853d-iips-production-market-data h:arena/01a0a438-iips-production-market-data h:arena/01a0ae80-iips-production-market-data h:arena/01a0bdb5-iips-production-market-data h:arena/01a0c440-iips-production-market-data h:arena/01a0c86d-iips-production-market-data h:p14-implementation-recovered h:windows/d114-stage5-banking-replay-observation t:p14-r7-65b78f7 t:portfolio-option-a-cb969	-,NO
06a52fc8e7f633c03f4e9153e8ece024e2cbdc2e	docs/p03/P03_GATE_ACCEPTANCE.md	h:arena/01a0814b-iips-production-market-data h:arena/01a0853c-iips-production-market-data h:arena/01a0853d h:arena/01a0853d-iips-production-market-data h:arena/01a0a438-iips-production-market-data h:arena/01a0ae80-iips-production-market-data h:arena/01a0bdb5-iips-production-market-data h:arena/01a0c440-iips-production-market-data h:arena/01a0c86d-iips-production-market-data h:p14-implementation-recovered h:windows/d114-stage5-banking-replay-observation t:p14-r7-65b78f7 t:portfolio-option-a-cb969	-,NO
1f882778721c558c3d2ce871fa3248fb3532c5c0	docs/p03/P03_LINEAGE_AND_VERSION_IMPACT.md	h:arena/01a0814b-iips-production-market-data h:arena/01a0853c-iips-production-market-data h:arena/01a0853d h:arena/01a0853d-iips-production-market-data h:arena/01a0a438-iips-production-market-data h:arena/01a0ae80-iips-production-market-data h:arena/01a0bdb5-iips-production-market-data h:arena/01a0c440-iips-production-market-data h:arena/01a0c86d-iips-production-market-data h:p14-implementation-recovered h:windows/d114-stage5-banking-replay-observation t:p14-r7-65b78f7 t:portfolio-option-a-cb969	-,NO
9ae45bdf51500213056dd7e424884eda6ffe7daa	docs/p03/P03_OPEN_ITEMS.md	h:arena/01a0814b-iips-production-market-data h:arena/01a0853c-iips-production-market-data h:arena/01a0853d h:arena/01a0853d-iips-production-market-data h:arena/01a0a438-iips-production-market-data h:arena/01a0ae80-iips-production-market-data h:arena/01a0bdb5-iips-production-market-data h:arena/01a0c440-iips-production-market-data h:arena/01a0c86d-iips-production-market-data h:p14-implementation-recovered h:windows/d114-stage5-banking-replay-observation t:p14-r7-65b78f7 t:portfolio-option-a-cb969	-,NO
f372d3ed267ac92d77303cbfd748d9d50914ab12	docs/p03/P03_PROVIDER_ACCESS_SECURITY.md	h:arena/01a0814b-iips-production-market-data h:arena/01a0853c-iips-production-market-data h:arena/01a0853d h:arena/01a0853d-iips-production-market-data h:arena/01a0a438-iips-production-market-data h:arena/01a0ae80-iips-production-market-data h:arena/01a0bdb5-iips-production-market-data h:arena/01a0c440-iips-production-market-data h:arena/01a0c86d-iips-production-market-data h:p14-implementation-recovered h:windows/d114-stage5-banking-replay-observation t:p14-r7-65b78f7 t:portfolio-option-a-cb969	-,NO
d8e9985d33ef91ddba71e02ce340aed09e1a42df	docs/p03/P03_SCOPE_AND_BOUNDARY.md	h:arena/01a0814b-iips-production-market-data h:arena/01a0853c-iips-production-market-data h:arena/01a0853d h:arena/01a0853d-iips-production-market-data h:arena/01a0a438-iips-production-market-data h:arena/01a0ae80-iips-production-market-data h:arena/01a0bdb5-iips-production-market-data h:arena/01a0c440-iips-production-market-data h:arena/01a0c86d-iips-production-market-data h:p14-implementation-recovered h:windows/d114-stage5-banking-replay-observation t:p14-r7-65b78f7 t:portfolio-option-a-cb969	-,NO
c33421f52741dda5f513bf951cd0b88348bf3f04	docs/p03/P03_SECRET_CONFIGURATION_REQUIREMENTS.md	h:arena/01a0814b-iips-production-market-data h:arena/01a0853c-iips-production-market-data h:arena/01a0853d h:arena/01a0853d-iips-production-market-data h:arena/01a0a438-iips-production-market-data h:arena/01a0ae80-iips-production-market-data h:arena/01a0bdb5-iips-production-market-data h:arena/01a0c440-iips-production-market-data h:arena/01a0c86d-iips-production-market-data h:p14-implementation-recovered h:windows/d114-stage5-banking-replay-observation t:p14-r7-65b78f7 t:portfolio-option-a-cb969	-,NO
dedfe6223c447fb8afdcf4805641372a4c3ac03b	docs/p03/P03_SECURITY_AUTH_CONTRACT.md	h:arena/01a0814b-iips-production-market-data h:arena/01a0853c-iips-production-market-data h:arena/01a0853d h:arena/01a0853d-iips-production-market-data h:arena/01a0a438-iips-production-market-data h:arena/01a0ae80-iips-production-market-data h:arena/01a0bdb5-iips-production-market-data h:arena/01a0c440-iips-production-market-data h:arena/01a0c86d-iips-production-market-data h:p14-implementation-recovered h:windows/d114-stage5-banking-replay-observation t:p14-r7-65b78f7 t:portfolio-option-a-cb969	-,NO
3c2881e4695e09a410415e1cd2430f10700e1983	docs/p03/P03_TENANT_ISOLATION.md	h:arena/01a0814b-iips-production-market-data h:arena/01a0853c-iips-production-market-data h:arena/01a0853d h:arena/01a0853d-iips-production-market-data h:arena/01a0a438-iips-production-market-data h:arena/01a0ae80-iips-production-market-data h:arena/01a0bdb5-iips-production-market-data h:arena/01a0c440-iips-production-market-data h:arena/01a0c86d-iips-production-market-data h:p14-implementation-recovered h:windows/d114-stage5-banking-replay-observation t:p14-r7-65b78f7 t:portfolio-option-a-cb969	-,NO
34ff5a698d25447de58f976caf26fa932198b988	docs/p04/P04_ACCEPTANCE_CRITERIA.md	h:arena/01a0814b-iips-production-market-data h:arena/01a0853c-iips-production-market-data h:arena/01a0853d h:arena/01a0853d-iips-production-market-data h:arena/01a0a438-iips-production-market-data h:arena/01a0ae80-iips-production-market-data h:arena/01a0bdb5-iips-production-market-data h:arena/01a0c440-iips-production-market-data h:arena/01a0c86d-iips-production-market-data h:p14-implementation-recovered h:windows/d114-stage5-banking-replay-observation t:p14-r7-65b78f7 t:portfolio-option-a-cb969	-,NO
1301b52eded16ccb917e5a28dcb5d21c2457f10f	docs/p04/P04_CANONICAL_SECURITY_MODEL.md	h:arena/01a0814b-iips-production-market-data h:arena/01a0853c-iips-production-market-data h:arena/01a0853d h:arena/01a0853d-iips-production-market-data h:arena/01a0a438-iips-production-market-data h:arena/01a0ae80-iips-production-market-data h:arena/01a0bdb5-iips-production-market-data h:arena/01a0c440-iips-production-market-data h:arena/01a0c86d-iips-production-market-data h:p14-implementation-recovered h:windows/d114-stage5-banking-replay-observation t:p14-r7-65b78f7 t:portfolio-option-a-cb969	-,NO
16d407fb6f3c2a0a564ad826aec6bf83069fbfde	docs/p04/P04_CSIP_NON_REGRESSION.md	h:arena/01a0814b-iips-production-market-data h:arena/01a0853c-iips-production-market-data h:arena/01a0853d h:arena/01a0853d-iips-production-market-data h:arena/01a0a438-iips-production-market-data h:arena/01a0ae80-iips-production-market-data h:arena/01a0bdb5-iips-production-market-data h:arena/01a0c440-iips-production-market-data h:arena/01a0c86d-iips-production-market-data h:p14-implementation-recovered h:windows/d114-stage5-banking-replay-observation t:p14-r7-65b78f7 t:portfolio-option-a-cb969	-,NO
bb766a1bbf61252e0520902b98e45dbe2fa9476c	docs/p04/P04_DEPENDENCY_REGISTER.md	h:arena/01a0814b-iips-production-market-data h:arena/01a0853c-iips-production-market-data h:arena/01a0853d h:arena/01a0853d-iips-production-market-data h:arena/01a0a438-iips-production-market-data h:arena/01a0ae80-iips-production-market-data h:arena/01a0bdb5-iips-production-market-data h:arena/01a0c440-iips-production-market-data h:arena/01a0c86d-iips-production-market-data h:p14-implementation-recovered h:windows/d114-stage5-banking-replay-observation t:p14-r7-65b78f7 t:portfolio-option-a-cb969	-,NO
cf3ee07a7af4bb543afc9806225b9aa87d3cb5c4	docs/p04/P04_EVIDENCE.md	h:arena/01a0814b-iips-production-market-data h:arena/01a0853c-iips-production-market-data h:arena/01a0853d h:arena/01a0853d-iips-production-market-data h:arena/01a0a438-iips-production-market-data h:arena/01a0ae80-iips-production-market-data h:arena/01a0bdb5-iips-production-market-data h:arena/01a0c440-iips-production-market-data h:arena/01a0c86d-iips-production-market-data h:p14-implementation-recovered h:windows/d114-stage5-banking-replay-observation t:p14-r7-65b78f7 t:portfolio-option-a-cb969	-,NO
10eed14c95012bb6daa1d241f9907975f0d903dc	docs/p04/P04_EXCHANGE_VENUE_REFERENCE.md	h:arena/01a0814b-iips-production-market-data h:arena/01a0853c-iips-production-market-data h:arena/01a0853d h:arena/01a0853d-iips-production-market-data h:arena/01a0a438-iips-production-market-data h:arena/01a0ae80-iips-production-market-data h:arena/01a0bdb5-iips-production-market-data h:arena/01a0c440-iips-production-market-data h:arena/01a0c86d-iips-production-market-data h:p14-implementation-recovered h:windows/d114-stage5-banking-replay-observation t:p14-r7-65b78f7 t:portfolio-option-a-cb969	-,NO
6219952c1f4ae54694978b6deca136c8f5097ca5	docs/p04/P04_GATE_ACCEPTANCE.md	h:arena/01a0814b-iips-production-market-data h:arena/01a0853c-iips-production-market-data h:arena/01a0853d h:arena/01a0853d-iips-production-market-data h:arena/01a0a438-iips-production-market-data h:arena/01a0ae80-iips-production-market-data h:arena/01a0bdb5-iips-production-market-data h:arena/01a0c440-iips-production-market-data h:arena/01a0c86d-iips-production-market-data h:p14-implementation-recovered h:windows/d114-stage5-banking-replay-observation t:p14-r7-65b78f7 t:portfolio-option-a-cb969	-,NO
a2ee8a4d719401796489efd0c14196c71ca66fbf	docs/p04/P04_IDENTITY_ADAPTER_CONTRACT.md	h:arena/01a0814b-iips-production-market-data h:arena/01a0853c-iips-production-market-data h:arena/01a0853d h:arena/01a0853d-iips-production-market-data h:arena/01a0a438-iips-production-market-data h:arena/01a0ae80-iips-production-market-data h:arena/01a0bdb5-iips-production-market-data h:arena/01a0c440-iips-production-market-data h:arena/01a0c86d-iips-production-market-data h:p14-implementation-recovered h:windows/d114-stage5-banking-replay-observation t:p14-r7-65b78f7 t:portfolio-option-a-cb969	-,NO
a34a7feab2ce150fe116e240b6bd9bb5d0953144	docs/p04/P04_LIFECYCLE_AND_EFFECTIVE_DATING.md	h:arena/01a0814b-iips-production-market-data h:arena/01a0853c-iips-production-market-data h:arena/01a0853d h:arena/01a0853d-iips-production-market-data h:arena/01a0a438-iips-production-market-data h:arena/01a0ae80-iips-production-market-data h:arena/01a0bdb5-iips-production-market-data h:arena/01a0c440-iips-production-market-data h:arena/01a0c86d-iips-production-market-data h:p14-implementation-recovered h:windows/d114-stage5-banking-replay-observation t:p14-r7-65b78f7 t:portfolio-option-a-cb969	-,NO
bb75bd09ca592b0345b30136fdde844aba10d422	docs/p04/P04_LINEAGE_AND_VERSION_IMPACT.md	h:arena/01a0814b-iips-production-market-data h:arena/01a0853c-iips-production-market-data h:arena/01a0853d h:arena/01a0853d-iips-production-market-data h:arena/01a0a438-iips-production-market-data h:arena/01a0ae80-iips-production-market-data h:arena/01a0bdb5-iips-production-market-data h:arena/01a0c440-iips-production-market-data h:arena/01a0c86d-iips-production-market-data h:p14-implementation-recovered h:windows/d114-stage5-banking-replay-observation t:p14-r7-65b78f7 t:portfolio-option-a-cb969	-,NO
0c8b528cc8ce6cdc619603f26def080c5393e06d	docs/p04/P04_OPEN_ITEMS.md	h:arena/01a0814b-iips-production-market-data h:arena/01a0853c-iips-production-market-data h:arena/01a0853d h:arena/01a0853d-iips-production-market-data h:arena/01a0a438-iips-production-market-data h:arena/01a0ae80-iips-production-market-data h:arena/01a0bdb5-iips-production-market-data h:arena/01a0c440-iips-production-market-data h:arena/01a0c86d-iips-production-market-data h:p14-implementation-recovered h:windows/d114-stage5-banking-replay-observation t:p14-r7-65b78f7 t:portfolio-option-a-cb969	-,NO
392541333145ce64c9401b5405dd0dda09ba1910	docs/p04/P04_SCOPE_AND_BOUNDARY.md	h:arena/01a0814b-iips-production-market-data h:arena/01a0853c-iips-production-market-data h:arena/01a0853d h:arena/01a0853d-iips-production-market-data h:arena/01a0a438-iips-production-market-data h:arena/01a0ae80-iips-production-market-data h:arena/01a0bdb5-iips-production-market-data h:arena/01a0c440-iips-production-market-data h:arena/01a0c86d-iips-production-market-data h:p14-implementation-recovered h:windows/d114-stage5-banking-replay-observation t:p14-r7-65b78f7 t:portfolio-option-a-cb969	-,NO
5a5a68d51f6bae64b72c9dd14bc7327a73ccc4b4	docs/p04/P04_VALIDATION_RULES.md	h:arena/01a0814b-iips-production-market-data h:arena/01a0853c-iips-production-market-data h:arena/01a0853d h:arena/01a0853d-iips-production-market-data h:arena/01a0a438-iips-production-market-data h:arena/01a0ae80-iips-production-market-data h:arena/01a0bdb5-iips-production-market-data h:arena/01a0c440-iips-production-market-data h:arena/01a0c86d-iips-production-market-data h:p14-implementation-recovered h:windows/d114-stage5-banking-replay-observation t:p14-r7-65b78f7 t:portfolio-option-a-cb969	-,NO
808a846ae67c3cb62badbcd759c8779a68feb759	docs/p05/P05_01_EVIDENCE.md	h:arena/01a0814b-iips-production-market-data h:arena/01a0853c-iips-production-market-data h:arena/01a0853d h:arena/01a0853d-iips-production-market-data h:arena/01a0a438-iips-production-market-data h:arena/01a0ae80-iips-production-market-data h:arena/01a0bdb5-iips-production-market-data h:arena/01a0c440-iips-production-market-data h:arena/01a0c86d-iips-production-market-data h:p14-implementation-recovered h:windows/d114-stage5-banking-replay-observation t:p14-r7-65b78f7 t:portfolio-option-a-cb969	-,NO
45d917bf75c78c65b4870112c1fb06cf0d4799da	docs/p05/P05_01_OPEN_ITEMS.md	h:arena/01a0814b-iips-production-market-data h:arena/01a0853c-iips-production-market-data h:arena/01a0853d h:arena/01a0853d-iips-production-market-data h:arena/01a0a438-iips-production-market-data h:arena/01a0ae80-iips-production-market-data h:arena/01a0bdb5-iips-production-market-data h:arena/01a0c440-iips-production-market-data h:arena/01a0c86d-iips-production-market-data h:p14-implementation-recovered h:windows/d114-stage5-banking-replay-observation t:p14-r7-65b78f7 t:portfolio-option-a-cb969	-,NO
13bddd319d6c5ed9e4b919ef44c8dda78c100f6d	docs/p05/P05_01_SPECIFICATION.md	h:arena/01a0814b-iips-production-market-data h:arena/01a0853c-iips-production-market-data h:arena/01a0853d h:arena/01a0853d-iips-production-market-data h:arena/01a0a438-iips-production-market-data h:arena/01a0ae80-iips-production-market-data h:arena/01a0bdb5-iips-production-market-data h:arena/01a0c440-iips-production-market-data h:arena/01a0c86d-iips-production-market-data h:p14-implementation-recovered h:windows/d114-stage5-banking-replay-observation t:p14-r7-65b78f7 t:portfolio-option-a-cb969	-,NO
b092e9b55d70161f2890db0b748c02b6eae79f23	docs/p05/P05_02_EVIDENCE.md	h:arena/01a0814b-iips-production-market-data h:arena/01a0853c-iips-production-market-data h:arena/01a0853d h:arena/01a0853d-iips-production-market-data h:arena/01a0a438-iips-production-market-data h:arena/01a0ae80-iips-production-market-data h:arena/01a0bdb5-iips-production-market-data h:arena/01a0c440-iips-production-market-data h:arena/01a0c86d-iips-production-market-data h:p14-implementation-recovered h:windows/d114-stage5-banking-replay-observation t:p14-r7-65b78f7 t:portfolio-option-a-cb969	-,NO
864bb31983144cae06cfb7865dcc9b62566e275c	docs/p05/P05_02_OPEN_ITEMS.md	h:arena/01a0814b-iips-production-market-data h:arena/01a0853c-iips-production-market-data h:arena/01a0853d h:arena/01a0853d-iips-production-market-data h:arena/01a0a438-iips-production-market-data h:arena/01a0ae80-iips-production-market-data h:arena/01a0bdb5-iips-production-market-data h:arena/01a0c440-iips-production-market-data h:arena/01a0c86d-iips-production-market-data h:p14-implementation-recovered h:windows/d114-stage5-banking-replay-observation t:p14-r7-65b78f7 t:portfolio-option-a-cb969	-,NO
36a2e891c8dea043629e1f73ada8243308bdf9b4	docs/p05/P05_02_SPECIFICATION.md	h:arena/01a0814b-iips-production-market-data h:arena/01a0853c-iips-production-market-data h:arena/01a0853d h:arena/01a0853d-iips-production-market-data h:arena/01a0a438-iips-production-market-data h:arena/01a0ae80-iips-production-market-data h:arena/01a0bdb5-iips-production-market-data h:arena/01a0c440-iips-production-market-data h:arena/01a0c86d-iips-production-market-data h:p14-implementation-recovered h:windows/d114-stage5-banking-replay-observation t:p14-r7-65b78f7 t:portfolio-option-a-cb969	-,NO
cd665acb011d8ce51e7fd2b8a13ace637d44764f	docs/p05/P05_03_EVIDENCE.md	h:arena/01a0814b-iips-production-market-data h:arena/01a0853c-iips-production-market-data h:arena/01a0853d h:arena/01a0853d-iips-production-market-data h:arena/01a0a438-iips-production-market-data h:arena/01a0ae80-iips-production-market-data h:arena/01a0bdb5-iips-production-market-data h:arena/01a0c440-iips-production-market-data h:arena/01a0c86d-iips-production-market-data h:p14-implementation-recovered h:windows/d114-stage5-banking-replay-observation t:p14-r7-65b78f7 t:portfolio-option-a-cb969	-,NO
26d95e7b15dcb2cbcf8e6d543423bba125e0618c	docs/p05/P05_03_OPEN_ITEMS.md	h:arena/01a0814b-iips-production-market-data h:arena/01a0853c-iips-production-market-data h:arena/01a0853d h:arena/01a0853d-iips-production-market-data h:arena/01a0a438-iips-production-market-data h:arena/01a0ae80-iips-production-market-data h:arena/01a0bdb5-iips-production-market-data h:arena/01a0c440-iips-production-market-data h:arena/01a0c86d-iips-production-market-data h:p14-implementation-recovered h:windows/d114-stage5-banking-replay-observation t:p14-r7-65b78f7 t:portfolio-option-a-cb969	-,NO
d1f328a65726fda8e380c5bc0e757c4c19f71890	docs/p05/P05_03_SPECIFICATION.md	h:arena/01a0814b-iips-production-market-data h:arena/01a0853c-iips-production-market-data h:arena/01a0853d h:arena/01a0853d-iips-production-market-data h:arena/01a0a438-iips-production-market-data h:arena/01a0ae80-iips-production-market-data h:arena/01a0bdb5-iips-production-market-data h:arena/01a0c440-iips-production-market-data h:arena/01a0c86d-iips-production-market-data h:p14-implementation-recovered h:windows/d114-stage5-banking-replay-observation t:p14-r7-65b78f7 t:portfolio-option-a-cb969	-,NO
c4cb336840c9be91766461ef608bc7b88ae67ba5	docs/p05/P05_04_EVIDENCE.md	h:arena/01a0814b-iips-production-market-data h:arena/01a0853c-iips-production-market-data h:arena/01a0853d h:arena/01a0853d-iips-production-market-data h:arena/01a0a438-iips-production-market-data h:arena/01a0ae80-iips-production-market-data h:arena/01a0bdb5-iips-production-market-data h:arena/01a0c440-iips-production-market-data h:arena/01a0c86d-iips-production-market-data h:p14-implementation-recovered h:windows/d114-stage5-banking-replay-observation t:p14-r7-65b78f7 t:portfolio-option-a-cb969	-,NO
480a4c9630152606a7b5f182dce1bbb3f7477f7d	docs/p05/P05_ACCEPTANCE_CRITERIA.md	h:arena/01a0814b-iips-production-market-data h:arena/01a0853c-iips-production-market-data h:arena/01a0853d h:arena/01a0853d-iips-production-market-data h:arena/01a0a438-iips-production-market-data h:arena/01a0ae80-iips-production-market-data h:arena/01a0bdb5-iips-production-market-data h:arena/01a0c440-iips-production-market-data h:arena/01a0c86d-iips-production-market-data h:p14-implementation-recovered h:windows/d114-stage5-banking-replay-observation t:p14-r7-65b78f7 t:portfolio-option-a-cb969	-,NO
94f87c614795fc47692d924a8490bc8d41e98d5a	docs/p05/P05_GATE_ACCEPTANCE.md	h:arena/01a0814b-iips-production-market-data h:arena/01a0853c-iips-production-market-data h:arena/01a0853d h:arena/01a0853d-iips-production-market-data h:arena/01a0a438-iips-production-market-data h:arena/01a0ae80-iips-production-market-data h:arena/01a0bdb5-iips-production-market-data h:arena/01a0c440-iips-production-market-data h:arena/01a0c86d-iips-production-market-data h:p14-implementation-recovered h:windows/d114-stage5-banking-replay-observation t:p14-r7-65b78f7 t:portfolio-option-a-cb969	-,NO
f01f104be8b0eb66704aa4b579e91898890a7f2a	docs/p06/P06_01_EVIDENCE.md	h:arena/01a0814b-iips-production-market-data h:arena/01a0853c-iips-production-market-data h:arena/01a0853d h:arena/01a0853d-iips-production-market-data h:arena/01a0a438-iips-production-market-data h:arena/01a0ae80-iips-production-market-data h:arena/01a0bdb5-iips-production-market-data h:arena/01a0c440-iips-production-market-data h:arena/01a0c86d-iips-production-market-data h:p14-implementation-recovered h:windows/d114-stage5-banking-replay-observation t:p14-r7-65b78f7 t:portfolio-option-a-cb969	-,NO
cec3ca0ca0a31c9dc84a400d7c0b56f05b77c7c2	docs/p06/P06_02_EVIDENCE.md	h:arena/01a0814b-iips-production-market-data h:arena/01a0853c-iips-production-market-data h:arena/01a0853d h:arena/01a0853d-iips-production-market-data h:arena/01a0a438-iips-production-market-data h:arena/01a0ae80-iips-production-market-data h:arena/01a0bdb5-iips-production-market-data h:arena/01a0c440-iips-production-market-data h:arena/01a0c86d-iips-production-market-data h:p14-implementation-recovered h:windows/d114-stage5-banking-replay-observation t:p14-r7-65b78f7 t:portfolio-option-a-cb969	-,NO
4d9cc8bc9bc0f8b8edd3e0ed77c197831ca77a61	docs/p06/P06_03_EVIDENCE.md	h:arena/01a0814b-iips-production-market-data h:arena/01a0853c-iips-production-market-data h:arena/01a0853d h:arena/01a0853d-iips-production-market-data h:arena/01a0a438-iips-production-market-data h:arena/01a0ae80-iips-production-market-data h:arena/01a0bdb5-iips-production-market-data h:arena/01a0c440-iips-production-market-data h:arena/01a0c86d-iips-production-market-data h:p14-implementation-recovered h:windows/d114-stage5-banking-replay-observation t:p14-r7-65b78f7 t:portfolio-option-a-cb969	-,NO
75c9fb006c527f8c9529df85ba74339ecdc09656	docs/p06/P06_GATE_ACCEPTANCE.md	h:arena/01a0814b-iips-production-market-data h:arena/01a0853c-iips-production-market-data h:arena/01a0853d h:arena/01a0853d-iips-production-market-data h:arena/01a0a438-iips-production-market-data h:arena/01a0ae80-iips-production-market-data h:arena/01a0bdb5-iips-production-market-data h:arena/01a0c440-iips-production-market-data h:arena/01a0c86d-iips-production-market-data h:p14-implementation-recovered h:windows/d114-stage5-banking-replay-observation t:p14-r7-65b78f7 t:portfolio-option-a-cb969	-,NO
67b9ee2db3fbcb2fa96c9380311ab4162d8e3bbb	evidence/EXTERNAL_REMEDIATION_HANDOFF.md	h:arena/01a0814b-iips-production-market-data h:arena/01a0853d-iips-production-market-data h:arena/01a0a438-iips-production-market-data h:arena/01a0ae80-iips-production-market-data h:arena/01a0bdb5-iips-production-market-data h:arena/01a0c440-iips-production-market-data h:arena/01a0c86d-iips-production-market-data h:windows/d114-stage5-banking-replay-observation t:p14-r7-65b78f7 t:portfolio-option-a-cb969b6 t:post-cleanup-baseline-b46b4f4 t:temporary-cleanup-caf73ba	-,NO
bd07a1a468a25d6373372ac0adcff5c87c2b0f81	evidence/external-remediation-m1-ad4-repair.bundle	h:arena/01a0814b-iips-production-market-data h:arena/01a0853d-iips-production-market-data h:arena/01a0a438-iips-production-market-data h:arena/01a0ae80-iips-production-market-data h:arena/01a0bdb5-iips-production-market-data h:arena/01a0c440-iips-production-market-data h:arena/01a0c86d-iips-production-market-data h:windows/d114-stage5-banking-replay-observation t:p14-r7-65b78f7 t:portfolio-option-a-cb969b6 t:post-cleanup-baseline-b46b4f4 t:temporary-cleanup-caf73ba	-,NO
90aa46da6320eb6fa9bb8904dd6b68c221e6fb1a	evidence/external-remediation-m1-ad4-repair.patch	h:arena/01a0814b-iips-production-market-data h:arena/01a0853d-iips-production-market-data h:arena/01a0a438-iips-production-market-data h:arena/01a0ae80-iips-production-market-data h:arena/01a0bdb5-iips-production-market-data h:arena/01a0c440-iips-production-market-data h:arena/01a0c86d-iips-production-market-data h:windows/d114-stage5-banking-replay-observation t:p14-r7-65b78f7 t:portfolio-option-a-cb969b6 t:post-cleanup-baseline-b46b4f4 t:temporary-cleanup-caf73ba	-,NO
8bc640bbb83c1af827c5a03c2cf285c18d4c0623	frontend/index.html	h:arena/01a0814b-iips-production-market-data h:arena/01a0853d-iips-production-market-data h:arena/01a0a438-iips-production-market-data h:arena/01a0ae80-iips-production-market-data h:arena/01a0bdb5-iips-production-market-data h:arena/01a0c440-iips-production-market-data h:arena/01a0c86d-iips-production-market-data h:m1-ad4-repair h:windows/d114-stage5-banking-replay-observation t:p14-r7-65b78f7 t:portfolio-option-a-cb969b6 t:post-cleanup-baseline-b46b4f4 t:temporary-cleanup-caf73ba	-,NO
0bb178e4fb60868e6d01100ae0a68f2b52aaab86	frontend/package-lock.json	h:arena/01a0814b-iips-production-market-data h:arena/01a0853d-iips-production-market-data h:arena/01a0a438-iips-production-market-data h:arena/01a0ae80-iips-production-market-data h:arena/01a0bdb5-iips-production-market-data h:arena/01a0c86d-iips-production-market-data h:m1-ad4-repair h:windows/d114-stage5-banking-replay-observation t:p14-r7-65b78f7 t:portfolio-option-a-cb969b6 t:post-cleanup-baseline-b46b4f4 t:temporary-cleanup-caf73ba	-,NO
0e380068c82c4949734744e0681322adf5f32cf3	frontend/package.json	h:arena/01a0814b-iips-production-market-data h:arena/01a0853d-iips-production-market-data h:arena/01a0a438-iips-production-market-data h:arena/01a0ae80-iips-production-market-data h:arena/01a0bdb5-iips-production-market-data h:arena/01a0c86d-iips-production-market-data h:m1-ad4-repair h:windows/d114-stage5-banking-replay-observation t:p14-r7-65b78f7 t:portfolio-option-a-cb969b6 t:post-cleanup-baseline-b46b4f4 t:temporary-cleanup-caf73ba	-,NO
06f5d5bf0c77ec90254865046612f90a76983faa	frontend/server/admin-transport.test.ts	h:arena/01a0814b-iips-production-market-data h:arena/01a0853d-iips-production-market-data h:arena/01a0a438-iips-production-market-data h:arena/01a0ae80-iips-production-market-data h:arena/01a0bdb5-iips-production-market-data h:arena/01a0c440-iips-production-market-data h:arena/01a0c86d-iips-production-market-data h:m1-ad4-repair h:windows/d114-stage5-banking-replay-observation t:p14-r7-65b78f7 t:portfolio-option-a-cb969b6 t:post-cleanup-baseline-b46b4f4 t:temporary-cleanup-caf73ba	-,NO
8866dbe81b0f8140584dd0c72531cf30bf66ea64	frontend/server/admin-transport.ts	h:arena/01a0814b-iips-production-market-data h:arena/01a0a438-iips-production-market-data h:arena/01a0ae80-iips-production-market-data h:arena/01a0bdb5-iips-production-market-data h:arena/01a0c440-iips-production-market-data h:arena/01a0c86d-iips-production-market-data h:windows/d114-stage5-banking-replay-observation t:p14-r7-65b78f7 t:portfolio-option-a-cb969b6 t:post-cleanup-baseline-b46b4f4 t:temporary-cleanup-caf73ba	-,NO
775d412beb9109f791d2b6ed6744fd465ddcaf4a	frontend/server/ai-advisory-transport.test.ts	h:arena/01a0814b-iips-production-market-data h:arena/01a0853d-iips-production-market-data h:arena/01a0a438-iips-production-market-data h:arena/01a0ae80-iips-production-market-data h:arena/01a0bdb5-iips-production-market-data h:arena/01a0c440-iips-production-market-data h:arena/01a0c86d-iips-production-market-data h:m1-ad4-repair h:windows/d114-stage5-banking-replay-observation t:p14-r7-65b78f7 t:portfolio-option-a-cb969b6 t:post-cleanup-baseline-b46b4f4 t:temporary-cleanup-caf73ba	-,NO
e257814e3eb2dc591a55e955cd4855b7776af38a	frontend/server/ai-advisory-transport.ts	h:arena/01a0814b-iips-production-market-data h:arena/01a0853d-iips-production-market-data h:arena/01a0a438-iips-production-market-data h:arena/01a0a4a1-iips-production-market-data h:arena/01a0ae80-iips-production-market-data h:arena/01a0bdb5-iips-production-market-data h:arena/01a0c440-iips-production-market-data h:arena/01a0c86d-iips-production-market-data h:m1-ad4-repair h:windows/d114-stage5-banking-replay-observation t:p14-r7-65b78f7 t:portfolio-option-a-cb969b6 t:post-cleanup-baseline-b46b4	-,NO
da77227ada26602334359f0dd37967933b06b1ba	frontend/server/collaboration/collaboration-resolvers.ts	h:arena/01a0814b-iips-production-market-data h:arena/01a0a438-iips-production-market-data h:arena/01a0ae80-iips-production-market-data h:arena/01a0bdb5-iips-production-market-data h:arena/01a0c440-iips-production-market-data h:arena/01a0c86d-iips-production-market-data h:windows/d114-stage5-banking-replay-observation t:p14-r7-65b78f7 t:portfolio-option-a-cb969b6 t:post-cleanup-baseline-b46b4f4 t:temporary-cleanup-caf73ba	-,NO
4808d10fd4e11fa37dd79702afd0b8433a35812c	frontend/server/collaboration/collaboration-service.test.ts	h:arena/01a0814b-iips-production-market-data h:arena/01a0a438-iips-production-market-data h:arena/01a0ae80-iips-production-market-data h:arena/01a0bdb5-iips-production-market-data h:arena/01a0c440-iips-production-market-data h:arena/01a0c86d-iips-production-market-data h:windows/d114-stage5-banking-replay-observation t:p14-r7-65b78f7 t:portfolio-option-a-cb969b6 t:post-cleanup-baseline-b46b4f4 t:temporary-cleanup-caf73ba	-,NO
d4c5166ff4c861e12a968ca5ec83447680567b6c	frontend/server/collaboration/collaboration-service.ts	h:arena/01a0814b-iips-production-market-data h:arena/01a0a438-iips-production-market-data h:arena/01a0ae80-iips-production-market-data h:arena/01a0bdb5-iips-production-market-data h:arena/01a0c440-iips-production-market-data h:arena/01a0c86d-iips-production-market-data h:windows/d114-stage5-banking-replay-observation t:p14-r7-65b78f7 t:portfolio-option-a-cb969b6 t:post-cleanup-baseline-b46b4f4 t:temporary-cleanup-caf73ba	-,NO
98232972d8c5fbbe89de2217d8fbcf7224b472e6	frontend/server/collaboration/collaboration-transport.test.ts	h:arena/01a0814b-iips-production-market-data h:arena/01a0a438-iips-production-market-data h:arena/01a0ae80-iips-production-market-data h:arena/01a0bdb5-iips-production-market-data h:arena/01a0c440-iips-production-market-data h:arena/01a0c86d-iips-production-market-data h:windows/d114-stage5-banking-replay-observation t:p14-r7-65b78f7 t:portfolio-option-a-cb969b6 t:post-cleanup-baseline-b46b4f4 t:temporary-cleanup-caf73ba	-,NO
78a56f3a248816bfaf932e935e47dfc4b816c607	frontend/server/collaboration/collaboration-transport.ts	h:arena/01a0814b-iips-production-market-data h:arena/01a0a438-iips-production-market-data h:arena/01a0ae80-iips-production-market-data h:arena/01a0bdb5-iips-production-market-data h:arena/01a0c440-iips-production-market-data h:arena/01a0c86d-iips-production-market-data h:windows/d114-stage5-banking-replay-observation t:p14-r7-65b78f7 t:portfolio-option-a-cb969b6 t:post-cleanup-baseline-b46b4f4 t:temporary-cleanup-caf73ba	-,NO
18d31e1aaea42e0a15372bb5b09f32c087149e83	frontend/server/data-mode/data-mode.test.ts	h:arena/01a0814b-iips-production-market-data h:arena/01a0ae80-iips-production-market-data h:arena/01a0bdb5-iips-production-market-data h:arena/01a0c440-iips-production-market-data h:arena/01a0c86d-iips-production-market-data h:windows/d114-stage5-banking-replay-observation t:p14-r7-65b78f7 t:portfolio-option-a-cb969b6 t:post-cleanup-baseline-b46b4f4 t:temporary-cleanup-caf73ba	-,NO
285a72e64f4464034fc0d36e2c4ef93d9c63cbc2	frontend/server/data-mode/data-mode.ts	h:arena/01a0814b-iips-production-market-data h:arena/01a0a438-iips-production-market-data h:arena/01a0ae80-iips-production-market-data h:arena/01a0bdb5-iips-production-market-data h:arena/01a0c86d-iips-production-market-data h:windows/d114-stage5-banking-replay-observation t:p14-r7-65b78f7 t:portfolio-option-a-cb969b6 t:post-cleanup-baseline-b46b4f4 t:temporary-cleanup-caf73ba	-,NO
08977d663022c3f8ed104f59c343975e382792ec	frontend/server/directory/directory-wiring.test.ts	h:arena/01a0814b-iips-production-market-data h:arena/01a0853d-iips-production-market-data h:arena/01a0a438-iips-production-market-data h:arena/01a0ae80-iips-production-market-data h:arena/01a0bdb5-iips-production-market-data h:arena/01a0c440-iips-production-market-data h:arena/01a0c86d-iips-production-market-data h:m1-ad4-repair h:windows/d114-stage5-banking-replay-observation t:p14-r7-65b78f7 t:portfolio-option-a-cb969b6 t:post-cleanup-baseline-b46b4f4 t:temporary-cleanup-caf73ba	-,NO
d2a4b9656c16ce61e46390946878f6855a3b22e6	frontend/server/directory/directory-wiring.ts	h:arena/01a0814b-iips-production-market-data h:arena/01a0853d-iips-production-market-data h:arena/01a0a438-iips-production-market-data h:arena/01a0a4a1-iips-production-market-data h:arena/01a0ae80-iips-production-market-data h:arena/01a0bdb5-iips-production-market-data h:arena/01a0c440-iips-production-market-data h:arena/01a0c86d-iips-production-market-data h:m1-ad4-repair h:windows/d114-stage5-banking-replay-observation t:p14-r7-65b78f7 t:portfolio-option-a-cb969b6 t:post-cleanup-baseline-b46b4	-,NO
dd81a14db9e497a727676579ee7a15b3bc3966e5	frontend/server/directory/idp-sync.ts	h:arena/01a0814b-iips-production-market-data h:arena/01a0853d-iips-production-market-data h:arena/01a0a438-iips-production-market-data h:arena/01a0a4a1-iips-production-market-data h:arena/01a0ae80-iips-production-market-data h:arena/01a0bdb5-iips-production-market-data h:arena/01a0c440-iips-production-market-data h:arena/01a0c86d-iips-production-market-data h:m1-ad4-repair h:windows/d114-stage5-banking-replay-observation t:p14-r7-65b78f7 t:portfolio-option-a-cb969b6 t:post-cleanup-baseline-b46b4	-,NO
9a849ae901431257a4cc7950f74482bf2826c8a3	frontend/server/directory/roster-directory.test.ts	h:arena/01a0814b-iips-production-market-data h:arena/01a0853d-iips-production-market-data h:arena/01a0a438-iips-production-market-data h:arena/01a0ae80-iips-production-market-data h:arena/01a0bdb5-iips-production-market-data h:arena/01a0c440-iips-production-market-data h:arena/01a0c86d-iips-production-market-data h:m1-ad4-repair h:windows/d114-stage5-banking-replay-observation t:p14-r7-65b78f7 t:portfolio-option-a-cb969b6 t:post-cleanup-baseline-b46b4f4 t:temporary-cleanup-caf73ba	-,NO
fea1799c4b619f10146dd7ace1bfa42ed75b8119	frontend/server/directory/roster-directory.ts	h:arena/01a0814b-iips-production-market-data h:arena/01a0853d-iips-production-market-data h:arena/01a0a438-iips-production-market-data h:arena/01a0a4a1-iips-production-market-data h:arena/01a0ae80-iips-production-market-data h:arena/01a0bdb5-iips-production-market-data h:arena/01a0c440-iips-production-market-data h:arena/01a0c86d-iips-production-market-data h:m1-ad4-repair h:windows/d114-stage5-banking-replay-observation t:p14-r7-65b78f7 t:portfolio-option-a-cb969b6 t:post-cleanup-baseline-b46b4	-,NO
b01bed38cc0e58f8bcec6b864ae75b5aa4541128	frontend/server/executive-transport-l3-provenance.test.ts	h:arena/01a0814b-iips-production-market-data h:arena/01a0a438-iips-production-market-data h:arena/01a0ae80-iips-production-market-data h:arena/01a0bdb5-iips-production-market-data h:arena/01a0c440-iips-production-market-data h:arena/01a0c86d-iips-production-market-data h:windows/d114-stage5-banking-replay-observation t:p14-r7-65b78f7 t:portfolio-option-a-cb969b6 t:post-cleanup-baseline-b46b4f4 t:temporary-cleanup-caf73ba	-,NO
e9c90c1667af2c0bc48b5eb11b99aaf6d743bbd4	frontend/server/executive-transport.ts	h:arena/01a0814b-iips-production-market-data h:arena/01a0ae80-iips-production-market-data h:arena/01a0c86d-iips-production-market-data h:windows/d114-stage5-banking-replay-observation t:p14-r7-65b78f7	-,NO
c02c19e2d98097df2d280c749b1881b20ed533e8	frontend/server/live/admin-live-certification.test.ts	h:arena/01a0814b-iips-production-market-data h:arena/01a0853d-iips-production-market-data h:arena/01a0a438-iips-production-market-data h:arena/01a0ae80-iips-production-market-data h:arena/01a0bdb5-iips-production-market-data h:arena/01a0c440-iips-production-market-data h:arena/01a0c86d-iips-production-market-data h:m1-ad4-repair h:windows/d114-stage5-banking-replay-observation t:p14-r7-65b78f7 t:portfolio-option-a-cb969b6 t:post-cleanup-baseline-b46b4f4 t:temporary-cleanup-caf73ba	-,NO
5377b6a3439f1871b537d92dac5edbc4fc26f7ec	frontend/server/live/ai-advisory-live-certification.test.ts	h:arena/01a0814b-iips-production-market-data h:arena/01a0853d-iips-production-market-data h:arena/01a0a438-iips-production-market-data h:arena/01a0ae80-iips-production-market-data h:arena/01a0bdb5-iips-production-market-data h:arena/01a0c440-iips-production-market-data h:arena/01a0c86d-iips-production-market-data h:m1-ad4-repair h:windows/d114-stage5-banking-replay-observation t:p14-r7-65b78f7 t:portfolio-option-a-cb969b6 t:post-cleanup-baseline-b46b4f4 t:temporary-cleanup-caf73ba	-,NO
2a484fc6fa69a7dc543f5423bfd5bfa7d434a603	frontend/server/live/ai-advisory-live-e2e014.test.ts	h:arena/01a0814b-iips-production-market-data h:arena/01a0853d-iips-production-market-data h:arena/01a0a438-iips-production-market-data h:arena/01a0ae80-iips-production-market-data h:arena/01a0bdb5-iips-production-market-data h:arena/01a0c440-iips-production-market-data h:arena/01a0c86d-iips-production-market-data h:m1-ad4-repair h:windows/d114-stage5-banking-replay-observation t:p14-r7-65b78f7 t:portfolio-option-a-cb969b6 t:post-cleanup-baseline-b46b4f4 t:temporary-cleanup-caf73ba	-,NO
c4e5705812b90423c815735e067211d8e9e75454	frontend/server/live/keycloak-provision.mjs	h:arena/01a0814b-iips-production-market-data h:arena/01a0853d-iips-production-market-data h:arena/01a0a438-iips-production-market-data h:arena/01a0ae80-iips-production-market-data h:arena/01a0bdb5-iips-production-market-data h:arena/01a0c440-iips-production-market-data h:arena/01a0c86d-iips-production-market-data h:m1-ad4-repair h:windows/d114-stage5-banking-replay-observation t:p14-r7-65b78f7 t:portfolio-option-a-cb969b6 t:post-cleanup-baseline-b46b4f4 t:temporary-cleanup-caf73ba	-,NO
5dd1eedab0eb2d7da38e1eae7b50e89a0e0afe2c	frontend/server/live/live-tenant-engine.test.ts	h:arena/01a0814b-iips-production-market-data h:arena/01a0853d-iips-production-market-data h:arena/01a0a438-iips-production-market-data h:arena/01a0ae80-iips-production-market-data h:arena/01a0bdb5-iips-production-market-data h:arena/01a0c440-iips-production-market-data h:arena/01a0c86d-iips-production-market-data h:m1-ad4-repair t:portfolio-option-a-cb969b6 t:post-cleanup-baseline-b46b4f4 t:temporary-cleanup-caf73ba	-,NO
e807841f45467aa5368477df3aba06c67da8ee04	frontend/server/live/product-live-certification.test.ts	h:arena/01a0814b-iips-production-market-data h:arena/01a0853d-iips-production-market-data h:arena/01a0a438-iips-production-market-data h:arena/01a0ae80-iips-production-market-data h:arena/01a0bdb5-iips-production-market-data h:arena/01a0c440-iips-production-market-data h:arena/01a0c86d-iips-production-market-data h:m1-ad4-repair h:windows/d114-stage5-banking-replay-observation t:p14-r7-65b78f7 t:portfolio-option-a-cb969b6 t:post-cleanup-baseline-b46b4f4 t:temporary-cleanup-caf73ba	-,NO
4a937ce81c82a3bf114755dedd2dd124310d88d8	frontend/server/live/real-oidc-verifier.ts	h:arena/01a0814b-iips-production-market-data h:arena/01a0853d-iips-production-market-data h:arena/01a0a438-iips-production-market-data h:arena/01a0a4a1-iips-production-market-data h:arena/01a0ae80-iips-production-market-data h:arena/01a0bdb5-iips-production-market-data h:arena/01a0c440-iips-production-market-data h:arena/01a0c86d-iips-production-market-data h:m1-ad4-repair h:windows/d114-stage5-banking-replay-observation t:p14-r7-65b78f7 t:portfolio-option-a-cb969b6 t:post-cleanup-baseline-b46b4	-,NO
0af644d20369f931ee7287b901eea421d357bf57	frontend/server/macro/macro-transport.test.ts	h:arena/01a0814b-iips-production-market-data h:arena/01a0853d-iips-production-market-data h:arena/01a0a438-iips-production-market-data h:arena/01a0ae80-iips-production-market-data h:arena/01a0bdb5-iips-production-market-data h:arena/01a0c440-iips-production-market-data h:arena/01a0c86d-iips-production-market-data h:m1-ad4-repair h:windows/d114-stage5-banking-replay-observation t:p14-r7-65b78f7 t:portfolio-option-a-cb969b6 t:post-cleanup-baseline-b46b4f4 t:temporary-cleanup-caf73ba	-,NO
20cf3ec82e2f715200d9bf9c487678199d52288c	frontend/server/macro/mospi-source.test.ts	h:arena/01a0814b-iips-production-market-data h:arena/01a0853d-iips-production-market-data h:arena/01a0a438-iips-production-market-data h:arena/01a0ae80-iips-production-market-data h:arena/01a0bdb5-iips-production-market-data h:arena/01a0c440-iips-production-market-data h:arena/01a0c86d-iips-production-market-data h:m1-ad4-repair h:windows/d114-stage5-banking-replay-observation t:p14-r7-65b78f7 t:portfolio-option-a-cb969b6 t:post-cleanup-baseline-b46b4f4 t:temporary-cleanup-caf73ba	-,NO
5ccef665e82e7bcaacf0d70a504a9f22dd3e18e9	frontend/server/macro/mospi-source.ts	h:arena/01a0814b-iips-production-market-data h:arena/01a0853d-iips-production-market-data h:arena/01a0a438-iips-production-market-data h:arena/01a0a4a1-iips-production-market-data h:arena/01a0ae80-iips-production-market-data h:arena/01a0bdb5-iips-production-market-data h:arena/01a0c440-iips-production-market-data h:arena/01a0c86d-iips-production-market-data h:m1-ad4-repair h:windows/d114-stage5-banking-replay-observation t:p14-r7-65b78f7 t:portfolio-option-a-cb969b6 t:post-cleanup-baseline-b46b4	-,NO
80932eeae5e02520ee7d953e9b9680b907ad2f63	frontend/server/notes/notes-service.test.ts	h:arena/01a0814b-iips-production-market-data h:arena/01a0853d-iips-production-market-data h:arena/01a0a438-iips-production-market-data h:arena/01a0ae80-iips-production-market-data h:arena/01a0bdb5-iips-production-market-data h:arena/01a0c440-iips-production-market-data h:arena/01a0c86d-iips-production-market-data h:m1-ad4-repair h:windows/d114-stage5-banking-replay-observation t:p14-r7-65b78f7 t:portfolio-option-a-cb969b6 t:post-cleanup-baseline-b46b4f4 t:temporary-cleanup-caf73ba	-,NO
449d3b891a4c91d301b99e441e2bca25f1a1b879	frontend/server/notes/notes-service.ts	h:arena/01a0814b-iips-production-market-data h:arena/01a0853d-iips-production-market-data h:arena/01a0a438-iips-production-market-data h:arena/01a0a4a1-iips-production-market-data h:arena/01a0ae80-iips-production-market-data h:arena/01a0bdb5-iips-production-market-data h:arena/01a0c440-iips-production-market-data h:arena/01a0c86d-iips-production-market-data h:m1-ad4-repair h:windows/d114-stage5-banking-replay-observation t:p14-r7-65b78f7 t:portfolio-option-a-cb969b6 t:post-cleanup-baseline-b46b4	-,NO
a4e84a90176d8d876055bfec1dbd44d60b129558	frontend/server/notifications/notification-service.test.ts	h:arena/01a0814b-iips-production-market-data h:arena/01a0853d-iips-production-market-data h:arena/01a0a438-iips-production-market-data h:arena/01a0ae80-iips-production-market-data h:arena/01a0bdb5-iips-production-market-data h:arena/01a0c440-iips-production-market-data h:arena/01a0c86d-iips-production-market-data h:m1-ad4-repair h:windows/d114-stage5-banking-replay-observation t:p14-r7-65b78f7 t:portfolio-option-a-cb969b6 t:post-cleanup-baseline-b46b4f4 t:temporary-cleanup-caf73ba	-,NO
7890b00ecc9b1315964dd3c7af589fda290ea661	frontend/server/notifications/notification-service.ts	h:arena/01a0814b-iips-production-market-data h:arena/01a0853d-iips-production-market-data h:arena/01a0a438-iips-production-market-data h:arena/01a0a4a1-iips-production-market-data h:arena/01a0ae80-iips-production-market-data h:arena/01a0bdb5-iips-production-market-data h:arena/01a0c440-iips-production-market-data h:arena/01a0c86d-iips-production-market-data h:m1-ad4-repair h:windows/d114-stage5-banking-replay-observation t:p14-r7-65b78f7 t:portfolio-option-a-cb969b6 t:post-cleanup-baseline-b46b4	-,NO
6fa466897c1ff0960ec68706784bf0676c67c892	frontend/server/p12-request-handler.ts	h:arena/01a0814b-iips-production-market-data h:arena/01a0ae80-iips-production-market-data h:arena/01a0bdb5-iips-production-market-data h:arena/01a0c440-iips-production-market-data h:arena/01a0c86d-iips-production-market-data h:windows/d114-stage5-banking-replay-observation t:p14-r7-65b78f7 t:portfolio-option-a-cb969b6 t:post-cleanup-baseline-b46b4f4 t:temporary-cleanup-caf73ba	-,NO
20c47110428ba6fdb9652ddfe20742f5d3228ebe	frontend/server/p12-transport.test.ts	h:arena/01a0814b-iips-production-market-data h:arena/01a0853d-iips-production-market-data h:arena/01a0a438-iips-production-market-data h:arena/01a0ae80-iips-production-market-data h:arena/01a0bdb5-iips-production-market-data h:arena/01a0c440-iips-production-market-data h:arena/01a0c86d-iips-production-market-data h:windows/d114-stage5-banking-replay-observation t:p14-r7-65b78f7 t:portfolio-option-a-cb969b6 t:post-cleanup-baseline-b46b4f4 t:temporary-cleanup-caf73ba	-,NO
4c1b7014444414a2f84390c60640a5e756fcc9dc	frontend/server/p12-transport.ts	h:arena/01a0814b-iips-production-market-data h:arena/01a0a438-iips-production-market-data h:arena/01a0ae80-iips-production-market-data h:arena/01a0bdb5-iips-production-market-data h:arena/01a0c440-iips-production-market-data h:arena/01a0c86d-iips-production-market-data h:windows/d114-stage5-banking-replay-observation t:p14-r7-65b78f7 t:portfolio-option-a-cb969b6 t:post-cleanup-baseline-b46b4f4 t:temporary-cleanup-caf73ba	-,NO
ff5f6786541960c5488dabfb1c65ba85e97ef8d6	frontend/server/p12-universe.ts	h:arena/01a0814b-iips-production-market-data h:arena/01a0853d-iips-production-market-data h:arena/01a0a438-iips-production-market-data h:arena/01a0a4a1-iips-production-market-data h:arena/01a0ae80-iips-production-market-data h:arena/01a0bdb5-iips-production-market-data h:arena/01a0c440-iips-production-market-data h:arena/01a0c86d-iips-production-market-data h:windows/d114-stage5-banking-replay-observation t:p14-r7-65b78f7 t:portfolio-option-a-cb969b6 t:post-cleanup-baseline-b46b4f4 t:temporary-c	-,NO
42a2cbc966a21db9e426b3f681000852a914c161	frontend/server/persistence/persistence-service.test.ts	h:arena/01a0814b-iips-production-market-data h:arena/01a0853d-iips-production-market-data h:arena/01a0a438-iips-production-market-data h:arena/01a0ae80-iips-production-market-data h:arena/01a0bdb5-iips-production-market-data h:arena/01a0c440-iips-production-market-data h:arena/01a0c86d-iips-production-market-data h:m1-ad4-repair h:windows/d114-stage5-banking-replay-observation t:p14-r7-65b78f7 t:portfolio-option-a-cb969b6 t:post-cleanup-baseline-b46b4f4 t:temporary-cleanup-caf73ba	-,NO
ca735d5d8e2a11bdcf2c1c3a9b9fc42fb30abbaf	frontend/server/persistence/persistence-service.ts	h:arena/01a0814b-iips-production-market-data h:arena/01a0853d-iips-production-market-data h:arena/01a0a438-iips-production-market-data h:arena/01a0a4a1-iips-production-market-data h:arena/01a0ae80-iips-production-market-data h:arena/01a0bdb5-iips-production-market-data h:arena/01a0c440-iips-production-market-data h:arena/01a0c86d-iips-production-market-data h:m1-ad4-repair h:windows/d114-stage5-banking-replay-observation t:p14-r7-65b78f7 t:portfolio-option-a-cb969b6 t:post-cleanup-baseline-b46b4	-,NO
26c07752580b9177700eeb23d52a6f4320c52757	frontend/server/persistence/saved-screens-store.test.ts	h:arena/01a0814b-iips-production-market-data h:arena/01a0a438-iips-production-market-data h:arena/01a0ae80-iips-production-market-data h:arena/01a0bdb5-iips-production-market-data h:arena/01a0c440-iips-production-market-data h:arena/01a0c86d-iips-production-market-data h:windows/d114-stage5-banking-replay-observation t:p14-r7-65b78f7 t:portfolio-option-a-cb969b6 t:post-cleanup-baseline-b46b4f4 t:temporary-cleanup-caf73ba	-,NO
f4fd943d0daa44e05daff8a4ddb869bc3aabff34	frontend/server/persistence/saved-screens-store.ts	h:arena/01a0814b-iips-production-market-data h:arena/01a0a438-iips-production-market-data h:arena/01a0ae80-iips-production-market-data h:arena/01a0bdb5-iips-production-market-data h:arena/01a0c440-iips-production-market-data h:arena/01a0c86d-iips-production-market-data h:windows/d114-stage5-banking-replay-observation t:p14-r7-65b78f7 t:portfolio-option-a-cb969b6 t:post-cleanup-baseline-b46b4f4 t:temporary-cleanup-caf73ba	-,NO
e067946bde718c0470fbb10710a7e5dff5f26b0a	frontend/server/portfolio/portfolio-data-mode.test.ts	h:arena/01a0814b-iips-production-market-data h:arena/01a0a438-iips-production-market-data h:arena/01a0ae80-iips-production-market-data h:arena/01a0bdb5-iips-production-market-data h:arena/01a0c440-iips-production-market-data h:arena/01a0c86d-iips-production-market-data h:windows/d114-stage5-banking-replay-observation t:p14-r7-65b78f7 t:portfolio-option-a-cb969b6 t:post-cleanup-baseline-b46b4f4 t:temporary-cleanup-caf73ba	-,NO
a0a6b4b67a61721a6829c12d30244a959242cd22	frontend/server/portfolio/portfolio-data-mode.ts	h:arena/01a0814b-iips-production-market-data h:arena/01a0a438-iips-production-market-data h:arena/01a0ae80-iips-production-market-data h:arena/01a0bdb5-iips-production-market-data h:arena/01a0c440-iips-production-market-data h:arena/01a0c86d-iips-production-market-data h:windows/d114-stage5-banking-replay-observation t:p14-r7-65b78f7 t:portfolio-option-a-cb969b6 t:post-cleanup-baseline-b46b4f4 t:temporary-cleanup-caf73ba	-,NO
6c74c5f3fd8f108fa45b1f41261a738776702bd3	frontend/server/read-guard.test.ts	h:arena/01a0814b-iips-production-market-data h:arena/01a0853d-iips-production-market-data h:arena/01a0a438-iips-production-market-data h:arena/01a0ae80-iips-production-market-data h:arena/01a0bdb5-iips-production-market-data h:arena/01a0c440-iips-production-market-data h:arena/01a0c86d-iips-production-market-data h:m1-ad4-repair h:windows/d114-stage5-banking-replay-observation t:p14-r7-65b78f7 t:portfolio-option-a-cb969b6 t:post-cleanup-baseline-b46b4f4 t:temporary-cleanup-caf73ba	-,NO
b230be4f0bdee456ba344dd078898ddca0bffa5a	frontend/server/reports/reports-service.test.ts	h:arena/01a0814b-iips-production-market-data h:arena/01a0a438-iips-production-market-data h:arena/01a0ae80-iips-production-market-data h:arena/01a0bdb5-iips-production-market-data h:arena/01a0c440-iips-production-market-data h:arena/01a0c86d-iips-production-market-data h:windows/d114-stage5-banking-replay-observation t:p14-r7-65b78f7 t:portfolio-option-a-cb969b6 t:post-cleanup-baseline-b46b4f4 t:temporary-cleanup-caf73ba	-,NO
d64d543bedbc86820e64d8ea7e9a5d3be48344b2	frontend/server/reports/reports-service.ts	h:arena/01a0814b-iips-production-market-data h:arena/01a0a438-iips-production-market-data h:arena/01a0ae80-iips-production-market-data h:arena/01a0bdb5-iips-production-market-data h:arena/01a0c440-iips-production-market-data h:arena/01a0c86d-iips-production-market-data h:windows/d114-stage5-banking-replay-observation t:p14-r7-65b78f7 t:portfolio-option-a-cb969b6 t:post-cleanup-baseline-b46b4f4 t:temporary-cleanup-caf73ba	-,NO
c70b10c1a48b10bb59a9a49c9ed3c2d3aa96ca13	frontend/server/reports/reports-transport.test.ts	h:arena/01a0814b-iips-production-market-data h:arena/01a0a438-iips-production-market-data h:arena/01a0ae80-iips-production-market-data h:arena/01a0bdb5-iips-production-market-data h:arena/01a0c440-iips-production-market-data h:arena/01a0c86d-iips-production-market-data h:windows/d114-stage5-banking-replay-observation t:p14-r7-65b78f7 t:portfolio-option-a-cb969b6 t:post-cleanup-baseline-b46b4f4 t:temporary-cleanup-caf73ba	-,NO
60d82c02481bd4d23f1b9ee39a882a85a56ae8cc	frontend/server/reports/reports-transport.ts	h:arena/01a0814b-iips-production-market-data h:arena/01a0a438-iips-production-market-data h:arena/01a0ae80-iips-production-market-data h:arena/01a0bdb5-iips-production-market-data h:arena/01a0c440-iips-production-market-data h:arena/01a0c86d-iips-production-market-data h:windows/d114-stage5-banking-replay-observation t:p14-r7-65b78f7 t:portfolio-option-a-cb969b6 t:post-cleanup-baseline-b46b4f4 t:temporary-cleanup-caf73ba	-,NO
ef42dcc2d998f3ab98d0e3f7fa133440aa428391	frontend/server/secrets/secret-authority.test.ts	h:arena/01a0814b-iips-production-market-data h:arena/01a0853d-iips-production-market-data h:arena/01a0a438-iips-production-market-data h:arena/01a0ae80-iips-production-market-data h:arena/01a0bdb5-iips-production-market-data h:arena/01a0c440-iips-production-market-data h:arena/01a0c86d-iips-production-market-data h:m1-ad4-repair h:windows/d114-stage5-banking-replay-observation t:p14-r7-65b78f7 t:portfolio-option-a-cb969b6 t:post-cleanup-baseline-b46b4f4 t:temporary-cleanup-caf73ba	-,NO
62eeb38abdb4dd1d72eb2f50d9ada64fb6ada257	frontend/server/secrets/secret-authority.ts	h:arena/01a0814b-iips-production-market-data h:arena/01a0853d-iips-production-market-data h:arena/01a0a438-iips-production-market-data h:arena/01a0a4a1-iips-production-market-data h:arena/01a0ae80-iips-production-market-data h:arena/01a0bdb5-iips-production-market-data h:arena/01a0c440-iips-production-market-data h:arena/01a0c86d-iips-production-market-data h:m1-ad4-repair h:windows/d114-stage5-banking-replay-observation t:p14-r7-65b78f7 t:portfolio-option-a-cb969b6 t:post-cleanup-baseline-b46b4	-,NO
2ab788596f752405d38bc413aad212b7dc500de0	frontend/server/secured-executor.test.ts	h:arena/01a0814b-iips-production-market-data h:arena/01a0853d-iips-production-market-data h:arena/01a0a438-iips-production-market-data h:arena/01a0ae80-iips-production-market-data h:arena/01a0bdb5-iips-production-market-data h:arena/01a0c440-iips-production-market-data h:arena/01a0c86d-iips-production-market-data h:m1-ad4-repair h:windows/d114-stage5-banking-replay-observation t:p14-r7-65b78f7 t:portfolio-option-a-cb969b6 t:post-cleanup-baseline-b46b4f4 t:temporary-cleanup-caf73ba	-,NO
f85692ddd0bea3e1d5c58463fa198e50d1a8fc56	frontend/server/secured-executor.ts	h:arena/01a0814b-iips-production-market-data h:arena/01a0853d-iips-production-market-data h:arena/01a0a438-iips-production-market-data h:arena/01a0a4a1-iips-production-market-data h:arena/01a0ae80-iips-production-market-data h:arena/01a0bdb5-iips-production-market-data h:arena/01a0c440-iips-production-market-data h:arena/01a0c86d-iips-production-market-data h:m1-ad4-repair h:windows/d114-stage5-banking-replay-observation t:p14-r7-65b78f7 t:portfolio-option-a-cb969b6 t:post-cleanup-baseline-b46b4	-,NO
d81e22eb8466755c4aec6a673bf3920498b21619	frontend/server/settings/settings-service.test.ts	h:arena/01a0814b-iips-production-market-data h:arena/01a0a438-iips-production-market-data h:arena/01a0ae80-iips-production-market-data h:arena/01a0bdb5-iips-production-market-data h:arena/01a0c440-iips-production-market-data h:arena/01a0c86d-iips-production-market-data h:windows/d114-stage5-banking-replay-observation t:p14-r7-65b78f7 t:portfolio-option-a-cb969b6 t:post-cleanup-baseline-b46b4f4 t:temporary-cleanup-caf73ba	-,NO
2740427d87670aeaf67ff848f2c00f4c1d5f4565	frontend/server/settings/settings-service.ts	h:arena/01a0814b-iips-production-market-data h:arena/01a0a438-iips-production-market-data h:arena/01a0ae80-iips-production-market-data h:arena/01a0bdb5-iips-production-market-data h:arena/01a0c440-iips-production-market-data h:arena/01a0c86d-iips-production-market-data h:windows/d114-stage5-banking-replay-observation t:p14-r7-65b78f7 t:portfolio-option-a-cb969b6 t:post-cleanup-baseline-b46b4f4 t:temporary-cleanup-caf73ba	-,NO
cd40dc753de44a63b88335db7685c23f8e83dde2	frontend/server/settings/settings-transport.test.ts	h:arena/01a0814b-iips-production-market-data h:arena/01a0a438-iips-production-market-data h:arena/01a0ae80-iips-production-market-data h:arena/01a0bdb5-iips-production-market-data h:arena/01a0c440-iips-production-market-data h:arena/01a0c86d-iips-production-market-data h:windows/d114-stage5-banking-replay-observation t:p14-r7-65b78f7 t:portfolio-option-a-cb969b6 t:post-cleanup-baseline-b46b4f4 t:temporary-cleanup-caf73ba	-,NO
6ba26550b2de4672a69b1bc2e3bddcd6654b24fb	frontend/server/watchlists/watchlists-service.test.ts	h:arena/01a0814b-iips-production-market-data h:arena/01a0a438-iips-production-market-data h:arena/01a0ae80-iips-production-market-data h:arena/01a0bdb5-iips-production-market-data h:arena/01a0c440-iips-production-market-data h:arena/01a0c86d-iips-production-market-data h:windows/d114-stage5-banking-replay-observation t:p14-r7-65b78f7 t:portfolio-option-a-cb969b6 t:post-cleanup-baseline-b46b4f4 t:temporary-cleanup-caf73ba	-,NO
a2d32e33730745a4f0211aba65c4d8396878796b	frontend/server/watchlists/watchlists-service.ts	h:arena/01a0814b-iips-production-market-data h:arena/01a0a438-iips-production-market-data h:arena/01a0ae80-iips-production-market-data h:arena/01a0bdb5-iips-production-market-data h:arena/01a0c440-iips-production-market-data h:arena/01a0c86d-iips-production-market-data h:windows/d114-stage5-banking-replay-observation t:p14-r7-65b78f7 t:portfolio-option-a-cb969b6 t:post-cleanup-baseline-b46b4f4 t:temporary-cleanup-caf73ba	-,NO
a97c797d20ca53cfb424367f3c40f297acd74fae	frontend/server/watchlists/watchlists-transport.test.ts	h:arena/01a0814b-iips-production-market-data h:arena/01a0a438-iips-production-market-data h:arena/01a0ae80-iips-production-market-data h:arena/01a0bdb5-iips-production-market-data h:arena/01a0c440-iips-production-market-data h:arena/01a0c86d-iips-production-market-data h:windows/d114-stage5-banking-replay-observation t:p14-r7-65b78f7 t:portfolio-option-a-cb969b6 t:post-cleanup-baseline-b46b4f4 t:temporary-cleanup-caf73ba	-,NO
1bdeba2e7c5272dd53c3d93d7b8e53e5bd8a51a0	frontend/server/watchlists/watchlists-transport.ts	h:arena/01a0814b-iips-production-market-data h:arena/01a0a438-iips-production-market-data h:arena/01a0ae80-iips-production-market-data h:arena/01a0bdb5-iips-production-market-data h:arena/01a0c440-iips-production-market-data h:arena/01a0c86d-iips-production-market-data h:windows/d114-stage5-banking-replay-observation t:p14-r7-65b78f7 t:portfolio-option-a-cb969b6 t:post-cleanup-baseline-b46b4f4 t:temporary-cleanup-caf73ba	-,NO
3deb4de1cbbb27a992eb7b184f3eeb1c1ab7e58c	frontend/src/api/admin.ts	h:arena/01a0814b-iips-production-market-data h:arena/01a0853d-iips-production-market-data h:arena/01a0a438-iips-production-market-data h:arena/01a0a4a1-iips-production-market-data h:arena/01a0ae80-iips-production-market-data h:arena/01a0bdb5-iips-production-market-data h:arena/01a0c440-iips-production-market-data h:arena/01a0c86d-iips-production-market-data h:m1-ad4-repair h:windows/d114-stage5-banking-replay-observation t:p14-r7-65b78f7 t:portfolio-option-a-cb969b6 t:post-cleanup-baseline-b46b4	-,NO
2258e54c179e505f816611dfe300ed174d8739b9	frontend/src/api/aiAdvisory.ts	h:arena/01a0814b-iips-production-market-data h:arena/01a0853d-iips-production-market-data h:arena/01a0a438-iips-production-market-data h:arena/01a0a4a1-iips-production-market-data h:arena/01a0ae80-iips-production-market-data h:arena/01a0bdb5-iips-production-market-data h:arena/01a0c440-iips-production-market-data h:arena/01a0c86d-iips-production-market-data h:m1-ad4-repair h:windows/d114-stage5-banking-replay-observation t:p14-r7-65b78f7 t:portfolio-option-a-cb969b6 t:post-cleanup-baseline-b46b4	-,NO
311609e724fa0c9f3feeb0a9551f94b32283a998	frontend/src/api/authFetch.test.ts	h:arena/01a0814b-iips-production-market-data h:arena/01a0853d-iips-production-market-data h:arena/01a0a438-iips-production-market-data h:arena/01a0ae80-iips-production-market-data h:arena/01a0bdb5-iips-production-market-data h:arena/01a0c440-iips-production-market-data h:arena/01a0c86d-iips-production-market-data h:m1-ad4-repair h:windows/d114-stage5-banking-replay-observation t:p14-r7-65b78f7 t:portfolio-option-a-cb969b6 t:post-cleanup-baseline-b46b4f4 t:temporary-cleanup-caf73ba	-,NO
a64db79e03d8985bc799568dc144ec1b314daad3	frontend/src/api/authFetch.ts	h:arena/01a0814b-iips-production-market-data h:arena/01a0853d-iips-production-market-data h:arena/01a0a438-iips-production-market-data h:arena/01a0a4a1-iips-production-market-data h:arena/01a0ae80-iips-production-market-data h:arena/01a0bdb5-iips-production-market-data h:arena/01a0c440-iips-production-market-data h:arena/01a0c86d-iips-production-market-data h:m1-ad4-repair h:windows/d114-stage5-banking-replay-observation t:p14-r7-65b78f7 t:portfolio-option-a-cb969b6 t:post-cleanup-baseline-b46b4	-,NO
507d7373f8cc104dcd17d45e3fbddfd62c7f2461	frontend/src/api/collaboration.ts	h:arena/01a0814b-iips-production-market-data h:arena/01a0a438-iips-production-market-data h:arena/01a0ae80-iips-production-market-data h:arena/01a0bdb5-iips-production-market-data h:arena/01a0c440-iips-production-market-data h:arena/01a0c86d-iips-production-market-data h:windows/d114-stage5-banking-replay-observation t:p14-r7-65b78f7 t:portfolio-option-a-cb969b6 t:post-cleanup-baseline-b46b4f4 t:temporary-cleanup-caf73ba	-,NO
1235c20eca0da67f8c40d2ea2e9a1710cd85928f	frontend/src/api/company.ts	h:arena/01a0814b-iips-production-market-data h:arena/01a0853d-iips-production-market-data h:arena/01a0a4a1-iips-production-market-data h:arena/01a0ae80-iips-production-market-data h:arena/01a0bdb5-iips-production-market-data h:arena/01a0c86d-iips-production-market-data h:m1-ad4-repair h:windows/d114-stage5-banking-replay-observation t:p14-r7-65b78f7 t:portfolio-option-a-cb969b6 t:post-cleanup-baseline-b46b4f4 t:temporary-cleanup-caf73ba	-,NO
d03631ad1d095b1474a9787613c15cb5303813f6	frontend/src/api/crossSector.ts	h:arena/01a0814b-iips-production-market-data h:arena/01a0853d-iips-production-market-data h:arena/01a0a4a1-iips-production-market-data h:arena/01a0ae80-iips-production-market-data h:arena/01a0bdb5-iips-production-market-data h:arena/01a0c440-iips-production-market-data h:arena/01a0c86d-iips-production-market-data h:m1-ad4-repair h:windows/d114-stage5-banking-replay-observation t:p14-r7-65b78f7 t:portfolio-option-a-cb969b6 t:post-cleanup-baseline-b46b4f4 t:temporary-cleanup-caf73ba	-,NO
e27882a76ea7c829de4c88c6856de9bde056e4bd	frontend/src/api/dataMode.ts	h:arena/01a0814b-iips-production-market-data h:arena/01a0a438-iips-production-market-data h:arena/01a0ae80-iips-production-market-data h:arena/01a0bdb5-iips-production-market-data h:arena/01a0c86d-iips-production-market-data h:windows/d114-stage5-banking-replay-observation t:p14-r7-65b78f7 t:portfolio-option-a-cb969b6 t:post-cleanup-baseline-b46b4f4 t:temporary-cleanup-caf73ba	-,NO
311e86c084592cee0212ba788624f27e44186bf7	frontend/src/api/decisionMatrix.ts	h:arena/01a0814b-iips-production-market-data h:arena/01a0853d-iips-production-market-data h:arena/01a0a4a1-iips-production-market-data h:arena/01a0ae80-iips-production-market-data h:arena/01a0bdb5-iips-production-market-data h:arena/01a0c440-iips-production-market-data h:arena/01a0c86d-iips-production-market-data h:m1-ad4-repair h:windows/d114-stage5-banking-replay-observation t:p14-r7-65b78f7 t:portfolio-option-a-cb969b6 t:post-cleanup-baseline-b46b4f4 t:temporary-cleanup-caf73ba	-,NO
8ea7c864519e9974ca5f7ac57b80b709e767d704	frontend/src/api/evidence.ts	h:arena/01a0814b-iips-production-market-data h:arena/01a0853d-iips-production-market-data h:arena/01a0a4a1-iips-production-market-data h:arena/01a0ae80-iips-production-market-data h:arena/01a0bdb5-iips-production-market-data h:arena/01a0c440-iips-production-market-data h:arena/01a0c86d-iips-production-market-data h:m1-ad4-repair h:windows/d114-stage5-banking-replay-observation t:p14-r7-65b78f7 t:portfolio-option-a-cb969b6 t:post-cleanup-baseline-b46b4f4 t:temporary-cleanup-caf73ba	-,NO
ae934b89ba6fb0d7551b0d0dda4d347350cb4cf4	frontend/src/api/executive.ts	h:arena/01a0814b-iips-production-market-data h:arena/01a0853d-iips-production-market-data h:arena/01a0a4a1-iips-production-market-data h:arena/01a0ae80-iips-production-market-data h:arena/01a0bdb5-iips-production-market-data h:arena/01a0c440-iips-production-market-data h:arena/01a0c86d-iips-production-market-data h:m1-ad4-repair h:windows/d114-stage5-banking-replay-observation t:p14-r7-65b78f7 t:portfolio-option-a-cb969b6 t:post-cleanup-baseline-b46b4f4 t:temporary-cleanup-caf73ba	-,NO
bcda69b10acb1387671acf907b33f860639cd7b0	frontend/src/api/macro.ts	h:arena/01a0814b-iips-production-market-data h:arena/01a0853d-iips-production-market-data h:arena/01a0a438-iips-production-market-data h:arena/01a0a4a1-iips-production-market-data h:arena/01a0ae80-iips-production-market-data h:arena/01a0bdb5-iips-production-market-data h:arena/01a0c440-iips-production-market-data h:arena/01a0c86d-iips-production-market-data h:m1-ad4-repair h:windows/d114-stage5-banking-replay-observation t:p14-r7-65b78f7 t:portfolio-option-a-cb969b6 t:post-cleanup-baseline-b46b4	-,NO
82140b694c641a494deae78d32acae5ce01bb0e1	frontend/src/api/notes.ts	h:arena/01a0814b-iips-production-market-data h:arena/01a0853d-iips-production-market-data h:arena/01a0a438-iips-production-market-data h:arena/01a0a4a1-iips-production-market-data h:arena/01a0ae80-iips-production-market-data h:arena/01a0bdb5-iips-production-market-data h:arena/01a0c440-iips-production-market-data h:arena/01a0c86d-iips-production-market-data h:m1-ad4-repair h:windows/d114-stage5-banking-replay-observation t:p14-r7-65b78f7 t:portfolio-option-a-cb969b6 t:post-cleanup-baseline-b46b4	-,NO
3960212fd0f19ed5eea1b2f5a5ab6f778e43993d	frontend/src/api/notifications.ts	h:arena/01a0814b-iips-production-market-data h:arena/01a0853d-iips-production-market-data h:arena/01a0a438-iips-production-market-data h:arena/01a0a4a1-iips-production-market-data h:arena/01a0ae80-iips-production-market-data h:arena/01a0bdb5-iips-production-market-data h:arena/01a0c440-iips-production-market-data h:arena/01a0c86d-iips-production-market-data h:m1-ad4-repair h:windows/d114-stage5-banking-replay-observation t:p14-r7-65b78f7 t:portfolio-option-a-cb969b6 t:post-cleanup-baseline-b46b4	-,NO
ce3007c663da9f20e5be9d38ae62307fc9273a3a	frontend/src/api/p12Screener.ts	h:arena/01a0814b-iips-production-market-data h:arena/01a0853d-iips-production-market-data h:arena/01a0a4a1-iips-production-market-data h:arena/01a0ae80-iips-production-market-data h:arena/01a0bdb5-iips-production-market-data h:arena/01a0c440-iips-production-market-data h:arena/01a0c86d-iips-production-market-data h:windows/d114-stage5-banking-replay-observation t:p14-r7-65b78f7 t:portfolio-option-a-cb969b6 t:post-cleanup-baseline-b46b4f4 t:temporary-cleanup-caf73ba	-,NO
816cf12247a6810a97b3f54bac5e6f6c0179cd3d	frontend/src/api/p12Search.ts	h:arena/01a0814b-iips-production-market-data h:arena/01a0853d-iips-production-market-data h:arena/01a0a4a1-iips-production-market-data h:arena/01a0ae80-iips-production-market-data h:arena/01a0bdb5-iips-production-market-data h:arena/01a0c440-iips-production-market-data h:arena/01a0c86d-iips-production-market-data h:windows/d114-stage5-banking-replay-observation t:p14-r7-65b78f7 t:portfolio-option-a-cb969b6 t:post-cleanup-baseline-b46b4f4 t:temporary-cleanup-caf73ba	-,NO
46009de07dbe586a497ad0cd5d4cca00b3970911	frontend/src/api/portfolio.ts	h:arena/01a0814b-iips-production-market-data h:arena/01a0a438-iips-production-market-data h:arena/01a0ae80-iips-production-market-data h:arena/01a0c440-iips-production-market-data h:arena/01a0c86d-iips-production-market-data h:windows/d114-stage5-banking-replay-observation t:p14-r7-65b78f7	-,NO
2eb95837e6d57d7e1d110bb2564a3642c721942a	frontend/src/api/readClients.test.ts	h:arena/01a0814b-iips-production-market-data h:arena/01a0853d-iips-production-market-data h:arena/01a0a438-iips-production-market-data h:arena/01a0ae80-iips-production-market-data h:arena/01a0bdb5-iips-production-market-data h:arena/01a0c440-iips-production-market-data h:arena/01a0c86d-iips-production-market-data h:m1-ad4-repair h:windows/d114-stage5-banking-replay-observation t:p14-r7-65b78f7 t:portfolio-option-a-cb969b6 t:post-cleanup-baseline-b46b4f4 t:temporary-cleanup-caf73ba	-,NO
56e236dfbca653d804ae95a6ff32901bc3eeeb98	frontend/src/api/replay.ts	h:arena/01a0814b-iips-production-market-data h:arena/01a0853d-iips-production-market-data h:arena/01a0a4a1-iips-production-market-data h:arena/01a0ae80-iips-production-market-data h:arena/01a0bdb5-iips-production-market-data h:arena/01a0c440-iips-production-market-data h:arena/01a0c86d-iips-production-market-data h:m1-ad4-repair h:windows/d114-stage5-banking-replay-observation t:p14-r7-65b78f7 t:portfolio-option-a-cb969b6 t:post-cleanup-baseline-b46b4f4 t:temporary-cleanup-caf73ba	-,NO
4d8f22941f6dcf3739fc1ad227ec0f8f57ca8f2d	frontend/src/api/reports.ts	h:arena/01a0814b-iips-production-market-data h:arena/01a0a438-iips-production-market-data h:arena/01a0ae80-iips-production-market-data h:arena/01a0bdb5-iips-production-market-data h:arena/01a0c440-iips-production-market-data h:arena/01a0c86d-iips-production-market-data h:windows/d114-stage5-banking-replay-observation t:p14-r7-65b78f7 t:portfolio-option-a-cb969b6 t:post-cleanup-baseline-b46b4f4 t:temporary-cleanup-caf73ba	-,NO
a9877a7b39217a990b3fa04bb62e5751414a3f1c	frontend/src/api/settings.ts	h:arena/01a0814b-iips-production-market-data h:arena/01a0a438-iips-production-market-data h:arena/01a0ae80-iips-production-market-data h:arena/01a0bdb5-iips-production-market-data h:arena/01a0c440-iips-production-market-data h:arena/01a0c86d-iips-production-market-data h:windows/d114-stage5-banking-replay-observation t:p14-r7-65b78f7 t:portfolio-option-a-cb969b6 t:post-cleanup-baseline-b46b4f4 t:temporary-cleanup-caf73ba	-,NO
18a68ca121685ceda62578c3754f9d7329765d14	frontend/src/api/watchlists.ts	h:arena/01a0814b-iips-production-market-data h:arena/01a0a438-iips-production-market-data h:arena/01a0ae80-iips-production-market-data h:arena/01a0bdb5-iips-production-market-data h:arena/01a0c440-iips-production-market-data h:arena/01a0c86d-iips-production-market-data h:windows/d114-stage5-banking-replay-observation t:p14-r7-65b78f7 t:portfolio-option-a-cb969b6 t:post-cleanup-baseline-b46b4f4 t:temporary-cleanup-caf73ba	-,NO
0ae6ae14a9507c085271ae3e0e532688ea17bbec	frontend/src/app/App.test.tsx	h:arena/01a0814b-iips-production-market-data h:arena/01a0853d-iips-production-market-data h:arena/01a0a438-iips-production-market-data h:arena/01a0ae80-iips-production-market-data h:arena/01a0bdb5-iips-production-market-data h:arena/01a0c440-iips-production-market-data h:arena/01a0c86d-iips-production-market-data h:m1-ad4-repair h:windows/d114-stage5-banking-replay-observation t:p14-r7-65b78f7 t:portfolio-option-a-cb969b6 t:post-cleanup-baseline-b46b4f4 t:temporary-cleanup-caf73ba	-,NO
1e6dde580d214e1a00acef195d0507a1b5a89134	frontend/src/app/App.tsx	h:arena/01a0814b-iips-production-market-data h:arena/01a0a438-iips-production-market-data h:arena/01a0ae80-iips-production-market-data h:arena/01a0bdb5-iips-production-market-data h:arena/01a0c440-iips-production-market-data h:arena/01a0c86d-iips-production-market-data h:windows/d114-stage5-banking-replay-observation t:p14-r7-65b78f7 t:portfolio-option-a-cb969b6 t:post-cleanup-baseline-b46b4f4 t:temporary-cleanup-caf73ba	-,NO
e05b823faf9ed5de8dea81d39f808fa1861a753b	frontend/src/app/AppShell.tsx	h:arena/01a0814b-iips-production-market-data h:arena/01a0853d-iips-production-market-data h:arena/01a0a438-iips-production-market-data h:arena/01a0a4a1-iips-production-market-data h:arena/01a0ae80-iips-production-market-data h:arena/01a0bdb5-iips-production-market-data h:arena/01a0c440-iips-production-market-data h:arena/01a0c86d-iips-production-market-data h:m1-ad4-repair h:windows/d114-stage5-banking-replay-observation t:p14-r7-65b78f7 t:portfolio-option-a-cb969b6 t:post-cleanup-baseline-b46b4	-,NO
71c450b86f64718f51cd14be713595d63bd5c08c	frontend/src/app/Sidebar.test.tsx	h:arena/01a0814b-iips-production-market-data h:arena/01a0853d-iips-production-market-data h:arena/01a0a438-iips-production-market-data h:arena/01a0ae80-iips-production-market-data h:arena/01a0bdb5-iips-production-market-data h:arena/01a0c440-iips-production-market-data h:arena/01a0c86d-iips-production-market-data h:m1-ad4-repair h:windows/d114-stage5-banking-replay-observation t:p14-r7-65b78f7 t:portfolio-option-a-cb969b6 t:post-cleanup-baseline-b46b4f4 t:temporary-cleanup-caf73ba	-,NO
f1d22d3d0536e183abab9c9c75f5e9433bfa35dc	frontend/src/app/Sidebar.tsx	h:arena/01a0814b-iips-production-market-data h:arena/01a0853d-iips-production-market-data h:arena/01a0a438-iips-production-market-data h:arena/01a0a4a1-iips-production-market-data h:arena/01a0ae80-iips-production-market-data h:arena/01a0bdb5-iips-production-market-data h:arena/01a0c440-iips-production-market-data h:arena/01a0c86d-iips-production-market-data h:m1-ad4-repair t:portfolio-option-a-cb969b6 t:post-cleanup-baseline-b46b4f4 t:temporary-cleanup-caf73ba	-,NO
99100762e7c0df922e657631c8654cb5e8857e84	frontend/src/app/TopBar.tsx	h:arena/01a0814b-iips-production-market-data h:arena/01a0853d-iips-production-market-data h:arena/01a0a4a1-iips-production-market-data h:arena/01a0ae80-iips-production-market-data h:arena/01a0bdb5-iips-production-market-data h:arena/01a0c440-iips-production-market-data h:arena/01a0c86d-iips-production-market-data h:m1-ad4-repair t:portfolio-option-a-cb969b6 t:post-cleanup-baseline-b46b4f4 t:temporary-cleanup-caf73ba	-,NO
fd4534d54f7d3a1c3fff2f8549d6be2dea91c424	frontend/src/app/navigation.test.ts	h:arena/01a0814b-iips-production-market-data h:arena/01a0a438-iips-production-market-data h:arena/01a0ae80-iips-production-market-data h:arena/01a0bdb5-iips-production-market-data h:arena/01a0c440-iips-production-market-data h:arena/01a0c86d-iips-production-market-data h:windows/d114-stage5-banking-replay-observation t:p14-r7-65b78f7 t:portfolio-option-a-cb969b6 t:post-cleanup-baseline-b46b4f4 t:temporary-cleanup-caf73ba	-,NO
f72e3809f6ea4ab05eb1af946e967593d52b471c	frontend/src/app/navigation.ts	h:arena/01a0814b-iips-production-market-data h:arena/01a0a438-iips-production-market-data h:arena/01a0ae80-iips-production-market-data h:arena/01a0bdb5-iips-production-market-data h:arena/01a0c440-iips-production-market-data h:arena/01a0c86d-iips-production-market-data h:windows/d114-stage5-banking-replay-observation t:p14-r7-65b78f7 t:portfolio-option-a-cb969b6 t:post-cleanup-baseline-b46b4f4 t:temporary-cleanup-caf73ba	-,NO
ea1fd329460a96732f872b83e573a42cb22fbc0a	frontend/src/app/routes.ts	h:arena/01a0814b-iips-production-market-data h:arena/01a0853d-iips-production-market-data h:arena/01a0a438-iips-production-market-data h:arena/01a0a4a1-iips-production-market-data h:arena/01a0ae80-iips-production-market-data h:arena/01a0bdb5-iips-production-market-data h:arena/01a0c440-iips-production-market-data h:arena/01a0c86d-iips-production-market-data h:m1-ad4-repair h:windows/d114-stage5-banking-replay-observation t:p14-r7-65b78f7 t:portfolio-option-a-cb969b6 t:post-cleanup-baseline-b46b4	-,NO
d2b44c63d1146833e0d3545f2452714680e3567b	frontend/src/components/ai/AiExplanation.test.tsx	h:arena/01a0814b-iips-production-market-data h:arena/01a0853d-iips-production-market-data h:arena/01a0a438-iips-production-market-data h:arena/01a0ae80-iips-production-market-data h:arena/01a0bdb5-iips-production-market-data h:arena/01a0c440-iips-production-market-data h:arena/01a0c86d-iips-production-market-data h:m1-ad4-repair h:windows/d114-stage5-banking-replay-observation t:p14-r7-65b78f7 t:portfolio-option-a-cb969b6 t:post-cleanup-baseline-b46b4f4 t:temporary-cleanup-caf73ba	-,NO
df8bb2b9a5c7ed6c6db20b233e9369d285589421	frontend/src/components/ai/AiExplanation.tsx	h:arena/01a0814b-iips-production-market-data h:arena/01a0853d-iips-production-market-data h:arena/01a0a438-iips-production-market-data h:arena/01a0a4a1-iips-production-market-data h:arena/01a0ae80-iips-production-market-data h:arena/01a0bdb5-iips-production-market-data h:arena/01a0c440-iips-production-market-data h:arena/01a0c86d-iips-production-market-data h:m1-ad4-repair h:windows/d114-stage5-banking-replay-observation t:p14-r7-65b78f7 t:portfolio-option-a-cb969b6 t:post-cleanup-baseline-b46b4	-,NO
48d8f1a64a3c139cf7c04deb573c6ace22f6c81b	frontend/src/components/company/CompanyHeader.test.tsx	h:arena/01a0814b-iips-production-market-data h:arena/01a0853d-iips-production-market-data h:arena/01a0a438-iips-production-market-data h:arena/01a0ae80-iips-production-market-data h:arena/01a0bdb5-iips-production-market-data h:arena/01a0c440-iips-production-market-data h:arena/01a0c86d-iips-production-market-data h:m1-ad4-repair h:windows/d114-stage5-banking-replay-observation t:p14-r7-65b78f7 t:portfolio-option-a-cb969b6 t:post-cleanup-baseline-b46b4f4 t:temporary-cleanup-caf73ba	-,NO
16e7ddc603f3c00441fe44223d0075a696a91dfb	frontend/src/components/company/CompanyHeader.tsx	h:arena/01a0814b-iips-production-market-data h:arena/01a0853d-iips-production-market-data h:arena/01a0a438-iips-production-market-data h:arena/01a0a4a1-iips-production-market-data h:arena/01a0ae80-iips-production-market-data h:arena/01a0bdb5-iips-production-market-data h:arena/01a0c440-iips-production-market-data h:arena/01a0c86d-iips-production-market-data h:m1-ad4-repair h:windows/d114-stage5-banking-replay-observation t:p14-r7-65b78f7 t:portfolio-option-a-cb969b6 t:post-cleanup-baseline-b46b4	-,NO
ca2a5e427503a16023f85b1508b85e7e10716270	frontend/src/components/data/DataComponents.test.tsx	h:arena/01a0814b-iips-production-market-data h:arena/01a0853d-iips-production-market-data h:arena/01a0a438-iips-production-market-data h:arena/01a0ae80-iips-production-market-data h:arena/01a0bdb5-iips-production-market-data h:arena/01a0c440-iips-production-market-data h:arena/01a0c86d-iips-production-market-data h:m1-ad4-repair h:windows/d114-stage5-banking-replay-observation t:p14-r7-65b78f7 t:portfolio-option-a-cb969b6 t:post-cleanup-baseline-b46b4f4 t:temporary-cleanup-caf73ba	-,NO
1c5fcf237ba7f825b1932386f6b6d18e1624ce12	frontend/src/components/decision/DecisionComponents.test.tsx	h:arena/01a0814b-iips-production-market-data h:arena/01a0853d-iips-production-market-data h:arena/01a0a438-iips-production-market-data h:arena/01a0ae80-iips-production-market-data h:arena/01a0bdb5-iips-production-market-data h:arena/01a0c440-iips-production-market-data h:arena/01a0c86d-iips-production-market-data h:m1-ad4-repair h:windows/d114-stage5-banking-replay-observation t:p14-r7-65b78f7 t:portfolio-option-a-cb969b6 t:post-cleanup-baseline-b46b4f4 t:temporary-cleanup-caf73ba	-,NO
e4d2225d1c0825c1175bb5fc266939ec9eaf089b	frontend/src/components/evidence/Ad17Disclosure.test.tsx	h:arena/01a0814b-iips-production-market-data h:arena/01a0a438-iips-production-market-data h:arena/01a0ae80-iips-production-market-data h:arena/01a0bdb5-iips-production-market-data h:arena/01a0c440-iips-production-market-data h:arena/01a0c86d-iips-production-market-data h:windows/d114-stage5-banking-replay-observation t:p14-r7-65b78f7 t:portfolio-option-a-cb969b6 t:post-cleanup-baseline-b46b4f4 t:temporary-cleanup-caf73ba	-,NO
096237baf2b42f268e184f6d2cc6cc112731a205	frontend/src/components/evidence/EvidenceComponents.test.tsx	h:arena/01a0814b-iips-production-market-data h:arena/01a0853d-iips-production-market-data h:arena/01a0a438-iips-production-market-data h:arena/01a0ae80-iips-production-market-data h:arena/01a0bdb5-iips-production-market-data h:arena/01a0c440-iips-production-market-data h:arena/01a0c86d-iips-production-market-data h:m1-ad4-repair h:windows/d114-stage5-banking-replay-observation t:p14-r7-65b78f7 t:portfolio-option-a-cb969b6 t:post-cleanup-baseline-b46b4f4 t:temporary-cleanup-caf73ba	-,NO
30c16daa1d3e4ca9c9fb38424ae7a8ed54e22093	frontend/src/components/evidence/EvidenceComponents.tsx	h:arena/01a0814b-iips-production-market-data h:arena/01a0853d-iips-production-market-data h:arena/01a0a438-iips-production-market-data h:arena/01a0a4a1-iips-production-market-data h:arena/01a0ae80-iips-production-market-data h:arena/01a0bdb5-iips-production-market-data h:arena/01a0c440-iips-production-market-data h:arena/01a0c86d-iips-production-market-data h:m1-ad4-repair h:windows/d114-stage5-banking-replay-observation t:p14-r7-65b78f7 t:portfolio-option-a-cb969b6 t:post-cleanup-baseline-b46b4	-,NO
f9f880e9119fed763cf4cd8978651d689892e20b	frontend/src/components/evidence/EvidenceExplorerComponents.tsx	h:arena/01a0814b-iips-production-market-data h:arena/01a0a438-iips-production-market-data h:arena/01a0ae80-iips-production-market-data h:arena/01a0bdb5-iips-production-market-data h:arena/01a0c440-iips-production-market-data h:arena/01a0c86d-iips-production-market-data h:windows/d114-stage5-banking-replay-observation t:p14-r7-65b78f7 t:portfolio-option-a-cb969b6 t:post-cleanup-baseline-b46b4f4 t:temporary-cleanup-caf73ba	-,NO
4ca2d234443c5645dae5e6bd3c6455cffdb66630	frontend/src/components/interaction/InteractionComponents.test.tsx	h:arena/01a0814b-iips-production-market-data h:arena/01a0853d-iips-production-market-data h:arena/01a0a438-iips-production-market-data h:arena/01a0ae80-iips-production-market-data h:arena/01a0bdb5-iips-production-market-data h:arena/01a0c440-iips-production-market-data h:arena/01a0c86d-iips-production-market-data h:m1-ad4-repair h:windows/d114-stage5-banking-replay-observation t:p14-r7-65b78f7 t:portfolio-option-a-cb969b6 t:post-cleanup-baseline-b46b4f4 t:temporary-cleanup-caf73ba	-,NO
3abae0377e3e90cd2bd69a69f13653f96063b739	frontend/src/components/interaction/InteractionComponents.tsx	h:arena/01a0814b-iips-production-market-data h:arena/01a0853d-iips-production-market-data h:arena/01a0a438-iips-production-market-data h:arena/01a0a4a1-iips-production-market-data h:arena/01a0ae80-iips-production-market-data h:arena/01a0bdb5-iips-production-market-data h:arena/01a0c440-iips-production-market-data h:arena/01a0c86d-iips-production-market-data h:m1-ad4-repair h:windows/d114-stage5-banking-replay-observation t:p14-r7-65b78f7 t:portfolio-option-a-cb969b6 t:post-cleanup-baseline-b46b4	-,NO
06864afd02d4d5c2c8a0a9219208d1089ec54aaa	frontend/src/components/provenance/P12Provenance.tsx	h:arena/01a0814b-iips-production-market-data h:arena/01a0853d-iips-production-market-data h:arena/01a0a438-iips-production-market-data h:arena/01a0a4a1-iips-production-market-data h:arena/01a0ae80-iips-production-market-data h:arena/01a0bdb5-iips-production-market-data h:arena/01a0c440-iips-production-market-data h:arena/01a0c86d-iips-production-market-data h:windows/d114-stage5-banking-replay-observation t:p14-r7-65b78f7 t:portfolio-option-a-cb969b6 t:post-cleanup-baseline-b46b4f4 t:temporary-c	-,NO
43adb89c2b480c93a5e372d983d672688b9bb36f	frontend/src/components/shell/ShellStates.test.tsx	h:arena/01a0814b-iips-production-market-data h:arena/01a0853d-iips-production-market-data h:arena/01a0a438-iips-production-market-data h:arena/01a0ae80-iips-production-market-data h:arena/01a0bdb5-iips-production-market-data h:arena/01a0c440-iips-production-market-data h:arena/01a0c86d-iips-production-market-data h:m1-ad4-repair h:windows/d114-stage5-banking-replay-observation t:p14-r7-65b78f7 t:portfolio-option-a-cb969b6 t:post-cleanup-baseline-b46b4f4 t:temporary-cleanup-caf73ba	-,NO
b264ace76b11dd04747d674b68a2421009304551	frontend/src/components/state/DataModeUnavailable.tsx	h:arena/01a0814b-iips-production-market-data h:arena/01a0a438-iips-production-market-data h:arena/01a0ae80-iips-production-market-data h:arena/01a0bdb5-iips-production-market-data h:arena/01a0c440-iips-production-market-data h:arena/01a0c86d-iips-production-market-data h:windows/d114-stage5-banking-replay-observation t:p14-r7-65b78f7 t:portfolio-option-a-cb969b6 t:post-cleanup-baseline-b46b4f4 t:temporary-cleanup-caf73ba	-,NO
69befa19b193f57f0bea5d154e5db518878fd563	frontend/src/components/state/StateComponents.test.tsx	h:arena/01a0814b-iips-production-market-data h:arena/01a0a438-iips-production-market-data h:arena/01a0ae80-iips-production-market-data h:arena/01a0bdb5-iips-production-market-data h:arena/01a0c440-iips-production-market-data h:arena/01a0c86d-iips-production-market-data h:windows/d114-stage5-banking-replay-observation t:p14-r7-65b78f7 t:portfolio-option-a-cb969b6 t:post-cleanup-baseline-b46b4f4 t:temporary-cleanup-caf73ba	-,NO
bed78de8227aa866c6d086e107150b8884761797	frontend/src/components/ui/Badges.test.tsx	h:arena/01a0814b-iips-production-market-data h:arena/01a0853d-iips-production-market-data h:arena/01a0a438-iips-production-market-data h:arena/01a0ae80-iips-production-market-data h:arena/01a0bdb5-iips-production-market-data h:arena/01a0c440-iips-production-market-data h:arena/01a0c86d-iips-production-market-data h:m1-ad4-repair h:windows/d114-stage5-banking-replay-observation t:p14-r7-65b78f7 t:portfolio-option-a-cb969b6 t:post-cleanup-baseline-b46b4f4 t:temporary-cleanup-caf73ba	-,NO
0301f0158068647dbbc04cf957778ebbdc74a3ed	frontend/src/components/viz/ChartFoundations.test.tsx	h:arena/01a0814b-iips-production-market-data h:arena/01a0853d-iips-production-market-data h:arena/01a0a438-iips-production-market-data h:arena/01a0ae80-iips-production-market-data h:arena/01a0bdb5-iips-production-market-data h:arena/01a0c440-iips-production-market-data h:arena/01a0c86d-iips-production-market-data h:m1-ad4-repair h:windows/d114-stage5-banking-replay-observation t:p14-r7-65b78f7 t:portfolio-option-a-cb969b6 t:post-cleanup-baseline-b46b4f4 t:temporary-cleanup-caf73ba	-,NO
cf0b19f2a40f7bb8e421ead4153ca2852d1f2a04	frontend/src/components/viz/ChartFoundations.tsx	h:arena/01a0814b-iips-production-market-data h:arena/01a0853d-iips-production-market-data h:arena/01a0a438-iips-production-market-data h:arena/01a0a4a1-iips-production-market-data h:arena/01a0ae80-iips-production-market-data h:arena/01a0bdb5-iips-production-market-data h:arena/01a0c440-iips-production-market-data h:arena/01a0c86d-iips-production-market-data h:m1-ad4-repair h:windows/d114-stage5-banking-replay-observation t:p14-r7-65b78f7 t:portfolio-option-a-cb969b6 t:post-cleanup-baseline-b46b4	-,NO
68c084724c630c9f3a50a14aee458e58e820c091	frontend/src/core/auth/AuthProvider.test.tsx	h:arena/01a0814b-iips-production-market-data h:arena/01a0853d-iips-production-market-data h:arena/01a0a438-iips-production-market-data h:arena/01a0ae80-iips-production-market-data h:arena/01a0bdb5-iips-production-market-data h:arena/01a0c440-iips-production-market-data h:arena/01a0c86d-iips-production-market-data h:m1-ad4-repair h:windows/d114-stage5-banking-replay-observation t:p14-r7-65b78f7 t:portfolio-option-a-cb969b6 t:post-cleanup-baseline-b46b4f4 t:temporary-cleanup-caf73ba	-,NO
cef3818f2b52b71c30326ef208539098db08ac82	frontend/src/core/auth/AuthProvider.tsx	h:arena/01a0814b-iips-production-market-data h:arena/01a0853d-iips-production-market-data h:arena/01a0a438-iips-production-market-data h:arena/01a0a4a1-iips-production-market-data h:arena/01a0ae80-iips-production-market-data h:arena/01a0bdb5-iips-production-market-data h:arena/01a0c440-iips-production-market-data h:arena/01a0c86d-iips-production-market-data h:m1-ad4-repair h:windows/d114-stage5-banking-replay-observation t:p14-r7-65b78f7 t:portfolio-option-a-cb969b6 t:post-cleanup-baseline-b46b4	-,NO
40649f2ada6fd16e621479ac458cf9f3bdc010b9	frontend/src/core/auth/authContract.test.ts	h:arena/01a0814b-iips-production-market-data h:arena/01a0853d-iips-production-market-data h:arena/01a0a438-iips-production-market-data h:arena/01a0ae80-iips-production-market-data h:arena/01a0bdb5-iips-production-market-data h:arena/01a0c440-iips-production-market-data h:arena/01a0c86d-iips-production-market-data h:m1-ad4-repair h:windows/d114-stage5-banking-replay-observation t:p14-r7-65b78f7 t:portfolio-option-a-cb969b6 t:post-cleanup-baseline-b46b4f4 t:temporary-cleanup-caf73ba	-,NO
a9052d894c82b997ce94639c4d318bfa9c2dcc20	frontend/src/core/auth/authContract.ts	h:arena/01a0814b-iips-production-market-data h:arena/01a0853d-iips-production-market-data h:arena/01a0a438-iips-production-market-data h:arena/01a0a4a1-iips-production-market-data h:arena/01a0ae80-iips-production-market-data h:arena/01a0bdb5-iips-production-market-data h:arena/01a0c440-iips-production-market-data h:arena/01a0c86d-iips-production-market-data h:m1-ad4-repair h:windows/d114-stage5-banking-replay-observation t:p14-r7-65b78f7 t:portfolio-option-a-cb969b6 t:post-cleanup-baseline-b46b4	-,NO
fad1986b15307d029a6d05700a520d3f960036ac	frontend/src/core/auth/keycloakAdapter.test.ts	h:arena/01a0814b-iips-production-market-data h:arena/01a0853d-iips-production-market-data h:arena/01a0a438-iips-production-market-data h:arena/01a0ae80-iips-production-market-data h:arena/01a0bdb5-iips-production-market-data h:arena/01a0c440-iips-production-market-data h:arena/01a0c86d-iips-production-market-data h:m1-ad4-repair h:windows/d114-stage5-banking-replay-observation t:p14-r7-65b78f7 t:portfolio-option-a-cb969b6 t:post-cleanup-baseline-b46b4f4 t:temporary-cleanup-caf73ba	-,NO
d7aefbb0ae45cd2f70068f2a28bbc0a10cccc0bc	frontend/src/core/auth/keycloakAdapter.ts	h:arena/01a0814b-iips-production-market-data h:arena/01a0853d-iips-production-market-data h:arena/01a0a438-iips-production-market-data h:arena/01a0a4a1-iips-production-market-data h:arena/01a0ae80-iips-production-market-data h:arena/01a0bdb5-iips-production-market-data h:arena/01a0c440-iips-production-market-data h:arena/01a0c86d-iips-production-market-data h:m1-ad4-repair h:windows/d114-stage5-banking-replay-observation t:p14-r7-65b78f7 t:portfolio-option-a-cb969b6 t:post-cleanup-baseline-b46b4	-,NO
a05aee19a31f2c361f9aa811786cb0263c81e893	frontend/src/core/auth/oidcClient.test.ts	h:arena/01a0814b-iips-production-market-data h:arena/01a0853d-iips-production-market-data h:arena/01a0a438-iips-production-market-data h:arena/01a0ae80-iips-production-market-data h:arena/01a0bdb5-iips-production-market-data h:arena/01a0c440-iips-production-market-data h:arena/01a0c86d-iips-production-market-data h:m1-ad4-repair h:windows/d114-stage5-banking-replay-observation t:p14-r7-65b78f7 t:portfolio-option-a-cb969b6 t:post-cleanup-baseline-b46b4f4 t:temporary-cleanup-caf73ba	-,NO
638fa3b5ada9ce4e99dede7feaaf06f50b271671	frontend/src/core/auth/oidcClient.ts	h:arena/01a0814b-iips-production-market-data h:arena/01a0853d-iips-production-market-data h:arena/01a0a438-iips-production-market-data h:arena/01a0a4a1-iips-production-market-data h:arena/01a0ae80-iips-production-market-data h:arena/01a0bdb5-iips-production-market-data h:arena/01a0c440-iips-production-market-data h:arena/01a0c86d-iips-production-market-data h:m1-ad4-repair h:windows/d114-stage5-banking-replay-observation t:p14-r7-65b78f7 t:portfolio-option-a-cb969b6 t:post-cleanup-baseline-b46b4	-,NO
d3ce08ea3dd744a419f17f3a2c29f52cfcbfca9d	frontend/src/core/session/SessionContext.tsx	h:arena/01a0814b-iips-production-market-data h:arena/01a0853d-iips-production-market-data h:arena/01a0a438-iips-production-market-data h:arena/01a0a4a1-iips-production-market-data h:arena/01a0ae80-iips-production-market-data h:arena/01a0bdb5-iips-production-market-data h:arena/01a0c440-iips-production-market-data h:arena/01a0c86d-iips-production-market-data h:m1-ad4-repair h:windows/d114-stage5-banking-replay-observation t:p14-r7-65b78f7 t:portfolio-option-a-cb969b6 t:post-cleanup-baseline-b46b4	-,NO
4368c4b50404fa45ff28e4dc60e82008dd9ce360	frontend/src/core/theme/global.css	h:arena/01a0814b-iips-production-market-data h:arena/01a0853d-iips-production-market-data h:arena/01a0a438-iips-production-market-data h:arena/01a0a4a1-iips-production-market-data h:arena/01a0ae80-iips-production-market-data h:arena/01a0bdb5-iips-production-market-data h:arena/01a0c440-iips-production-market-data h:arena/01a0c86d-iips-production-market-data h:m1-ad4-repair t:portfolio-option-a-cb969b6 t:post-cleanup-baseline-b46b4f4 t:temporary-cleanup-caf73ba	-,NO
0afc9b66b4ec31318b145300454731e4af655b9c	frontend/src/core/theme/theme.test.ts	h:arena/01a0814b-iips-production-market-data h:arena/01a0853d-iips-production-market-data h:arena/01a0a438-iips-production-market-data h:arena/01a0ae80-iips-production-market-data h:arena/01a0bdb5-iips-production-market-data h:arena/01a0c440-iips-production-market-data h:arena/01a0c86d-iips-production-market-data h:m1-ad4-repair h:windows/d114-stage5-banking-replay-observation t:p14-r7-65b78f7 t:portfolio-option-a-cb969b6 t:post-cleanup-baseline-b46b4f4 t:temporary-cleanup-caf73ba	-,NO
92061264c57d7b5e0489aa3280a223674bde2268	frontend/src/core/theme/theme.ts	h:arena/01a0814b-iips-production-market-data h:arena/01a0853d-iips-production-market-data h:arena/01a0a438-iips-production-market-data h:arena/01a0a4a1-iips-production-market-data h:arena/01a0ae80-iips-production-market-data h:arena/01a0bdb5-iips-production-market-data h:arena/01a0c440-iips-production-market-data h:arena/01a0c86d-iips-production-market-data h:m1-ad4-repair h:windows/d114-stage5-banking-replay-observation t:p14-r7-65b78f7 t:portfolio-option-a-cb969b6 t:post-cleanup-baseline-b46b4	-,NO
9ac0a5e53974b2efe38f54ddbf2c765b73a4d8f2	frontend/src/features/admin/AdminAudit.tsx	h:arena/01a0814b-iips-production-market-data h:arena/01a0853d-iips-production-market-data h:arena/01a0a438-iips-production-market-data h:arena/01a0a4a1-iips-production-market-data h:arena/01a0ae80-iips-production-market-data h:arena/01a0bdb5-iips-production-market-data h:arena/01a0c440-iips-production-market-data h:arena/01a0c86d-iips-production-market-data h:m1-ad4-repair h:windows/d114-stage5-banking-replay-observation t:p14-r7-65b78f7 t:portfolio-option-a-cb969b6 t:post-cleanup-baseline-b46b4	-,NO
490c4aacdbfef39b70c87f8a583bbf8cc3f0c9d4	frontend/src/features/admin/AdminData.tsx	h:arena/01a0814b-iips-production-market-data h:arena/01a0853d-iips-production-market-data h:arena/01a0a438-iips-production-market-data h:arena/01a0a4a1-iips-production-market-data h:arena/01a0ae80-iips-production-market-data h:arena/01a0bdb5-iips-production-market-data h:arena/01a0c440-iips-production-market-data h:arena/01a0c86d-iips-production-market-data h:m1-ad4-repair h:windows/d114-stage5-banking-replay-observation t:p14-r7-65b78f7 t:portfolio-option-a-cb969b6 t:post-cleanup-baseline-b46b4	-,NO
ba18153cf0efe49e028c0a6097711f4ef24d762c	frontend/src/features/admin/AdminEngines.tsx	h:arena/01a0814b-iips-production-market-data h:arena/01a0853d-iips-production-market-data h:arena/01a0a438-iips-production-market-data h:arena/01a0a4a1-iips-production-market-data h:arena/01a0ae80-iips-production-market-data h:arena/01a0bdb5-iips-production-market-data h:arena/01a0c440-iips-production-market-data h:arena/01a0c86d-iips-production-market-data h:m1-ad4-repair h:windows/d114-stage5-banking-replay-observation t:p14-r7-65b78f7 t:portfolio-option-a-cb969b6 t:post-cleanup-baseline-b46b4	-,NO
f1f6edcafe52f22a82a0ff43737929014890c087	frontend/src/features/admin/AdminIdentity.tsx	h:arena/01a0814b-iips-production-market-data h:arena/01a0853d-iips-production-market-data h:arena/01a0a438-iips-production-market-data h:arena/01a0a4a1-iips-production-market-data h:arena/01a0ae80-iips-production-market-data h:arena/01a0bdb5-iips-production-market-data h:arena/01a0c440-iips-production-market-data h:arena/01a0c86d-iips-production-market-data h:m1-ad4-repair h:windows/d114-stage5-banking-replay-observation t:p14-r7-65b78f7 t:portfolio-option-a-cb969b6 t:post-cleanup-baseline-b46b4	-,NO
451cd63d767abdd8a28c8d200bb1a85f50dba6ec	frontend/src/features/admin/AdminOperations.test.tsx	h:arena/01a0814b-iips-production-market-data h:arena/01a0853d-iips-production-market-data h:arena/01a0a438-iips-production-market-data h:arena/01a0ae80-iips-production-market-data h:arena/01a0bdb5-iips-production-market-data h:arena/01a0c440-iips-production-market-data h:arena/01a0c86d-iips-production-market-data h:m1-ad4-repair h:windows/d114-stage5-banking-replay-observation t:p14-r7-65b78f7 t:portfolio-option-a-cb969b6 t:post-cleanup-baseline-b46b4f4 t:temporary-cleanup-caf73ba	-,NO
c9b8a2a8bc52ac37d546fbdc41d95aa823a4182f	frontend/src/features/admin/AdminOperations.tsx	h:arena/01a0814b-iips-production-market-data h:arena/01a0853d-iips-production-market-data h:arena/01a0a438-iips-production-market-data h:arena/01a0a4a1-iips-production-market-data h:arena/01a0ae80-iips-production-market-data h:arena/01a0bdb5-iips-production-market-data h:arena/01a0c440-iips-production-market-data h:arena/01a0c86d-iips-production-market-data h:m1-ad4-repair h:windows/d114-stage5-banking-replay-observation t:p14-r7-65b78f7 t:portfolio-option-a-cb969b6 t:post-cleanup-baseline-b46b4	-,NO
b6c959562a944bc743efbf9c07ba73c41d93f977	frontend/src/features/admin/AdminOverview.tsx	h:arena/01a0814b-iips-production-market-data h:arena/01a0853d-iips-production-market-data h:arena/01a0a438-iips-production-market-data h:arena/01a0a4a1-iips-production-market-data h:arena/01a0ae80-iips-production-market-data h:arena/01a0bdb5-iips-production-market-data h:arena/01a0c440-iips-production-market-data h:arena/01a0c86d-iips-production-market-data h:m1-ad4-repair h:windows/d114-stage5-banking-replay-observation t:p14-r7-65b78f7 t:portfolio-option-a-cb969b6 t:post-cleanup-baseline-b46b4	-,NO
6ad68287777e358db28e2985523c62275ca72286	frontend/src/features/admin/AdminPlatform.tsx	h:arena/01a0814b-iips-production-market-data h:arena/01a0853d-iips-production-market-data h:arena/01a0a438-iips-production-market-data h:arena/01a0a4a1-iips-production-market-data h:arena/01a0ae80-iips-production-market-data h:arena/01a0bdb5-iips-production-market-data h:arena/01a0c440-iips-production-market-data h:arena/01a0c86d-iips-production-market-data h:m1-ad4-repair h:windows/d114-stage5-banking-replay-observation t:p14-r7-65b78f7 t:portfolio-option-a-cb969b6 t:post-cleanup-baseline-b46b4	-,NO
476f5ab4fa9fc9f016ff90f86f3d8381a9b933dd	frontend/src/features/admin/AdminTenancy.tsx	h:arena/01a0814b-iips-production-market-data h:arena/01a0853d-iips-production-market-data h:arena/01a0a438-iips-production-market-data h:arena/01a0a4a1-iips-production-market-data h:arena/01a0ae80-iips-production-market-data h:arena/01a0bdb5-iips-production-market-data h:arena/01a0c440-iips-production-market-data h:arena/01a0c86d-iips-production-market-data h:m1-ad4-repair h:windows/d114-stage5-banking-replay-observation t:p14-r7-65b78f7 t:portfolio-option-a-cb969b6 t:post-cleanup-baseline-b46b4	-,NO
2af5cd498825d2fb89ce344b7256f8cc248e8c3c	frontend/src/features/admin/Administration.test.tsx	h:arena/01a0814b-iips-production-market-data h:arena/01a0853d-iips-production-market-data h:arena/01a0a438-iips-production-market-data h:arena/01a0ae80-iips-production-market-data h:arena/01a0bdb5-iips-production-market-data h:arena/01a0c440-iips-production-market-data h:arena/01a0c86d-iips-production-market-data h:m1-ad4-repair h:windows/d114-stage5-banking-replay-observation t:p14-r7-65b78f7 t:portfolio-option-a-cb969b6 t:post-cleanup-baseline-b46b4f4 t:temporary-cleanup-caf73ba	-,NO
60c97217759fac61aaf53d105a76e505078f2bbc	frontend/src/features/admin/Administration.tsx	h:arena/01a0814b-iips-production-market-data h:arena/01a0853d-iips-production-market-data h:arena/01a0a438-iips-production-market-data h:arena/01a0a4a1-iips-production-market-data h:arena/01a0ae80-iips-production-market-data h:arena/01a0bdb5-iips-production-market-data h:arena/01a0c440-iips-production-market-data h:arena/01a0c86d-iips-production-market-data h:m1-ad4-repair h:windows/d114-stage5-banking-replay-observation t:p14-r7-65b78f7 t:portfolio-option-a-cb969b6 t:post-cleanup-baseline-b46b4	-,NO
c3f2df5f21e6ef78704e5a578d483e0d94f2393b	frontend/src/features/admin/WorkflowDefinitionPanel.test.tsx	h:arena/01a0814b-iips-production-market-data h:arena/01a0853d-iips-production-market-data h:arena/01a0a438-iips-production-market-data h:arena/01a0ae80-iips-production-market-data h:arena/01a0bdb5-iips-production-market-data h:arena/01a0c440-iips-production-market-data h:arena/01a0c86d-iips-production-market-data h:m1-ad4-repair h:windows/d114-stage5-banking-replay-observation t:p14-r7-65b78f7 t:portfolio-option-a-cb969b6 t:post-cleanup-baseline-b46b4f4 t:temporary-cleanup-caf73ba	-,NO
3e128b0e48a30436950b64a876bffc971b7f3674	frontend/src/features/admin/WorkflowDefinitionPanel.tsx	h:arena/01a0814b-iips-production-market-data h:arena/01a0853d-iips-production-market-data h:arena/01a0a438-iips-production-market-data h:arena/01a0a4a1-iips-production-market-data h:arena/01a0ae80-iips-production-market-data h:arena/01a0bdb5-iips-production-market-data h:arena/01a0c440-iips-production-market-data h:arena/01a0c86d-iips-production-market-data h:m1-ad4-repair h:windows/d114-stage5-banking-replay-observation t:p14-r7-65b78f7 t:portfolio-option-a-cb969b6 t:post-cleanup-baseline-b46b4	-,NO
5b11652e5f34ae568a99275914e9342ab06fac27	frontend/src/features/collaboration/Collaboration.test.tsx	h:arena/01a0814b-iips-production-market-data h:arena/01a0a438-iips-production-market-data h:arena/01a0ae80-iips-production-market-data h:arena/01a0bdb5-iips-production-market-data h:arena/01a0c440-iips-production-market-data h:arena/01a0c86d-iips-production-market-data h:windows/d114-stage5-banking-replay-observation t:p14-r7-65b78f7 t:portfolio-option-a-cb969b6 t:post-cleanup-baseline-b46b4f4 t:temporary-cleanup-caf73ba	-,NO
4d9868232ccbf35e7db8eaab8cadad0742763ce4	frontend/src/features/collaboration/Collaboration.tsx	h:arena/01a0814b-iips-production-market-data h:arena/01a0a438-iips-production-market-data h:arena/01a0ae80-iips-production-market-data h:arena/01a0bdb5-iips-production-market-data h:arena/01a0c440-iips-production-market-data h:arena/01a0c86d-iips-production-market-data h:windows/d114-stage5-banking-replay-observation t:p14-r7-65b78f7 t:portfolio-option-a-cb969b6 t:post-cleanup-baseline-b46b4f4 t:temporary-cleanup-caf73ba	-,NO
14b284b8ac1bad99193244a0758897e8fea618d6	frontend/src/features/company/CompanyIntelligence.test.tsx	h:arena/01a0814b-iips-production-market-data h:arena/01a0ae80-iips-production-market-data h:arena/01a0bdb5-iips-production-market-data h:arena/01a0c440-iips-production-market-data h:arena/01a0c86d-iips-production-market-data h:windows/d114-stage5-banking-replay-observation t:p14-r7-65b78f7 t:portfolio-option-a-cb969b6 t:post-cleanup-baseline-b46b4f4 t:temporary-cleanup-caf73ba	-,NO
13064af6bec9d775d9076b2148d4db8a1f848c6e	frontend/src/features/company/CompanyIntelligence.tsx	h:arena/01a0814b-iips-production-market-data h:arena/01a0ae80-iips-production-market-data h:arena/01a0bdb5-iips-production-market-data h:arena/01a0c86d-iips-production-market-data h:windows/d114-stage5-banking-replay-observation t:p14-r7-65b78f7 t:portfolio-option-a-cb969b6 t:post-cleanup-baseline-b46b4f4 t:temporary-cleanup-caf73ba	-,NO
a95d5e684f1683d2e202928228a75992839533a6	frontend/src/features/company/CompanyTrustChain.test.tsx	h:arena/01a0814b-iips-production-market-data h:arena/01a0a438-iips-production-market-data h:arena/01a0ae80-iips-production-market-data h:arena/01a0bdb5-iips-production-market-data h:arena/01a0c440-iips-production-market-data h:arena/01a0c86d-iips-production-market-data h:windows/d114-stage5-banking-replay-observation t:p14-r7-65b78f7 t:portfolio-option-a-cb969b6 t:post-cleanup-baseline-b46b4f4 t:temporary-cleanup-caf73ba	-,NO
18d59e26785c07c6a3e42a6e148ce92e733599ed	frontend/src/features/company/CompanyTrustChain.tsx	h:arena/01a0814b-iips-production-market-data h:arena/01a0a438-iips-production-market-data h:arena/01a0ae80-iips-production-market-data h:arena/01a0bdb5-iips-production-market-data h:arena/01a0c440-iips-production-market-data h:arena/01a0c86d-iips-production-market-data h:windows/d114-stage5-banking-replay-observation t:p14-r7-65b78f7 t:portfolio-option-a-cb969b6 t:post-cleanup-baseline-b46b4f4 t:temporary-cleanup-caf73ba	-,NO
1f049d20de4fa0b2e93a68e77648eb0978dafec2	frontend/src/features/cross-sector/CrossSectorIntelligence.test.tsx	h:arena/01a0814b-iips-production-market-data h:arena/01a0ae80-iips-production-market-data h:arena/01a0bdb5-iips-production-market-data h:arena/01a0c440-iips-production-market-data h:arena/01a0c86d-iips-production-market-data h:windows/d114-stage5-banking-replay-observation t:p14-r7-65b78f7 t:portfolio-option-a-cb969b6 t:post-cleanup-baseline-b46b4f4 t:temporary-cleanup-caf73ba	-,NO
e811c57d86ed65f51809d53096c20e1adacba89f	frontend/src/features/cross-sector/CrossSectorIntelligence.tsx	h:arena/01a0814b-iips-production-market-data h:arena/01a0ae80-iips-production-market-data h:arena/01a0bdb5-iips-production-market-data h:arena/01a0c440-iips-production-market-data h:arena/01a0c86d-iips-production-market-data h:windows/d114-stage5-banking-replay-observation t:p14-r7-65b78f7 t:portfolio-option-a-cb969b6 t:post-cleanup-baseline-b46b4f4 t:temporary-cleanup-caf73ba	-,NO
adc6194e6d071422373ff9c2a1c0d713b8ef4818	frontend/src/features/decision-matrix/DecisionMatrix.test.tsx	h:arena/01a0814b-iips-production-market-data h:arena/01a0ae80-iips-production-market-data h:arena/01a0bdb5-iips-production-market-data h:arena/01a0c440-iips-production-market-data h:arena/01a0c86d-iips-production-market-data h:windows/d114-stage5-banking-replay-observation t:p14-r7-65b78f7 t:portfolio-option-a-cb969b6 t:post-cleanup-baseline-b46b4f4 t:temporary-cleanup-caf73ba	-,NO
c3b6e947188c340f4e226d1135e2e6f0aa9e0e18	frontend/src/features/decision-matrix/DecisionMatrix.tsx	h:arena/01a0814b-iips-production-market-data h:arena/01a0ae80-iips-production-market-data h:arena/01a0bdb5-iips-production-market-data h:arena/01a0c440-iips-production-market-data h:arena/01a0c86d-iips-production-market-data h:windows/d114-stage5-banking-replay-observation t:p14-r7-65b78f7 t:portfolio-option-a-cb969b6 t:post-cleanup-baseline-b46b4f4 t:temporary-cleanup-caf73ba	-,NO
fb7e2a87140c1fee26a134c9cd007df89fe49ab6	frontend/src/features/evidence/EvidenceExplorer.test.tsx	h:arena/01a0814b-iips-production-market-data h:arena/01a0853d-iips-production-market-data h:arena/01a0ae80-iips-production-market-data h:arena/01a0bdb5-iips-production-market-data h:arena/01a0c440-iips-production-market-data h:arena/01a0c86d-iips-production-market-data h:windows/d114-stage5-banking-replay-observation t:p14-r7-65b78f7 t:portfolio-option-a-cb969b6 t:post-cleanup-baseline-b46b4f4 t:temporary-cleanup-caf73ba	-,NO
9f5927ff35846c7a0bc702fb525bc5ba8f410008	frontend/src/features/evidence/EvidenceExplorer.tsx	h:arena/01a0814b-iips-production-market-data h:arena/01a0853d-iips-production-market-data h:arena/01a0a4a1-iips-production-market-data h:arena/01a0ae80-iips-production-market-data h:arena/01a0bdb5-iips-production-market-data h:arena/01a0c440-iips-production-market-data h:arena/01a0c86d-iips-production-market-data h:m1-ad4-repair h:windows/d114-stage5-banking-replay-observation t:p14-r7-65b78f7 t:portfolio-option-a-cb969b6 t:post-cleanup-baseline-b46b4f4 t:temporary-cleanup-caf73ba	-,NO
2e8219b6edab0d360fd11cf69b706a0d74d46da2	frontend/src/features/evidence/EvidenceHub.test.tsx	h:arena/01a0814b-iips-production-market-data h:arena/01a0853d-iips-production-market-data h:arena/01a0ae80-iips-production-market-data h:arena/01a0bdb5-iips-production-market-data h:arena/01a0c440-iips-production-market-data h:arena/01a0c86d-iips-production-market-data h:m1-ad4-repair h:windows/d114-stage5-banking-replay-observation t:p14-r7-65b78f7 t:portfolio-option-a-cb969b6 t:post-cleanup-baseline-b46b4f4 t:temporary-cleanup-caf73ba	-,NO
fa85f2d941f1b627a7c33d0d91f317e089d224c7	frontend/src/features/evidence/EvidenceHub.tsx	h:arena/01a0814b-iips-production-market-data h:arena/01a0853d-iips-production-market-data h:arena/01a0a4a1-iips-production-market-data h:arena/01a0ae80-iips-production-market-data h:arena/01a0bdb5-iips-production-market-data h:arena/01a0c440-iips-production-market-data h:arena/01a0c86d-iips-production-market-data h:m1-ad4-repair h:windows/d114-stage5-banking-replay-observation t:p14-r7-65b78f7 t:portfolio-option-a-cb969b6 t:post-cleanup-baseline-b46b4f4 t:temporary-cleanup-caf73ba	-,NO
0ffc38e7a89f5cc94353ccda0eda56c0ef1bc86a	frontend/src/features/executive/ExecutiveDashboard.test.tsx	h:arena/01a0814b-iips-production-market-data h:arena/01a0ae80-iips-production-market-data h:arena/01a0bdb5-iips-production-market-data h:arena/01a0c440-iips-production-market-data h:arena/01a0c86d-iips-production-market-data t:portfolio-option-a-cb969b6 t:post-cleanup-baseline-b46b4f4 t:temporary-cleanup-caf73ba	-,NO
5c4637af3600097d1ea5a7eef8e78955024d73a8	frontend/src/features/executive/ExecutiveDashboard.tsx	h:arena/01a0814b-iips-production-market-data h:arena/01a0ae80-iips-production-market-data h:arena/01a0bdb5-iips-production-market-data h:arena/01a0c440-iips-production-market-data h:arena/01a0c86d-iips-production-market-data t:portfolio-option-a-cb969b6 t:post-cleanup-baseline-b46b4f4 t:temporary-cleanup-caf73ba	-,NO
75458a96e02949f7d3b75be0fce2069436acf5c4	frontend/src/features/intelligence/IntelligenceHub.test.tsx	h:arena/01a0814b-iips-production-market-data h:arena/01a0853d-iips-production-market-data h:arena/01a0ae80-iips-production-market-data h:arena/01a0bdb5-iips-production-market-data h:arena/01a0c440-iips-production-market-data h:arena/01a0c86d-iips-production-market-data h:m1-ad4-repair h:windows/d114-stage5-banking-replay-observation t:p14-r7-65b78f7 t:portfolio-option-a-cb969b6 t:post-cleanup-baseline-b46b4f4 t:temporary-cleanup-caf73ba	-,NO
25e215a40503108bb5821e92fd5f1582e9715cb1	frontend/src/features/intelligence/IntelligenceHub.tsx	h:arena/01a0814b-iips-production-market-data h:arena/01a0853d-iips-production-market-data h:arena/01a0a4a1-iips-production-market-data h:arena/01a0ae80-iips-production-market-data h:arena/01a0bdb5-iips-production-market-data h:arena/01a0c440-iips-production-market-data h:arena/01a0c86d-iips-production-market-data h:m1-ad4-repair h:windows/d114-stage5-banking-replay-observation t:p14-r7-65b78f7 t:portfolio-option-a-cb969b6 t:post-cleanup-baseline-b46b4f4 t:temporary-cleanup-caf73ba	-,NO
d529ab7f6ceb8afac365412f332cbdf1cbe40b4f	frontend/src/features/notes/NotesDrawer.tsx	h:arena/01a0814b-iips-production-market-data h:arena/01a0853d-iips-production-market-data h:arena/01a0a438-iips-production-market-data h:arena/01a0a4a1-iips-production-market-data h:arena/01a0ae80-iips-production-market-data h:arena/01a0bdb5-iips-production-market-data h:arena/01a0c440-iips-production-market-data h:arena/01a0c86d-iips-production-market-data h:m1-ad4-repair h:windows/d114-stage5-banking-replay-observation t:p14-r7-65b78f7 t:portfolio-option-a-cb969b6 t:post-cleanup-baseline-b46b4	-,NO
32d6c3ca954e090dabb8b48534cf90ccf9b40c6a	frontend/src/features/notifications/NotificationDrawer.tsx	h:arena/01a0814b-iips-production-market-data h:arena/01a0853d-iips-production-market-data h:arena/01a0a438-iips-production-market-data h:arena/01a0a4a1-iips-production-market-data h:arena/01a0ae80-iips-production-market-data h:arena/01a0bdb5-iips-production-market-data h:arena/01a0c440-iips-production-market-data h:arena/01a0c86d-iips-production-market-data h:m1-ad4-repair h:windows/d114-stage5-banking-replay-observation t:p14-r7-65b78f7 t:portfolio-option-a-cb969b6 t:post-cleanup-baseline-b46b4	-,NO
bd0df606a2fb2dfbab11857821ce48b2e033f8ee	frontend/src/features/portfolio/PortfolioWorkspace.test.tsx	h:arena/01a0814b-iips-production-market-data h:arena/01a0a438-iips-production-market-data h:arena/01a0ae80-iips-production-market-data h:arena/01a0bdb5-iips-production-market-data h:arena/01a0c440-iips-production-market-data h:arena/01a0c86d-iips-production-market-data h:windows/d114-stage5-banking-replay-observation t:p14-r7-65b78f7 t:portfolio-option-a-cb969b6 t:post-cleanup-baseline-b46b4f4 t:temporary-cleanup-caf73ba	-,NO
3d09c975f4649bfb8c285c392b21e513a3227246	frontend/src/features/portfolio/PortfolioWorkspace.tsx	h:arena/01a0814b-iips-production-market-data h:arena/01a0ae80-iips-production-market-data h:arena/01a0c440-iips-production-market-data h:arena/01a0c86d-iips-production-market-data h:windows/d114-stage5-banking-replay-observation t:p14-r7-65b78f7	-,NO
01d5164315b614eec24b10c5133fc760cbd46453	frontend/src/features/replay/ReplayExplorer.test.tsx	h:arena/01a0814b-iips-production-market-data h:arena/01a0853d-iips-production-market-data h:arena/01a0ae80-iips-production-market-data h:arena/01a0bdb5-iips-production-market-data h:arena/01a0c440-iips-production-market-data h:arena/01a0c86d-iips-production-market-data h:windows/d114-stage5-banking-replay-observation t:p14-r7-65b78f7 t:portfolio-option-a-cb969b6 t:post-cleanup-baseline-b46b4f4 t:temporary-cleanup-caf73ba	-,NO
1dfc285503c55745a704a82e669132867825e163	frontend/src/features/replay/ReplayExplorer.tsx	h:arena/01a0814b-iips-production-market-data h:arena/01a0ae80-iips-production-market-data h:arena/01a0bdb5-iips-production-market-data h:arena/01a0c440-iips-production-market-data h:arena/01a0c86d-iips-production-market-data h:windows/d114-stage5-banking-replay-observation t:p14-r7-65b78f7 t:portfolio-option-a-cb969b6 t:post-cleanup-baseline-b46b4f4 t:temporary-cleanup-caf73ba	-,NO
c6ea7b858e2c201e8091fa3f121118b4cd4c6f3e	frontend/src/features/reports/Reports.test.tsx	h:arena/01a0814b-iips-production-market-data h:arena/01a0a438-iips-production-market-data h:arena/01a0ae80-iips-production-market-data h:arena/01a0bdb5-iips-production-market-data h:arena/01a0c440-iips-production-market-data h:arena/01a0c86d-iips-production-market-data h:windows/d114-stage5-banking-replay-observation t:p14-r7-65b78f7 t:portfolio-option-a-cb969b6 t:post-cleanup-baseline-b46b4f4 t:temporary-cleanup-caf73ba	-,NO
8aea736f524bab2e238ff7d1aa58415ae472da24	frontend/src/features/reports/Reports.tsx	h:arena/01a0814b-iips-production-market-data h:arena/01a0a438-iips-production-market-data h:arena/01a0ae80-iips-production-market-data h:arena/01a0bdb5-iips-production-market-data h:arena/01a0c440-iips-production-market-data h:arena/01a0c86d-iips-production-market-data h:windows/d114-stage5-banking-replay-observation t:p14-r7-65b78f7 t:portfolio-option-a-cb969b6 t:post-cleanup-baseline-b46b4f4 t:temporary-cleanup-caf73ba	-,NO
adfd36dbe4ba22e4d1a183be9be2bf70852c511b	frontend/src/features/research/MacroContext.test.tsx	h:arena/01a0814b-iips-production-market-data h:arena/01a0853d-iips-production-market-data h:arena/01a0ae80-iips-production-market-data h:arena/01a0bdb5-iips-production-market-data h:arena/01a0c440-iips-production-market-data h:arena/01a0c86d-iips-production-market-data h:m1-ad4-repair h:windows/d114-stage5-banking-replay-observation t:p14-r7-65b78f7 t:portfolio-option-a-cb969b6 t:post-cleanup-baseline-b46b4f4 t:temporary-cleanup-caf73ba	-,NO
f73867730aa0b57480e80b16cfb281a58198cb87	frontend/src/features/research/MacroContext.tsx	h:arena/01a0814b-iips-production-market-data h:arena/01a0853d-iips-production-market-data h:arena/01a0a4a1-iips-production-market-data h:arena/01a0ae80-iips-production-market-data h:arena/01a0bdb5-iips-production-market-data h:arena/01a0c440-iips-production-market-data h:arena/01a0c86d-iips-production-market-data h:m1-ad4-repair h:windows/d114-stage5-banking-replay-observation t:p14-r7-65b78f7 t:portfolio-option-a-cb969b6 t:post-cleanup-baseline-b46b4f4 t:temporary-cleanup-caf73ba	-,NO
aef89c6f2852dbb69df9f1a240d69883a67d264e	frontend/src/features/research/ResearchEvents.test.tsx	h:arena/01a0814b-iips-production-market-data h:arena/01a0853d-iips-production-market-data h:arena/01a0ae80-iips-production-market-data h:arena/01a0bdb5-iips-production-market-data h:arena/01a0c440-iips-production-market-data h:arena/01a0c86d-iips-production-market-data h:m1-ad4-repair h:windows/d114-stage5-banking-replay-observation t:p14-r7-65b78f7 t:portfolio-option-a-cb969b6 t:post-cleanup-baseline-b46b4f4 t:temporary-cleanup-caf73ba	-,NO
d64f58a1adee96dd3cdf9e6d7688e01a17963859	frontend/src/features/research/ResearchEvents.tsx	h:arena/01a0814b-iips-production-market-data h:arena/01a0853d-iips-production-market-data h:arena/01a0a4a1-iips-production-market-data h:arena/01a0ae80-iips-production-market-data h:arena/01a0bdb5-iips-production-market-data h:arena/01a0c440-iips-production-market-data h:arena/01a0c86d-iips-production-market-data h:m1-ad4-repair h:windows/d114-stage5-banking-replay-observation t:p14-r7-65b78f7 t:portfolio-option-a-cb969b6 t:post-cleanup-baseline-b46b4f4 t:temporary-cleanup-caf73ba	-,NO
75dcd6f947facbdaa389b559b0e8dc9814d1f24d	frontend/src/features/research/ResearchHub.test.tsx	h:arena/01a0814b-iips-production-market-data h:arena/01a0853d-iips-production-market-data h:arena/01a0ae80-iips-production-market-data h:arena/01a0bdb5-iips-production-market-data h:arena/01a0c440-iips-production-market-data h:arena/01a0c86d-iips-production-market-data h:m1-ad4-repair h:windows/d114-stage5-banking-replay-observation t:p14-r7-65b78f7 t:portfolio-option-a-cb969b6 t:post-cleanup-baseline-b46b4f4 t:temporary-cleanup-caf73ba	-,NO
0cd5491cac6872b2aef1382ac812bf8e2946d389	frontend/src/features/research/ResearchHub.tsx	h:arena/01a0814b-iips-production-market-data h:arena/01a0853d-iips-production-market-data h:arena/01a0a4a1-iips-production-market-data h:arena/01a0ae80-iips-production-market-data h:arena/01a0bdb5-iips-production-market-data h:arena/01a0c440-iips-production-market-data h:arena/01a0c86d-iips-production-market-data h:m1-ad4-repair h:windows/d114-stage5-banking-replay-observation t:p14-r7-65b78f7 t:portfolio-option-a-cb969b6 t:post-cleanup-baseline-b46b4f4 t:temporary-cleanup-caf73ba	-,NO
33048d739ad086deb704db799ce64780f3dd9269	frontend/src/features/research/SectorIntelligence.test.tsx	h:arena/01a0814b-iips-production-market-data h:arena/01a0ae80-iips-production-market-data h:arena/01a0bdb5-iips-production-market-data h:arena/01a0c440-iips-production-market-data h:arena/01a0c86d-iips-production-market-data h:windows/d114-stage5-banking-replay-observation t:p14-r7-65b78f7 t:portfolio-option-a-cb969b6 t:post-cleanup-baseline-b46b4f4 t:temporary-cleanup-caf73ba	-,NO
4f724d0da0ddd0278483caf83cd7030b9c4257bd	frontend/src/features/research/SectorIntelligence.tsx	h:arena/01a0814b-iips-production-market-data h:arena/01a0ae80-iips-production-market-data h:arena/01a0bdb5-iips-production-market-data h:arena/01a0c440-iips-production-market-data h:arena/01a0c86d-iips-production-market-data h:windows/d114-stage5-banking-replay-observation t:p14-r7-65b78f7 t:portfolio-option-a-cb969b6 t:post-cleanup-baseline-b46b4f4 t:temporary-cleanup-caf73ba	-,NO
87ea8ff55e11ccf322ceb610a3f446fb9b9f403c	frontend/src/features/screener/GovernedScreener.test.tsx	h:arena/01a0814b-iips-production-market-data h:arena/01a0853d-iips-production-market-data h:arena/01a0ae80-iips-production-market-data h:arena/01a0bdb5-iips-production-market-data h:arena/01a0c440-iips-production-market-data h:arena/01a0c86d-iips-production-market-data h:windows/d114-stage5-banking-replay-observation t:p14-r7-65b78f7 t:portfolio-option-a-cb969b6 t:post-cleanup-baseline-b46b4f4 t:temporary-cleanup-caf73ba	-,NO
048c8d21970dc2655a403404d9a61590d8207392	frontend/src/features/screener/GovernedScreener.tsx	h:arena/01a0814b-iips-production-market-data h:arena/01a0853d-iips-production-market-data h:arena/01a0a4a1-iips-production-market-data h:arena/01a0ae80-iips-production-market-data h:arena/01a0bdb5-iips-production-market-data h:arena/01a0c440-iips-production-market-data h:arena/01a0c86d-iips-production-market-data h:windows/d114-stage5-banking-replay-observation t:p14-r7-65b78f7 t:portfolio-option-a-cb969b6 t:post-cleanup-baseline-b46b4f4 t:temporary-cleanup-caf73ba	-,NO
004fb2386439b1608c34eb751980f7cc1edf693b	frontend/src/features/screener/Screener.test.tsx	h:arena/01a0814b-iips-production-market-data h:arena/01a0853d-iips-production-market-data h:arena/01a0ae80-iips-production-market-data h:arena/01a0bdb5-iips-production-market-data h:arena/01a0c440-iips-production-market-data h:arena/01a0c86d-iips-production-market-data h:m1-ad4-repair h:windows/d114-stage5-banking-replay-observation t:p14-r7-65b78f7 t:portfolio-option-a-cb969b6 t:post-cleanup-baseline-b46b4f4 t:temporary-cleanup-caf73ba	-,NO
915238acec41e15232f8b20ec064828e8c291a32	frontend/src/features/screener/Screener.tsx	h:arena/01a0814b-iips-production-market-data h:arena/01a0853d-iips-production-market-data h:arena/01a0a4a1-iips-production-market-data h:arena/01a0ae80-iips-production-market-data h:arena/01a0bdb5-iips-production-market-data h:arena/01a0c440-iips-production-market-data h:arena/01a0c86d-iips-production-market-data h:m1-ad4-repair h:windows/d114-stage5-banking-replay-observation t:p14-r7-65b78f7 t:portfolio-option-a-cb969b6 t:post-cleanup-baseline-b46b4f4 t:temporary-cleanup-caf73ba	-,NO
23bf66fb6a5fa65bf1ea52fc773c70e242a18bc9	frontend/src/features/search/GovernedSearch.test.tsx	h:arena/01a0814b-iips-production-market-data h:arena/01a0853d-iips-production-market-data h:arena/01a0ae80-iips-production-market-data h:arena/01a0bdb5-iips-production-market-data h:arena/01a0c440-iips-production-market-data h:arena/01a0c86d-iips-production-market-data h:windows/d114-stage5-banking-replay-observation t:p14-r7-65b78f7 t:portfolio-option-a-cb969b6 t:post-cleanup-baseline-b46b4f4 t:temporary-cleanup-caf73ba	-,NO
4572cfc2f058013cc09107e729dca9a4be16c785	frontend/src/features/search/GovernedSearch.tsx	h:arena/01a0814b-iips-production-market-data h:arena/01a0853d-iips-production-market-data h:arena/01a0a4a1-iips-production-market-data h:arena/01a0ae80-iips-production-market-data h:arena/01a0bdb5-iips-production-market-data h:arena/01a0c440-iips-production-market-data h:arena/01a0c86d-iips-production-market-data h:windows/d114-stage5-banking-replay-observation t:p14-r7-65b78f7 t:portfolio-option-a-cb969b6 t:post-cleanup-baseline-b46b4f4 t:temporary-cleanup-caf73ba	-,NO
6584ea48cf95c840164511664d960d50f80d697c	frontend/src/features/settings/Settings.test.tsx	h:arena/01a0814b-iips-production-market-data h:arena/01a0a438-iips-production-market-data h:arena/01a0ae80-iips-production-market-data h:arena/01a0bdb5-iips-production-market-data h:arena/01a0c440-iips-production-market-data h:arena/01a0c86d-iips-production-market-data h:windows/d114-stage5-banking-replay-observation t:p14-r7-65b78f7 t:portfolio-option-a-cb969b6 t:post-cleanup-baseline-b46b4f4 t:temporary-cleanup-caf73ba	-,NO
c2e751a031a4343d172e4fa3439950784adbad13	frontend/src/features/settings/Settings.tsx	h:arena/01a0814b-iips-production-market-data h:arena/01a0a438-iips-production-market-data h:arena/01a0ae80-iips-production-market-data h:arena/01a0bdb5-iips-production-market-data h:arena/01a0c440-iips-production-market-data h:arena/01a0c86d-iips-production-market-data h:windows/d114-stage5-banking-replay-observation t:p14-r7-65b78f7 t:portfolio-option-a-cb969b6 t:post-cleanup-baseline-b46b4f4 t:temporary-cleanup-caf73ba	-,NO
2ccd053322f7e51acb48a38b14f5e3035db96219	frontend/src/features/shell/CommandPalette.test.tsx	h:arena/01a0814b-iips-production-market-data h:arena/01a0853d-iips-production-market-data h:arena/01a0ae80-iips-production-market-data h:arena/01a0bdb5-iips-production-market-data h:arena/01a0c440-iips-production-market-data h:arena/01a0c86d-iips-production-market-data h:m1-ad4-repair h:windows/d114-stage5-banking-replay-observation t:p14-r7-65b78f7 t:portfolio-option-a-cb969b6 t:post-cleanup-baseline-b46b4f4 t:temporary-cleanup-caf73ba	-,NO
55ccd0d9cc324c8938d8a12f1ed577ea6a60cf28	frontend/src/features/shell/CommandPalette.tsx	h:arena/01a0814b-iips-production-market-data h:arena/01a0853d-iips-production-market-data h:arena/01a0ae80-iips-production-market-data h:arena/01a0bdb5-iips-production-market-data h:arena/01a0c440-iips-production-market-data h:arena/01a0c86d-iips-production-market-data h:windows/d114-stage5-banking-replay-observation t:p14-r7-65b78f7 t:portfolio-option-a-cb969b6 t:post-cleanup-baseline-b46b4f4 t:temporary-cleanup-caf73ba	-,NO
5dd4cfd18c970ae6daaf2b4bcb49eb43237c0c8f	frontend/src/features/watchlists/Watchlists.test.tsx	h:arena/01a0814b-iips-production-market-data h:arena/01a0a438-iips-production-market-data h:arena/01a0ae80-iips-production-market-data h:arena/01a0bdb5-iips-production-market-data h:arena/01a0c440-iips-production-market-data h:arena/01a0c86d-iips-production-market-data h:windows/d114-stage5-banking-replay-observation t:p14-r7-65b78f7 t:portfolio-option-a-cb969b6 t:post-cleanup-baseline-b46b4f4 t:temporary-cleanup-caf73ba	-,NO
eae01a06d34bcf7876cb1755eb98f24acebe3696	frontend/src/features/watchlists/Watchlists.tsx	h:arena/01a0814b-iips-production-market-data h:arena/01a0a438-iips-production-market-data h:arena/01a0ae80-iips-production-market-data h:arena/01a0bdb5-iips-production-market-data h:arena/01a0c440-iips-production-market-data h:arena/01a0c86d-iips-production-market-data h:windows/d114-stage5-banking-replay-observation t:p14-r7-65b78f7 t:portfolio-option-a-cb969b6 t:post-cleanup-baseline-b46b4f4 t:temporary-cleanup-caf73ba	-,NO
2367d065b17ff8ecbca54217715cfba52bca7477	frontend/src/main.tsx	h:arena/01a0814b-iips-production-market-data h:arena/01a0853d-iips-production-market-data h:arena/01a0a438-iips-production-market-data h:arena/01a0a4a1-iips-production-market-data h:arena/01a0ae80-iips-production-market-data h:arena/01a0bdb5-iips-production-market-data h:arena/01a0c440-iips-production-market-data h:arena/01a0c86d-iips-production-market-data h:m1-ad4-repair h:windows/d114-stage5-banking-replay-observation t:p14-r7-65b78f7 t:portfolio-option-a-cb969b6 t:post-cleanup-baseline-b46b4	-,NO
01d18c214e3b5cf1d1843904d4ab29c953cb43f0	frontend/src/test/setup.ts	h:arena/01a0814b-iips-production-market-data h:arena/01a0853d-iips-production-market-data h:arena/01a0a438-iips-production-market-data h:arena/01a0ae80-iips-production-market-data h:arena/01a0bdb5-iips-production-market-data h:arena/01a0c440-iips-production-market-data h:arena/01a0c86d-iips-production-market-data h:m1-ad4-repair h:windows/d114-stage5-banking-replay-observation t:p14-r7-65b78f7 t:portfolio-option-a-cb969b6 t:post-cleanup-baseline-b46b4f4 t:temporary-cleanup-caf73ba	-,NO
900b1774c679ad887f3fa50aa172228da33f2a4e	frontend/tsconfig.json	h:arena/01a0814b-iips-production-market-data h:arena/01a0853d-iips-production-market-data h:arena/01a0a438-iips-production-market-data h:arena/01a0ae80-iips-production-market-data h:arena/01a0bdb5-iips-production-market-data h:arena/01a0c440-iips-production-market-data h:arena/01a0c86d-iips-production-market-data h:m1-ad4-repair h:windows/d114-stage5-banking-replay-observation t:p14-r7-65b78f7 t:portfolio-option-a-cb969b6 t:post-cleanup-baseline-b46b4f4 t:temporary-cleanup-caf73ba	-,NO
c4d3a3d4514a3e5337a3f3780532fc1817e01a48	frontend/tsconfig.server.json	h:arena/01a0814b-iips-production-market-data h:arena/01a0853d-iips-production-market-data h:arena/01a0a438-iips-production-market-data h:arena/01a0ae80-iips-production-market-data h:arena/01a0bdb5-iips-production-market-data h:arena/01a0c440-iips-production-market-data h:arena/01a0c86d-iips-production-market-data h:m1-ad4-repair h:windows/d114-stage5-banking-replay-observation t:p14-r7-65b78f7 t:portfolio-option-a-cb969b6 t:post-cleanup-baseline-b46b4f4 t:temporary-cleanup-caf73ba	-,NO
8b36e4f62176577de6ad96a36a760d03512cbf63	frontend/vite.config.ts	h:arena/01a0814b-iips-production-market-data h:arena/01a0853d-iips-production-market-data h:arena/01a0ae80-iips-production-market-data h:arena/01a0bdb5-iips-production-market-data h:arena/01a0c440-iips-production-market-data h:arena/01a0c86d-iips-production-market-data h:m1-ad4-repair h:windows/d114-stage5-banking-replay-observation t:p14-r7-65b78f7 t:portfolio-option-a-cb969b6 t:post-cleanup-baseline-b46b4f4 t:temporary-cleanup-caf73ba	-,NO
ac4f402cc0fdee2b42f41ab51174c289064b355e	iips-platform/CSIP_FINAL_READINESS_CERTIFICATE.md	h:arena/01a0814b-iips-production-market-data h:arena/01a0853d-iips-production-market-data h:arena/01a0a438-iips-production-market-data h:arena/01a0ae80-iips-production-market-data h:arena/01a0bdb5-iips-production-market-data h:arena/01a0c440-iips-production-market-data h:arena/01a0c86d-iips-production-market-data h:arena/01a0cf86-iips-production-market-data h:arena/01a0d1d3-iips-production-market-data h:arena/01a0d33d-iips-production-market-data h:m1-ad4-repair h:windows/d114-stage5-banking-repl	-,NO
a58f772a07e89d6359a781f0aa6ec9ee034d9961	iips-platform/CSIP_IMPLEMENTATION_REUSE_REPORT.md	h:arena/01a0814b-iips-production-market-data h:arena/01a0853d-iips-production-market-data h:arena/01a0a438-iips-production-market-data h:arena/01a0ae80-iips-production-market-data h:arena/01a0bdb5-iips-production-market-data h:arena/01a0c440-iips-production-market-data h:arena/01a0c86d-iips-production-market-data h:arena/01a0cf86-iips-production-market-data h:arena/01a0d1d3-iips-production-market-data h:arena/01a0d33d-iips-production-market-data h:m1-ad4-repair h:windows/d114-stage5-banking-repl	-,NO
2b61d789f484c18210ff8b8a1ac2a50a67cbec74	iips-platform/CSIP_INDEPENDENT_VERIFICATION_REPORT.md	h:arena/01a0814b-iips-production-market-data h:arena/01a0853d-iips-production-market-data h:arena/01a0a438-iips-production-market-data h:arena/01a0ae80-iips-production-market-data h:arena/01a0bdb5-iips-production-market-data h:arena/01a0c440-iips-production-market-data h:arena/01a0c86d-iips-production-market-data h:arena/01a0cf86-iips-production-market-data h:arena/01a0d1d3-iips-production-market-data h:arena/01a0d33d-iips-production-market-data h:m1-ad4-repair h:windows/d114-stage5-banking-repl	-,NO
e3f803f5dc73ab02439499066026a6d71e2b90a0	iips-platform/CSIP_WP1_COMPLETION_REPORT.md	h:arena/01a0814b-iips-production-market-data h:arena/01a0853d-iips-production-market-data h:arena/01a0a438-iips-production-market-data h:arena/01a0ae80-iips-production-market-data h:arena/01a0bdb5-iips-production-market-data h:arena/01a0c440-iips-production-market-data h:arena/01a0c86d-iips-production-market-data h:arena/01a0cf86-iips-production-market-data h:arena/01a0d1d3-iips-production-market-data h:arena/01a0d33d-iips-production-market-data h:m1-ad4-repair h:windows/d114-stage5-banking-repl	-,NO
dea656b3402314f776731eefafe773e1fd942e6b	iips-platform/CSIP_WP2_COMPLETION_REPORT.md	h:arena/01a0814b-iips-production-market-data h:arena/01a0853d-iips-production-market-data h:arena/01a0a438-iips-production-market-data h:arena/01a0ae80-iips-production-market-data h:arena/01a0bdb5-iips-production-market-data h:arena/01a0c440-iips-production-market-data h:arena/01a0c86d-iips-production-market-data h:arena/01a0cf86-iips-production-market-data h:arena/01a0d1d3-iips-production-market-data h:arena/01a0d33d-iips-production-market-data h:m1-ad4-repair h:windows/d114-stage5-banking-repl	-,NO
79f976ce2c59974dd7a25622d9f5a294fc724649	iips-platform/CSIP_WP3_COMPLETION_REPORT.md	h:arena/01a0814b-iips-production-market-data h:arena/01a0853d-iips-production-market-data h:arena/01a0a438-iips-production-market-data h:arena/01a0ae80-iips-production-market-data h:arena/01a0bdb5-iips-production-market-data h:arena/01a0c440-iips-production-market-data h:arena/01a0c86d-iips-production-market-data h:arena/01a0cf86-iips-production-market-data h:arena/01a0d1d3-iips-production-market-data h:arena/01a0d33d-iips-production-market-data h:m1-ad4-repair h:windows/d114-stage5-banking-repl	-,NO
92bf93c21fa4e1ab6fb80b6e449b0a3ae94b643d	iips-platform/D18-ACCEPTANCE-EVIDENCE.md	h:arena/01a0814b-iips-production-market-data h:arena/01a0853d-iips-production-market-data h:arena/01a0a438-iips-production-market-data h:arena/01a0ae80-iips-production-market-data h:arena/01a0bdb5-iips-production-market-data h:arena/01a0c440-iips-production-market-data h:arena/01a0c86d-iips-production-market-data h:m1-ad4-repair h:windows/d114-stage5-banking-replay-observation t:p14-r7-65b78f7 t:portfolio-option-a-cb969b6 t:post-cleanup-baseline-b46b4f4 t:temporary-cleanup-caf73ba	-,NO
93504592774e849da6f9132a9b9e2d76f344e1ba	iips-platform/D27-ACCEPTANCE-EVIDENCE.md	h:arena/01a0814b-iips-production-market-data h:arena/01a0853d-iips-production-market-data h:arena/01a0a438-iips-production-market-data h:arena/01a0ae80-iips-production-market-data h:arena/01a0bdb5-iips-production-market-data h:arena/01a0c440-iips-production-market-data h:arena/01a0c86d-iips-production-market-data h:m1-ad4-repair h:windows/d114-stage5-banking-replay-observation t:p14-r7-65b78f7 t:portfolio-option-a-cb969b6 t:post-cleanup-baseline-b46b4f4 t:temporary-cleanup-caf73ba	-,NO
15fc5bc4a8497a6df8f669ae37d48ea9195ec302	iips-platform/D36-D37-ACCEPTANCE-EVIDENCE.md	h:arena/01a0814b-iips-production-market-data h:arena/01a0853d-iips-production-market-data h:arena/01a0a438-iips-production-market-data h:arena/01a0ae80-iips-production-market-data h:arena/01a0bdb5-iips-production-market-data h:arena/01a0c440-iips-production-market-data h:arena/01a0c86d-iips-production-market-data h:m1-ad4-repair h:windows/d114-stage5-banking-replay-observation t:p14-r7-65b78f7 t:portfolio-option-a-cb969b6 t:post-cleanup-baseline-b46b4f4 t:temporary-cleanup-caf73ba	-,NO
9ed5ba8f58e6a3f0c93ad2ceb64a190ae47e90b4	iips-platform/IES-006.2A_WP1_COMPLETION_REPORT.md	h:arena/01a0814b-iips-production-market-data h:arena/01a0853d-iips-production-market-data h:arena/01a0a438-iips-production-market-data h:arena/01a0ae80-iips-production-market-data h:arena/01a0bdb5-iips-production-market-data h:arena/01a0c440-iips-production-market-data h:arena/01a0c86d-iips-production-market-data h:arena/01a0cf86-iips-production-market-data h:arena/01a0d1d3-iips-production-market-data h:arena/01a0d33d-iips-production-market-data h:m1-ad4-repair h:windows/d114-stage5-banking-repl	-,NO
cd33985acf444596b7a74a7fbed983b42fa70ce8	iips-platform/IES-006.2A_WP2_COMPLETION_REPORT.md	h:arena/01a0814b-iips-production-market-data h:arena/01a0853d-iips-production-market-data h:arena/01a0a438-iips-production-market-data h:arena/01a0ae80-iips-production-market-data h:arena/01a0bdb5-iips-production-market-data h:arena/01a0c440-iips-production-market-data h:arena/01a0c86d-iips-production-market-data h:arena/01a0cf86-iips-production-market-data h:arena/01a0d1d3-iips-production-market-data h:arena/01a0d33d-iips-production-market-data h:m1-ad4-repair h:windows/d114-stage5-banking-repl	-,NO
085abbd1f70b4292d3c4a9387f8028586c30f2f8	iips-platform/IES-006.2A_WP3_COMPLETION_REPORT.md	h:arena/01a0814b-iips-production-market-data h:arena/01a0853d-iips-production-market-data h:arena/01a0a438-iips-production-market-data h:arena/01a0ae80-iips-production-market-data h:arena/01a0bdb5-iips-production-market-data h:arena/01a0c440-iips-production-market-data h:arena/01a0c86d-iips-production-market-data h:arena/01a0cf86-iips-production-market-data h:arena/01a0d1d3-iips-production-market-data h:arena/01a0d33d-iips-production-market-data h:m1-ad4-repair h:windows/d114-stage5-banking-repl	-,NO
c5b9c8754791e43b5732b046dcb4ee4c8a1d5b77	iips-platform/IES-006.2A_WP4_COMPLETION_REPORT.md	h:arena/01a0814b-iips-production-market-data h:arena/01a0853d-iips-production-market-data h:arena/01a0a438-iips-production-market-data h:arena/01a0ae80-iips-production-market-data h:arena/01a0bdb5-iips-production-market-data h:arena/01a0c440-iips-production-market-data h:arena/01a0c86d-iips-production-market-data h:arena/01a0cf86-iips-production-market-data h:arena/01a0d1d3-iips-production-market-data h:arena/01a0d33d-iips-production-market-data h:m1-ad4-repair h:windows/d114-stage5-banking-repl	-,NO
b642e5db3787b3e747400032b4e0a6e3243906f6	iips-platform/IES-007_WP1_COMPLETION_REPORT.md	h:arena/01a0814b-iips-production-market-data h:arena/01a0853d-iips-production-market-data h:arena/01a0a438-iips-production-market-data h:arena/01a0ae80-iips-production-market-data h:arena/01a0bdb5-iips-production-market-data h:arena/01a0c440-iips-production-market-data h:arena/01a0c86d-iips-production-market-data h:arena/01a0cf86-iips-production-market-data h:arena/01a0d1d3-iips-production-market-data h:arena/01a0d33d-iips-production-market-data h:m1-ad4-repair h:windows/d114-stage5-banking-repl	-,NO
69f2ae285c3d319f4ad690274a78623f5f329950	iips-platform/IES-007_WP2_COMPLETION_REPORT.md	h:arena/01a0814b-iips-production-market-data h:arena/01a0853d-iips-production-market-data h:arena/01a0a438-iips-production-market-data h:arena/01a0ae80-iips-production-market-data h:arena/01a0bdb5-iips-production-market-data h:arena/01a0c440-iips-production-market-data h:arena/01a0c86d-iips-production-market-data h:arena/01a0cf86-iips-production-market-data h:arena/01a0d1d3-iips-production-market-data h:arena/01a0d33d-iips-production-market-data h:m1-ad4-repair h:windows/d114-stage5-banking-repl	-,NO
f9ecb7303cbfe82fdf98e1a3ee3fe6ba64725d80	iips-platform/IES-007_WP3_COMPLETION_REPORT.md	h:arena/01a0814b-iips-production-market-data h:arena/01a0853d-iips-production-market-data h:arena/01a0a438-iips-production-market-data h:arena/01a0ae80-iips-production-market-data h:arena/01a0bdb5-iips-production-market-data h:arena/01a0c440-iips-production-market-data h:arena/01a0c86d-iips-production-market-data h:arena/01a0cf86-iips-production-market-data h:arena/01a0d1d3-iips-production-market-data h:arena/01a0d33d-iips-production-market-data h:m1-ad4-repair h:windows/d114-stage5-banking-repl	-,NO
fc6ca11be85ae9367aeb1a30263064138eac8797	iips-platform/IES-007_WP4_COMPLETION_REPORT.md	h:arena/01a0814b-iips-production-market-data h:arena/01a0853d-iips-production-market-data h:arena/01a0a438-iips-production-market-data h:arena/01a0ae80-iips-production-market-data h:arena/01a0bdb5-iips-production-market-data h:arena/01a0c440-iips-production-market-data h:arena/01a0c86d-iips-production-market-data h:arena/01a0cf86-iips-production-market-data h:arena/01a0d1d3-iips-production-market-data h:arena/01a0d33d-iips-production-market-data h:m1-ad4-repair h:windows/d114-stage5-banking-repl	-,NO
515b6d0346360c0fee7d586ec4bb68ae979672eb	iips-platform/IES-008_WP1_COMPLETION_REPORT.md	h:arena/01a0814b-iips-production-market-data h:arena/01a0853d-iips-production-market-data h:arena/01a0a438-iips-production-market-data h:arena/01a0ae80-iips-production-market-data h:arena/01a0bdb5-iips-production-market-data h:arena/01a0c440-iips-production-market-data h:arena/01a0c86d-iips-production-market-data h:arena/01a0cf86-iips-production-market-data h:arena/01a0d1d3-iips-production-market-data h:arena/01a0d33d-iips-production-market-data h:m1-ad4-repair h:windows/d114-stage5-banking-repl	-,NO
cd9fd27244620286403f3ff257246b0546a292f1	iips-platform/IES-008_WP2_COMPLETION_REPORT.md	h:arena/01a0814b-iips-production-market-data h:arena/01a0853d-iips-production-market-data h:arena/01a0a438-iips-production-market-data h:arena/01a0ae80-iips-production-market-data h:arena/01a0bdb5-iips-production-market-data h:arena/01a0c440-iips-production-market-data h:arena/01a0c86d-iips-production-market-data h:arena/01a0cf86-iips-production-market-data h:arena/01a0d1d3-iips-production-market-data h:arena/01a0d33d-iips-production-market-data h:m1-ad4-repair h:windows/d114-stage5-banking-repl	-,NO
6303332fb275940594a8240e66db2bc3d64dd97d	iips-platform/IES-008_WP3_COMPLETION_REPORT.md	h:arena/01a0814b-iips-production-market-data h:arena/01a0853d-iips-production-market-data h:arena/01a0a438-iips-production-market-data h:arena/01a0ae80-iips-production-market-data h:arena/01a0bdb5-iips-production-market-data h:arena/01a0c440-iips-production-market-data h:arena/01a0c86d-iips-production-market-data h:arena/01a0cf86-iips-production-market-data h:arena/01a0d1d3-iips-production-market-data h:arena/01a0d33d-iips-production-market-data h:m1-ad4-repair h:windows/d114-stage5-banking-repl	-,NO
553cb5e661297d8fe52da3ec0f251fc842676c67	iips-platform/IES-008_WP4_COMPLETION_REPORT.md	h:arena/01a0814b-iips-production-market-data h:arena/01a0853d-iips-production-market-data h:arena/01a0a438-iips-production-market-data h:arena/01a0ae80-iips-production-market-data h:arena/01a0bdb5-iips-production-market-data h:arena/01a0c440-iips-production-market-data h:arena/01a0c86d-iips-production-market-data h:arena/01a0cf86-iips-production-market-data h:arena/01a0d1d3-iips-production-market-data h:arena/01a0d33d-iips-production-market-data h:m1-ad4-repair h:windows/d114-stage5-banking-repl	-,NO
4c72bba204f3f4d2c8e3282d6a259551a795807d	iips-platform/IES-009_WP1_COMPLETION_REPORT.md	h:arena/01a0814b-iips-production-market-data h:arena/01a0853d-iips-production-market-data h:arena/01a0a438-iips-production-market-data h:arena/01a0ae80-iips-production-market-data h:arena/01a0bdb5-iips-production-market-data h:arena/01a0c440-iips-production-market-data h:arena/01a0c86d-iips-production-market-data h:arena/01a0cf86-iips-production-market-data h:arena/01a0d1d3-iips-production-market-data h:arena/01a0d33d-iips-production-market-data h:m1-ad4-repair h:windows/d114-stage5-banking-repl	-,NO
02daca52f14df056d7776ba18d7b3b66a74061cf	iips-platform/IES-009_WP2_COMPLETION_REPORT.md	h:arena/01a0814b-iips-production-market-data h:arena/01a0853d-iips-production-market-data h:arena/01a0a438-iips-production-market-data h:arena/01a0ae80-iips-production-market-data h:arena/01a0bdb5-iips-production-market-data h:arena/01a0c440-iips-production-market-data h:arena/01a0c86d-iips-production-market-data h:arena/01a0cf86-iips-production-market-data h:arena/01a0d1d3-iips-production-market-data h:arena/01a0d33d-iips-production-market-data h:m1-ad4-repair h:windows/d114-stage5-banking-repl	-,NO
e92563d960e1bfcd8e05f62d51fe1e2fd0dad6c4	iips-platform/IES-009_WP3_COMPLETION_REPORT.md	h:arena/01a0814b-iips-production-market-data h:arena/01a0853d-iips-production-market-data h:arena/01a0a438-iips-production-market-data h:arena/01a0ae80-iips-production-market-data h:arena/01a0bdb5-iips-production-market-data h:arena/01a0c440-iips-production-market-data h:arena/01a0c86d-iips-production-market-data h:arena/01a0cf86-iips-production-market-data h:arena/01a0d1d3-iips-production-market-data h:arena/01a0d33d-iips-production-market-data h:m1-ad4-repair h:windows/d114-stage5-banking-repl	-,NO
3d83620c1ded0885281d55ebd308f3905e772b35	iips-platform/IES-009_WP4_COMPLETION_REPORT.md	h:arena/01a0814b-iips-production-market-data h:arena/01a0853d-iips-production-market-data h:arena/01a0a438-iips-production-market-data h:arena/01a0ae80-iips-production-market-data h:arena/01a0bdb5-iips-production-market-data h:arena/01a0c440-iips-production-market-data h:arena/01a0c86d-iips-production-market-data h:arena/01a0cf86-iips-production-market-data h:arena/01a0d1d3-iips-production-market-data h:arena/01a0d33d-iips-production-market-data h:m1-ad4-repair h:windows/d114-stage5-banking-repl	-,NO
3136a07cc3c0d577a7366121744406bf0118694f	iips-platform/IES010_FINAL_READINESS_CERTIFICATE.md	h:arena/01a0814b-iips-production-market-data h:arena/01a0853d-iips-production-market-data h:arena/01a0a438-iips-production-market-data h:arena/01a0ae80-iips-production-market-data h:arena/01a0bdb5-iips-production-market-data h:arena/01a0c440-iips-production-market-data h:arena/01a0c86d-iips-production-market-data h:arena/01a0cf86-iips-production-market-data h:arena/01a0d1d3-iips-production-market-data h:arena/01a0d33d-iips-production-market-data h:m1-ad4-repair h:windows/d114-stage5-banking-repl	-,NO
136daf833abe04c814957c7ba6318d47229a611d	iips-platform/IES010_IMPLEMENTATION_REUSE_REPORT.md	h:arena/01a0814b-iips-production-market-data h:arena/01a0853d-iips-production-market-data h:arena/01a0a438-iips-production-market-data h:arena/01a0ae80-iips-production-market-data h:arena/01a0bdb5-iips-production-market-data h:arena/01a0c440-iips-production-market-data h:arena/01a0c86d-iips-production-market-data h:arena/01a0cf86-iips-production-market-data h:arena/01a0d1d3-iips-production-market-data h:arena/01a0d33d-iips-production-market-data h:m1-ad4-repair h:windows/d114-stage5-banking-repl	-,NO
3baad407a1dc37dcb98791c930804dc006edd4e0	iips-platform/IES010_INDEPENDENT_VERIFICATION_REPORT.md	h:arena/01a0814b-iips-production-market-data h:arena/01a0853d-iips-production-market-data h:arena/01a0a438-iips-production-market-data h:arena/01a0ae80-iips-production-market-data h:arena/01a0bdb5-iips-production-market-data h:arena/01a0c440-iips-production-market-data h:arena/01a0c86d-iips-production-market-data h:arena/01a0cf86-iips-production-market-data h:arena/01a0d1d3-iips-production-market-data h:arena/01a0d33d-iips-production-market-data h:m1-ad4-repair h:windows/d114-stage5-banking-repl	-,NO
ad216bcee7d7f3f31f3fa75f12f1b93571f37f91	iips-platform/IES010_WP1_COMPLETION_REPORT.md	h:arena/01a0814b-iips-production-market-data h:arena/01a0853d-iips-production-market-data h:arena/01a0a438-iips-production-market-data h:arena/01a0ae80-iips-production-market-data h:arena/01a0bdb5-iips-production-market-data h:arena/01a0c440-iips-production-market-data h:arena/01a0c86d-iips-production-market-data h:arena/01a0cf86-iips-production-market-data h:arena/01a0d1d3-iips-production-market-data h:arena/01a0d33d-iips-production-market-data h:m1-ad4-repair h:windows/d114-stage5-banking-repl	-,NO
c3ca95a7725ab60d2ae455904bc4891afe8a9673	iips-platform/IES010_WP2_COMPLETION_REPORT.md	h:arena/01a0814b-iips-production-market-data h:arena/01a0853d-iips-production-market-data h:arena/01a0a438-iips-production-market-data h:arena/01a0ae80-iips-production-market-data h:arena/01a0bdb5-iips-production-market-data h:arena/01a0c440-iips-production-market-data h:arena/01a0c86d-iips-production-market-data h:arena/01a0cf86-iips-production-market-data h:arena/01a0d1d3-iips-production-market-data h:arena/01a0d33d-iips-production-market-data h:m1-ad4-repair h:windows/d114-stage5-banking-repl	-,NO
3915e90bec8130d52a195f8622f5db2cd432d639	iips-platform/IES010_WP3_COMPLETION_REPORT.md	h:arena/01a0814b-iips-production-market-data h:arena/01a0853d-iips-production-market-data h:arena/01a0a438-iips-production-market-data h:arena/01a0ae80-iips-production-market-data h:arena/01a0bdb5-iips-production-market-data h:arena/01a0c440-iips-production-market-data h:arena/01a0c86d-iips-production-market-data h:arena/01a0cf86-iips-production-market-data h:arena/01a0d1d3-iips-production-market-data h:arena/01a0d33d-iips-production-market-data h:m1-ad4-repair h:windows/d114-stage5-banking-repl	-,NO
4f9f37834486064ef93c85257847c5f8a76b12e6	iips-platform/IES011_FINAL_READINESS_CERTIFICATE.md	h:arena/01a0814b-iips-production-market-data h:arena/01a0853d-iips-production-market-data h:arena/01a0a438-iips-production-market-data h:arena/01a0ae80-iips-production-market-data h:arena/01a0bdb5-iips-production-market-data h:arena/01a0c440-iips-production-market-data h:arena/01a0c86d-iips-production-market-data h:arena/01a0cf86-iips-production-market-data h:arena/01a0d1d3-iips-production-market-data h:arena/01a0d33d-iips-production-market-data h:m1-ad4-repair h:windows/d114-stage5-banking-repl	-,NO
7e0d8702b3afd37cf891630fb0f12ef78c037c2d	iips-platform/IES011_IMPLEMENTATION_REUSE_REPORT.md	h:arena/01a0814b-iips-production-market-data h:arena/01a0853d-iips-production-market-data h:arena/01a0a438-iips-production-market-data h:arena/01a0ae80-iips-production-market-data h:arena/01a0bdb5-iips-production-market-data h:arena/01a0c440-iips-production-market-data h:arena/01a0c86d-iips-production-market-data h:arena/01a0cf86-iips-production-market-data h:arena/01a0d1d3-iips-production-market-data h:arena/01a0d33d-iips-production-market-data h:m1-ad4-repair h:windows/d114-stage5-banking-repl	-,NO
1261f2c9ac8abab60455973a3827abb79ad1ab67	iips-platform/IES011_INDEPENDENT_VERIFICATION_REPORT.md	h:arena/01a0814b-iips-production-market-data h:arena/01a0853d-iips-production-market-data h:arena/01a0a438-iips-production-market-data h:arena/01a0ae80-iips-production-market-data h:arena/01a0bdb5-iips-production-market-data h:arena/01a0c440-iips-production-market-data h:arena/01a0c86d-iips-production-market-data h:arena/01a0cf86-iips-production-market-data h:arena/01a0d1d3-iips-production-market-data h:arena/01a0d33d-iips-production-market-data h:m1-ad4-repair h:windows/d114-stage5-banking-repl	-,NO
9f980e2ae0ab2d5af2093b0669a56298c765a13d	iips-platform/IES011_WP1_COMPLETION_REPORT.md	h:arena/01a0814b-iips-production-market-data h:arena/01a0853d-iips-production-market-data h:arena/01a0a438-iips-production-market-data h:arena/01a0ae80-iips-production-market-data h:arena/01a0bdb5-iips-production-market-data h:arena/01a0c440-iips-production-market-data h:arena/01a0c86d-iips-production-market-data h:arena/01a0cf86-iips-production-market-data h:arena/01a0d1d3-iips-production-market-data h:arena/01a0d33d-iips-production-market-data h:m1-ad4-repair h:windows/d114-stage5-banking-repl	-,NO
5e1bbe97651913010ee2320bb847a6f541c3f01b	iips-platform/IES011_WP2_COMPLETION_REPORT.md	h:arena/01a0814b-iips-production-market-data h:arena/01a0853d-iips-production-market-data h:arena/01a0a438-iips-production-market-data h:arena/01a0ae80-iips-production-market-data h:arena/01a0bdb5-iips-production-market-data h:arena/01a0c440-iips-production-market-data h:arena/01a0c86d-iips-production-market-data h:arena/01a0cf86-iips-production-market-data h:arena/01a0d1d3-iips-production-market-data h:arena/01a0d33d-iips-production-market-data h:m1-ad4-repair h:windows/d114-stage5-banking-repl	-,NO
8ea2fecd795331e1aa4822f2fb4ee64372f1b524	iips-platform/IES011_WP3_COMPLETION_REPORT.md	h:arena/01a0814b-iips-production-market-data h:arena/01a0853d-iips-production-market-data h:arena/01a0a438-iips-production-market-data h:arena/01a0ae80-iips-production-market-data h:arena/01a0bdb5-iips-production-market-data h:arena/01a0c440-iips-production-market-data h:arena/01a0c86d-iips-production-market-data h:arena/01a0cf86-iips-production-market-data h:arena/01a0d1d3-iips-production-market-data h:arena/01a0d33d-iips-production-market-data h:m1-ad4-repair h:windows/d114-stage5-banking-repl	-,NO
9aa0fd5e3533502684b0ec552b0a02fa28a4b638	iips-platform/IES012_FINAL_READINESS_CERTIFICATE.md	h:arena/01a0814b-iips-production-market-data h:arena/01a0853d-iips-production-market-data h:arena/01a0a438-iips-production-market-data h:arena/01a0ae80-iips-production-market-data h:arena/01a0bdb5-iips-production-market-data h:arena/01a0c440-iips-production-market-data h:arena/01a0c86d-iips-production-market-data h:arena/01a0cf86-iips-production-market-data h:arena/01a0d1d3-iips-production-market-data h:arena/01a0d33d-iips-production-market-data h:m1-ad4-repair h:windows/d114-stage5-banking-repl	-,NO
0793877d586bc62eba3f9ff35cc11b9d373246fc	iips-platform/IES012_IMPLEMENTATION_REUSE_REPORT.md	h:arena/01a0814b-iips-production-market-data h:arena/01a0853d-iips-production-market-data h:arena/01a0a438-iips-production-market-data h:arena/01a0ae80-iips-production-market-data h:arena/01a0bdb5-iips-production-market-data h:arena/01a0c440-iips-production-market-data h:arena/01a0c86d-iips-production-market-data h:arena/01a0cf86-iips-production-market-data h:arena/01a0d1d3-iips-production-market-data h:arena/01a0d33d-iips-production-market-data h:m1-ad4-repair h:windows/d114-stage5-banking-repl	-,NO
bf2856e069f5f03e7260d67b13e42d8294f058f3	iips-platform/IES012_INDEPENDENT_VERIFICATION_REPORT.md	h:arena/01a0814b-iips-production-market-data h:arena/01a0853d-iips-production-market-data h:arena/01a0a438-iips-production-market-data h:arena/01a0ae80-iips-production-market-data h:arena/01a0bdb5-iips-production-market-data h:arena/01a0c440-iips-production-market-data h:arena/01a0c86d-iips-production-market-data h:arena/01a0cf86-iips-production-market-data h:arena/01a0d1d3-iips-production-market-data h:arena/01a0d33d-iips-production-market-data h:m1-ad4-repair h:windows/d114-stage5-banking-repl	-,NO
7b790d182fedd46fb52bb6258385cdb76cb9afb6	iips-platform/IES012_WP1_COMPLETION_REPORT.md	h:arena/01a0814b-iips-production-market-data h:arena/01a0853d-iips-production-market-data h:arena/01a0a438-iips-production-market-data h:arena/01a0ae80-iips-production-market-data h:arena/01a0bdb5-iips-production-market-data h:arena/01a0c440-iips-production-market-data h:arena/01a0c86d-iips-production-market-data h:arena/01a0cf86-iips-production-market-data h:arena/01a0d1d3-iips-production-market-data h:arena/01a0d33d-iips-production-market-data h:m1-ad4-repair h:windows/d114-stage5-banking-repl	-,NO
f16dd059379897fca6d6ab6b2bd605493b9e9c12	iips-platform/IES012_WP2_COMPLETION_REPORT.md	h:arena/01a0814b-iips-production-market-data h:arena/01a0853d-iips-production-market-data h:arena/01a0a438-iips-production-market-data h:arena/01a0ae80-iips-production-market-data h:arena/01a0bdb5-iips-production-market-data h:arena/01a0c440-iips-production-market-data h:arena/01a0c86d-iips-production-market-data h:arena/01a0cf86-iips-production-market-data h:arena/01a0d1d3-iips-production-market-data h:arena/01a0d33d-iips-production-market-data h:m1-ad4-repair h:windows/d114-stage5-banking-repl	-,NO
6d1244f28e2f3d1facd780e09aaad9f787951524	iips-platform/IES012_WP3_COMPLETION_REPORT.md	h:arena/01a0814b-iips-production-market-data h:arena/01a0853d-iips-production-market-data h:arena/01a0a438-iips-production-market-data h:arena/01a0ae80-iips-production-market-data h:arena/01a0bdb5-iips-production-market-data h:arena/01a0c440-iips-production-market-data h:arena/01a0c86d-iips-production-market-data h:arena/01a0cf86-iips-production-market-data h:arena/01a0d1d3-iips-production-market-data h:arena/01a0d33d-iips-production-market-data h:m1-ad4-repair h:windows/d114-stage5-banking-repl	-,NO
bdd043fba9b704ccda974c5499b9c1069362edad	iips-platform/IES013_FINAL_READINESS_CERTIFICATE.md	h:arena/01a0814b-iips-production-market-data h:arena/01a0853d-iips-production-market-data h:arena/01a0a438-iips-production-market-data h:arena/01a0ae80-iips-production-market-data h:arena/01a0bdb5-iips-production-market-data h:arena/01a0c440-iips-production-market-data h:arena/01a0c86d-iips-production-market-data h:arena/01a0cf86-iips-production-market-data h:arena/01a0d1d3-iips-production-market-data h:arena/01a0d33d-iips-production-market-data h:m1-ad4-repair h:windows/d114-stage5-banking-repl	-,NO
4918c56d35e80eff840ca94c00bf6f49c76840d7	iips-platform/IES013_IMPLEMENTATION_REUSE_REPORT.md	h:arena/01a0814b-iips-production-market-data h:arena/01a0853d-iips-production-market-data h:arena/01a0a438-iips-production-market-data h:arena/01a0ae80-iips-production-market-data h:arena/01a0bdb5-iips-production-market-data h:arena/01a0c440-iips-production-market-data h:arena/01a0c86d-iips-production-market-data h:arena/01a0cf86-iips-production-market-data h:arena/01a0d1d3-iips-production-market-data h:arena/01a0d33d-iips-production-market-data h:m1-ad4-repair h:windows/d114-stage5-banking-repl	-,NO
fce662e6b361bbbdcfd33f3528f0a5c0efd8e7f6	iips-platform/IES013_INDEPENDENT_VERIFICATION_REPORT.md	h:arena/01a0814b-iips-production-market-data h:arena/01a0853d-iips-production-market-data h:arena/01a0a438-iips-production-market-data h:arena/01a0ae80-iips-production-market-data h:arena/01a0bdb5-iips-production-market-data h:arena/01a0c440-iips-production-market-data h:arena/01a0c86d-iips-production-market-data h:arena/01a0cf86-iips-production-market-data h:arena/01a0d1d3-iips-production-market-data h:arena/01a0d33d-iips-production-market-data h:m1-ad4-repair h:windows/d114-stage5-banking-repl	-,NO
746745067bbd394e3b7ddd8c034738b77d5e3f10	iips-platform/IES013_WP1_COMPLETION_REPORT.md	h:arena/01a0814b-iips-production-market-data h:arena/01a0853d-iips-production-market-data h:arena/01a0a438-iips-production-market-data h:arena/01a0ae80-iips-production-market-data h:arena/01a0bdb5-iips-production-market-data h:arena/01a0c440-iips-production-market-data h:arena/01a0c86d-iips-production-market-data h:arena/01a0cf86-iips-production-market-data h:arena/01a0d1d3-iips-production-market-data h:arena/01a0d33d-iips-production-market-data h:m1-ad4-repair h:windows/d114-stage5-banking-repl	-,NO
1e48915e6ba09ff902c293c30a7b259588dd4668	iips-platform/IES013_WP2_COMPLETION_REPORT.md	h:arena/01a0814b-iips-production-market-data h:arena/01a0853d-iips-production-market-data h:arena/01a0a438-iips-production-market-data h:arena/01a0ae80-iips-production-market-data h:arena/01a0bdb5-iips-production-market-data h:arena/01a0c440-iips-production-market-data h:arena/01a0c86d-iips-production-market-data h:arena/01a0cf86-iips-production-market-data h:arena/01a0d1d3-iips-production-market-data h:arena/01a0d33d-iips-production-market-data h:m1-ad4-repair h:windows/d114-stage5-banking-repl	-,NO
38ef5aa9127a8f49385cc7d73af8b560bc062fe6	iips-platform/IES013_WP3_COMPLETION_REPORT.md	h:arena/01a0814b-iips-production-market-data h:arena/01a0853d-iips-production-market-data h:arena/01a0a438-iips-production-market-data h:arena/01a0ae80-iips-production-market-data h:arena/01a0bdb5-iips-production-market-data h:arena/01a0c440-iips-production-market-data h:arena/01a0c86d-iips-production-market-data h:arena/01a0cf86-iips-production-market-data h:arena/01a0d1d3-iips-production-market-data h:arena/01a0d33d-iips-production-market-data h:m1-ad4-repair h:windows/d114-stage5-banking-repl	-,NO
50daea205c7e7745f856f205f38835a38dd098be	iips-platform/IES014_FINAL_READINESS_CERTIFICATE.md	h:arena/01a0814b-iips-production-market-data h:arena/01a0853d-iips-production-market-data h:arena/01a0a438-iips-production-market-data h:arena/01a0ae80-iips-production-market-data h:arena/01a0bdb5-iips-production-market-data h:arena/01a0c440-iips-production-market-data h:arena/01a0c86d-iips-production-market-data h:arena/01a0cf86-iips-production-market-data h:arena/01a0d1d3-iips-production-market-data h:arena/01a0d33d-iips-production-market-data h:m1-ad4-repair h:windows/d114-stage5-banking-repl	-,NO
429eb6f8020b6fddcad9c8419ce4ceb36d02f6b1	iips-platform/IES014_IMPLEMENTATION_REUSE_REPORT.md	h:arena/01a0814b-iips-production-market-data h:arena/01a0853d-iips-production-market-data h:arena/01a0a438-iips-production-market-data h:arena/01a0ae80-iips-production-market-data h:arena/01a0bdb5-iips-production-market-data h:arena/01a0c440-iips-production-market-data h:arena/01a0c86d-iips-production-market-data h:arena/01a0cf86-iips-production-market-data h:arena/01a0d1d3-iips-production-market-data h:arena/01a0d33d-iips-production-market-data h:m1-ad4-repair h:windows/d114-stage5-banking-repl	-,NO
e8c20163bca4058fe8d075d198c3bdac9a4d5f10	iips-platform/IES014_INDEPENDENT_VERIFICATION_REPORT.md	h:arena/01a0814b-iips-production-market-data h:arena/01a0853d-iips-production-market-data h:arena/01a0a438-iips-production-market-data h:arena/01a0ae80-iips-production-market-data h:arena/01a0bdb5-iips-production-market-data h:arena/01a0c440-iips-production-market-data h:arena/01a0c86d-iips-production-market-data h:arena/01a0cf86-iips-production-market-data h:arena/01a0d1d3-iips-production-market-data h:arena/01a0d33d-iips-production-market-data h:m1-ad4-repair h:windows/d114-stage5-banking-repl	-,NO
5fb50e62a9696c18ebcc76c52215de843fe3d61b	iips-platform/IES014_WP1_COMPLETION_REPORT.md	h:arena/01a0814b-iips-production-market-data h:arena/01a0853d-iips-production-market-data h:arena/01a0a438-iips-production-market-data h:arena/01a0ae80-iips-production-market-data h:arena/01a0bdb5-iips-production-market-data h:arena/01a0c440-iips-production-market-data h:arena/01a0c86d-iips-production-market-data h:arena/01a0cf86-iips-production-market-data h:arena/01a0d1d3-iips-production-market-data h:arena/01a0d33d-iips-production-market-data h:m1-ad4-repair h:windows/d114-stage5-banking-repl	-,NO
a3992d5296e2a9517252c0cfa147e8facf27cac1	iips-platform/IES014_WP2_COMPLETION_REPORT.md	h:arena/01a0814b-iips-production-market-data h:arena/01a0853d-iips-production-market-data h:arena/01a0a438-iips-production-market-data h:arena/01a0ae80-iips-production-market-data h:arena/01a0bdb5-iips-production-market-data h:arena/01a0c440-iips-production-market-data h:arena/01a0c86d-iips-production-market-data h:arena/01a0cf86-iips-production-market-data h:arena/01a0d1d3-iips-production-market-data h:arena/01a0d33d-iips-production-market-data h:m1-ad4-repair h:windows/d114-stage5-banking-repl	-,NO
2b732be48247a2a23c73c1178e4d4afbeaf2a079	iips-platform/IES014_WP3_COMPLETION_REPORT.md	h:arena/01a0814b-iips-production-market-data h:arena/01a0853d-iips-production-market-data h:arena/01a0a438-iips-production-market-data h:arena/01a0ae80-iips-production-market-data h:arena/01a0bdb5-iips-production-market-data h:arena/01a0c440-iips-production-market-data h:arena/01a0c86d-iips-production-market-data h:arena/01a0cf86-iips-production-market-data h:arena/01a0d1d3-iips-production-market-data h:arena/01a0d33d-iips-production-market-data h:m1-ad4-repair h:windows/d114-stage5-banking-repl	-,NO
d88f40c41e6d623a6f57ec361faf7893b6ab23ba	iips-platform/IES015_FINAL_READINESS_CERTIFICATE.md	h:arena/01a0814b-iips-production-market-data h:arena/01a0853d-iips-production-market-data h:arena/01a0a438-iips-production-market-data h:arena/01a0ae80-iips-production-market-data h:arena/01a0bdb5-iips-production-market-data h:arena/01a0c440-iips-production-market-data h:arena/01a0c86d-iips-production-market-data h:arena/01a0cf86-iips-production-market-data h:arena/01a0d1d3-iips-production-market-data h:arena/01a0d33d-iips-production-market-data h:m1-ad4-repair h:windows/d114-stage5-banking-repl	-,NO
bcce94953be07365472e5311796befc6ed0c5faa	iips-platform/IES015_IMPLEMENTATION_REUSE_REPORT.md	h:arena/01a0814b-iips-production-market-data h:arena/01a0853d-iips-production-market-data h:arena/01a0a438-iips-production-market-data h:arena/01a0ae80-iips-production-market-data h:arena/01a0bdb5-iips-production-market-data h:arena/01a0c440-iips-production-market-data h:arena/01a0c86d-iips-production-market-data h:arena/01a0cf86-iips-production-market-data h:arena/01a0d1d3-iips-production-market-data h:arena/01a0d33d-iips-production-market-data h:m1-ad4-repair h:windows/d114-stage5-banking-repl	-,NO
9c5f9cbc2659f5ded3c64c23060191ab12e5c4c9	iips-platform/IES015_INDEPENDENT_VERIFICATION_REPORT.md	h:arena/01a0814b-iips-production-market-data h:arena/01a0853d-iips-production-market-data h:arena/01a0a438-iips-production-market-data h:arena/01a0ae80-iips-production-market-data h:arena/01a0bdb5-iips-production-market-data h:arena/01a0c440-iips-production-market-data h:arena/01a0c86d-iips-production-market-data h:arena/01a0cf86-iips-production-market-data h:arena/01a0d1d3-iips-production-market-data h:arena/01a0d33d-iips-production-market-data h:m1-ad4-repair h:windows/d114-stage5-banking-repl	-,NO
04797a11f4419d5a572ee0a8ff6d2706b9251a36	iips-platform/IES015_WP1_COMPLETION_REPORT.md	h:arena/01a0814b-iips-production-market-data h:arena/01a0853d-iips-production-market-data h:arena/01a0a438-iips-production-market-data h:arena/01a0ae80-iips-production-market-data h:arena/01a0bdb5-iips-production-market-data h:arena/01a0c440-iips-production-market-data h:arena/01a0c86d-iips-production-market-data h:arena/01a0cf86-iips-production-market-data h:arena/01a0d1d3-iips-production-market-data h:arena/01a0d33d-iips-production-market-data h:m1-ad4-repair h:windows/d114-stage5-banking-repl	-,NO
833934124a131e8b21c9995f10aebc7a0950bc47	iips-platform/IES015_WP2_COMPLETION_REPORT.md	h:arena/01a0814b-iips-production-market-data h:arena/01a0853d-iips-production-market-data h:arena/01a0a438-iips-production-market-data h:arena/01a0ae80-iips-production-market-data h:arena/01a0bdb5-iips-production-market-data h:arena/01a0c440-iips-production-market-data h:arena/01a0c86d-iips-production-market-data h:arena/01a0cf86-iips-production-market-data h:arena/01a0d1d3-iips-production-market-data h:arena/01a0d33d-iips-production-market-data h:m1-ad4-repair h:windows/d114-stage5-banking-repl	-,NO
d775bffea14aa5d225a71e3fa4a6cda9b3b6c08d	iips-platform/IES015_WP3_COMPLETION_REPORT.md	h:arena/01a0814b-iips-production-market-data h:arena/01a0853d-iips-production-market-data h:arena/01a0a438-iips-production-market-data h:arena/01a0ae80-iips-production-market-data h:arena/01a0bdb5-iips-production-market-data h:arena/01a0c440-iips-production-market-data h:arena/01a0c86d-iips-production-market-data h:arena/01a0cf86-iips-production-market-data h:arena/01a0d1d3-iips-production-market-data h:arena/01a0d33d-iips-production-market-data h:m1-ad4-repair h:windows/d114-stage5-banking-repl	-,NO
8e20853cb7829751356b27e08f3ae9fa99809476	iips-platform/IES016_FINAL_READINESS_CERTIFICATE.md	h:arena/01a0814b-iips-production-market-data h:arena/01a0853d-iips-production-market-data h:arena/01a0a438-iips-production-market-data h:arena/01a0ae80-iips-production-market-data h:arena/01a0bdb5-iips-production-market-data h:arena/01a0c440-iips-production-market-data h:arena/01a0c86d-iips-production-market-data h:arena/01a0cf86-iips-production-market-data h:arena/01a0d1d3-iips-production-market-data h:arena/01a0d33d-iips-production-market-data h:m1-ad4-repair h:windows/d114-stage5-banking-repl	-,NO
1376bae939c8d37a690baf928ee6a98a14c957bc	iips-platform/IES016_INDEPENDENT_VERIFICATION_REPORT.md	h:arena/01a0814b-iips-production-market-data h:arena/01a0853d-iips-production-market-data h:arena/01a0a438-iips-production-market-data h:arena/01a0ae80-iips-production-market-data h:arena/01a0bdb5-iips-production-market-data h:arena/01a0c440-iips-production-market-data h:arena/01a0c86d-iips-production-market-data h:arena/01a0cf86-iips-production-market-data h:arena/01a0d1d3-iips-production-market-data h:arena/01a0d33d-iips-production-market-data h:m1-ad4-repair h:windows/d114-stage5-banking-repl	-,NO
2abd3c7ae691ebfa211576a5223e7ca62e7c53a6	iips-platform/IES017_FINAL_READINESS_CERTIFICATE.md	h:arena/01a0814b-iips-production-market-data h:arena/01a0853d-iips-production-market-data h:arena/01a0a438-iips-production-market-data h:arena/01a0ae80-iips-production-market-data h:arena/01a0bdb5-iips-production-market-data h:arena/01a0c440-iips-production-market-data h:arena/01a0c86d-iips-production-market-data h:arena/01a0cf86-iips-production-market-data h:arena/01a0d1d3-iips-production-market-data h:arena/01a0d33d-iips-production-market-data h:m1-ad4-repair h:windows/d114-stage5-banking-repl	-,NO
d7a2f5526dd6d15b654a7693cea05b290dd2876e	iips-platform/IES017_INDEPENDENT_VERIFICATION_REPORT.md	h:arena/01a0814b-iips-production-market-data h:arena/01a0853d-iips-production-market-data h:arena/01a0a438-iips-production-market-data h:arena/01a0ae80-iips-production-market-data h:arena/01a0bdb5-iips-production-market-data h:arena/01a0c440-iips-production-market-data h:arena/01a0c86d-iips-production-market-data h:arena/01a0cf86-iips-production-market-data h:arena/01a0d1d3-iips-production-market-data h:arena/01a0d33d-iips-production-market-data h:m1-ad4-repair h:windows/d114-stage5-banking-repl	-,NO
2a45157be6f8269a6fe88733f2ae412700cd1a3d	iips-platform/IES020_FINAL_READINESS_CERTIFICATE.md	h:arena/01a0814b-iips-production-market-data h:arena/01a0853d-iips-production-market-data h:arena/01a0a438-iips-production-market-data h:arena/01a0ae80-iips-production-market-data h:arena/01a0bdb5-iips-production-market-data h:arena/01a0c440-iips-production-market-data h:arena/01a0c86d-iips-production-market-data h:arena/01a0cf86-iips-production-market-data h:arena/01a0d1d3-iips-production-market-data h:arena/01a0d33d-iips-production-market-data h:m1-ad4-repair h:windows/d114-stage5-banking-repl	-,NO
4cd55372da75a45fea32003fb345f302a6527dfd	iips-platform/IES020_INDEPENDENT_VERIFICATION_REPORT.md	h:arena/01a0814b-iips-production-market-data h:arena/01a0853d-iips-production-market-data h:arena/01a0a438-iips-production-market-data h:arena/01a0ae80-iips-production-market-data h:arena/01a0bdb5-iips-production-market-data h:arena/01a0c440-iips-production-market-data h:arena/01a0c86d-iips-production-market-data h:arena/01a0cf86-iips-production-market-data h:arena/01a0d1d3-iips-production-market-data h:arena/01a0d33d-iips-production-market-data h:m1-ad4-repair h:windows/d114-stage5-banking-repl	-,NO
78324ab9f6f94d9859ae10bf0964ff1316a2da3c	iips-platform/IMPLEMENTATION_API_BASELINE.md	h:arena/01a0814b-iips-production-market-data h:arena/01a0853d-iips-production-market-data h:arena/01a0a438-iips-production-market-data h:arena/01a0ae80-iips-production-market-data h:arena/01a0bdb5-iips-production-market-data h:arena/01a0c440-iips-production-market-data h:arena/01a0c86d-iips-production-market-data h:arena/01a0cf86-iips-production-market-data h:arena/01a0d1d3-iips-production-market-data h:arena/01a0d33d-iips-production-market-data h:m1-ad4-repair h:windows/d114-stage5-banking-repl	-,NO
b7276a0fc5cf6d760663d8361de3c9309a68aac5	iips-platform/IMPLEMENTATION_DECISIONS.md	h:arena/01a0814b-iips-production-market-data h:arena/01a0853d-iips-production-market-data h:arena/01a0a438-iips-production-market-data h:arena/01a0ae80-iips-production-market-data h:arena/01a0bdb5-iips-production-market-data h:arena/01a0c440-iips-production-market-data h:arena/01a0c86d-iips-production-market-data h:arena/01a0cf86-iips-production-market-data h:arena/01a0d1d3-iips-production-market-data h:arena/01a0d33d-iips-production-market-data h:m1-ad4-repair h:windows/d114-stage5-banking-repl	-,NO
aad0860b5118ec917199df4d98146961ab65e2b4	iips-platform/IMPLEMENTATION_REUSE_REPORT_IES008.md	h:arena/01a0814b-iips-production-market-data h:arena/01a0853d-iips-production-market-data h:arena/01a0a438-iips-production-market-data h:arena/01a0ae80-iips-production-market-data h:arena/01a0bdb5-iips-production-market-data h:arena/01a0c440-iips-production-market-data h:arena/01a0c86d-iips-production-market-data h:arena/01a0cf86-iips-production-market-data h:arena/01a0d1d3-iips-production-market-data h:arena/01a0d33d-iips-production-market-data h:m1-ad4-repair h:windows/d114-stage5-banking-repl	-,NO
44d5f460a7940671c3080b119c028addef5258c9	iips-platform/IMPLEMENTATION_REUSE_REPORT_IES009.md	h:arena/01a0814b-iips-production-market-data h:arena/01a0853d-iips-production-market-data h:arena/01a0a438-iips-production-market-data h:arena/01a0ae80-iips-production-market-data h:arena/01a0bdb5-iips-production-market-data h:arena/01a0c440-iips-production-market-data h:arena/01a0c86d-iips-production-market-data h:arena/01a0cf86-iips-production-market-data h:arena/01a0d1d3-iips-production-market-data h:arena/01a0d33d-iips-production-market-data h:m1-ad4-repair h:windows/d114-stage5-banking-repl	-,NO
2ddb91f48c4f946896f55711a32f56d451eeb684	iips-platform/IMPLEMENTATION_TRACEABILITY_MATRIX.md	h:arena/01a0814b-iips-production-market-data h:arena/01a0853d-iips-production-market-data h:arena/01a0a438-iips-production-market-data h:arena/01a0ae80-iips-production-market-data h:arena/01a0bdb5-iips-production-market-data h:arena/01a0c440-iips-production-market-data h:arena/01a0c86d-iips-production-market-data h:arena/01a0cf86-iips-production-market-data h:arena/01a0d1d3-iips-production-market-data h:arena/01a0d33d-iips-production-market-data h:m1-ad4-repair h:windows/d114-stage5-banking-repl	-,NO
ce3c833d29099f538314a2d681fa928f34cfa717	iips-platform/IMPLEMENTATION_TRACEABILITY_MATRIX_IES007.md	h:arena/01a0814b-iips-production-market-data h:arena/01a0853d-iips-production-market-data h:arena/01a0a438-iips-production-market-data h:arena/01a0ae80-iips-production-market-data h:arena/01a0bdb5-iips-production-market-data h:arena/01a0c440-iips-production-market-data h:arena/01a0c86d-iips-production-market-data h:arena/01a0cf86-iips-production-market-data h:arena/01a0d1d3-iips-production-market-data h:arena/01a0d33d-iips-production-market-data h:m1-ad4-repair h:windows/d114-stage5-banking-repl	-,NO
f264e001969798492e4af460addc39364738b8ff	iips-platform/IMPLEMENTATION_TRACEABILITY_MATRIX_IES008.md	h:arena/01a0814b-iips-production-market-data h:arena/01a0853d-iips-production-market-data h:arena/01a0a438-iips-production-market-data h:arena/01a0ae80-iips-production-market-data h:arena/01a0bdb5-iips-production-market-data h:arena/01a0c440-iips-production-market-data h:arena/01a0c86d-iips-production-market-data h:arena/01a0cf86-iips-production-market-data h:arena/01a0d1d3-iips-production-market-data h:arena/01a0d33d-iips-production-market-data h:m1-ad4-repair h:windows/d114-stage5-banking-repl	-,NO
4b56f85d7ef34b381d4ab89f57dfd181cb86746c	iips-platform/IMPLEMENTATION_TRACEABILITY_MATRIX_IES009.md	h:arena/01a0814b-iips-production-market-data h:arena/01a0853d-iips-production-market-data h:arena/01a0a438-iips-production-market-data h:arena/01a0ae80-iips-production-market-data h:arena/01a0bdb5-iips-production-market-data h:arena/01a0c440-iips-production-market-data h:arena/01a0c86d-iips-production-market-data h:arena/01a0cf86-iips-production-market-data h:arena/01a0d1d3-iips-production-market-data h:arena/01a0d33d-iips-production-market-data h:m1-ad4-repair h:windows/d114-stage5-banking-repl	-,NO
ed15bbf5ae1694e441398d3dc8ecc45e85250f13	iips-platform/RELEASES_IMPLEMENTATION.md	h:arena/01a0814b-iips-production-market-data h:arena/01a0853d-iips-production-market-data h:arena/01a0a438-iips-production-market-data h:arena/01a0ae80-iips-production-market-data h:arena/01a0bdb5-iips-production-market-data h:arena/01a0c440-iips-production-market-data h:arena/01a0c86d-iips-production-market-data h:arena/01a0cf86-iips-production-market-data h:arena/01a0d1d3-iips-production-market-data h:arena/01a0d33d-iips-production-market-data h:m1-ad4-repair h:windows/d114-stage5-banking-repl	-,NO
abf2028511c2ec8cbcc7966586d63e6da3112558	iips-platform/RELEASE_NOTES_banking-engine-v1.0.0.md	h:arena/01a0814b-iips-production-market-data h:arena/01a0853d-iips-production-market-data h:arena/01a0a438-iips-production-market-data h:arena/01a0ae80-iips-production-market-data h:arena/01a0bdb5-iips-production-market-data h:arena/01a0c440-iips-production-market-data h:arena/01a0c86d-iips-production-market-data h:arena/01a0cf86-iips-production-market-data h:arena/01a0d1d3-iips-production-market-data h:arena/01a0d33d-iips-production-market-data h:m1-ad4-repair h:windows/d114-stage5-banking-repl	-,NO
f7cdfe5fa0b097c8203e5a77f33a8dc16d74cd76	iips-platform/RELEASE_NOTES_capital-markets-engine-v1.0.0.md	h:arena/01a0814b-iips-production-market-data h:arena/01a0853d-iips-production-market-data h:arena/01a0a438-iips-production-market-data h:arena/01a0ae80-iips-production-market-data h:arena/01a0bdb5-iips-production-market-data h:arena/01a0c440-iips-production-market-data h:arena/01a0c86d-iips-production-market-data h:arena/01a0cf86-iips-production-market-data h:arena/01a0d1d3-iips-production-market-data h:arena/01a0d33d-iips-production-market-data h:m1-ad4-repair h:windows/d114-stage5-banking-repl	-,NO
31fe6198c6ebbc6780f6bec28a66307a5e1b9f84	iips-platform/RELEASE_NOTES_consumer-engine-v1.0.0.md	h:arena/01a0814b-iips-production-market-data h:arena/01a0853d-iips-production-market-data h:arena/01a0a438-iips-production-market-data h:arena/01a0ae80-iips-production-market-data h:arena/01a0bdb5-iips-production-market-data h:arena/01a0c440-iips-production-market-data h:arena/01a0c86d-iips-production-market-data h:arena/01a0cf86-iips-production-market-data h:arena/01a0d1d3-iips-production-market-data h:arena/01a0d33d-iips-production-market-data h:m1-ad4-repair h:windows/d114-stage5-banking-repl	-,NO
719a057f23c4adaea058886213e96721f2ee7f95	iips-platform/RELEASE_NOTES_csip-v1.0.0.md	h:arena/01a0814b-iips-production-market-data h:arena/01a0853d-iips-production-market-data h:arena/01a0a438-iips-production-market-data h:arena/01a0ae80-iips-production-market-data h:arena/01a0bdb5-iips-production-market-data h:arena/01a0c440-iips-production-market-data h:arena/01a0c86d-iips-production-market-data h:arena/01a0cf86-iips-production-market-data h:arena/01a0d1d3-iips-production-market-data h:arena/01a0d33d-iips-production-market-data h:m1-ad4-repair h:windows/d114-stage5-banking-repl	-,NO
66b9a3aa7fd1476de77c2d455e83629d04f45a7f	iips-platform/RELEASE_NOTES_energy-engine-v1.0.0.md	h:arena/01a0814b-iips-production-market-data h:arena/01a0853d-iips-production-market-data h:arena/01a0a438-iips-production-market-data h:arena/01a0ae80-iips-production-market-data h:arena/01a0bdb5-iips-production-market-data h:arena/01a0c440-iips-production-market-data h:arena/01a0c86d-iips-production-market-data h:arena/01a0cf86-iips-production-market-data h:arena/01a0d1d3-iips-production-market-data h:arena/01a0d33d-iips-production-market-data h:m1-ad4-repair h:windows/d114-stage5-banking-repl	-,NO
d1580cdbcc1b7598a5d34915b3709efd06fdd37e	iips-platform/RELEASE_NOTES_healthcare-engine-v1.0.0.md	h:arena/01a0814b-iips-production-market-data h:arena/01a0853d-iips-production-market-data h:arena/01a0a438-iips-production-market-data h:arena/01a0ae80-iips-production-market-data h:arena/01a0bdb5-iips-production-market-data h:arena/01a0c440-iips-production-market-data h:arena/01a0c86d-iips-production-market-data h:arena/01a0cf86-iips-production-market-data h:arena/01a0d1d3-iips-production-market-data h:arena/01a0d33d-iips-production-market-data h:m1-ad4-repair h:windows/d114-stage5-banking-repl	-,NO
f827598732273074053980b44ff663608493c45a	iips-platform/RELEASE_NOTES_hospitality-engine-v1.0.0.md	h:arena/01a0814b-iips-production-market-data h:arena/01a0853d-iips-production-market-data h:arena/01a0a438-iips-production-market-data h:arena/01a0ae80-iips-production-market-data h:arena/01a0bdb5-iips-production-market-data h:arena/01a0c440-iips-production-market-data h:arena/01a0c86d-iips-production-market-data h:arena/01a0cf86-iips-production-market-data h:arena/01a0d1d3-iips-production-market-data h:arena/01a0d33d-iips-production-market-data h:m1-ad4-repair h:windows/d114-stage5-banking-repl	-,NO
2ac1abd741c6d42c2f8799e93bbd940786018b2a	iips-platform/RELEASE_NOTES_industrials-engine-v1.0.0.md	h:arena/01a0814b-iips-production-market-data h:arena/01a0853d-iips-production-market-data h:arena/01a0a438-iips-production-market-data h:arena/01a0ae80-iips-production-market-data h:arena/01a0bdb5-iips-production-market-data h:arena/01a0c440-iips-production-market-data h:arena/01a0c86d-iips-production-market-data h:arena/01a0cf86-iips-production-market-data h:arena/01a0d1d3-iips-production-market-data h:arena/01a0d33d-iips-production-market-data h:m1-ad4-repair h:windows/d114-stage5-banking-repl	-,NO
1bf538c6282173d2d1ad50c0d0c766cedd840653	iips-platform/RELEASE_NOTES_insurance-engine-v1.0.0.md	h:arena/01a0814b-iips-production-market-data h:arena/01a0853d-iips-production-market-data h:arena/01a0a438-iips-production-market-data h:arena/01a0ae80-iips-production-market-data h:arena/01a0bdb5-iips-production-market-data h:arena/01a0c440-iips-production-market-data h:arena/01a0c86d-iips-production-market-data h:arena/01a0cf86-iips-production-market-data h:arena/01a0d1d3-iips-production-market-data h:arena/01a0d33d-iips-production-market-data h:m1-ad4-repair h:windows/d114-stage5-banking-repl	-,NO
d513e9d54369b142b45b7026fbc944d453064f42	iips-platform/RELEASE_NOTES_technology-engine-v1.0.0.md	h:arena/01a0814b-iips-production-market-data h:arena/01a0853d-iips-production-market-data h:arena/01a0a438-iips-production-market-data h:arena/01a0ae80-iips-production-market-data h:arena/01a0bdb5-iips-production-market-data h:arena/01a0c440-iips-production-market-data h:arena/01a0c86d-iips-production-market-data h:arena/01a0cf86-iips-production-market-data h:arena/01a0d1d3-iips-production-market-data h:arena/01a0d33d-iips-production-market-data h:m1-ad4-repair h:windows/d114-stage5-banking-repl	-,NO
22140948b931bcb9abd7a16fc23cd349fe35f03a	iips-platform/RELEASE_NOTES_utilities-engine-v1.0.0.md	h:arena/01a0814b-iips-production-market-data h:arena/01a0853d-iips-production-market-data h:arena/01a0a438-iips-production-market-data h:arena/01a0ae80-iips-production-market-data h:arena/01a0bdb5-iips-production-market-data h:arena/01a0c440-iips-production-market-data h:arena/01a0c86d-iips-production-market-data h:arena/01a0cf86-iips-production-market-data h:arena/01a0d1d3-iips-production-market-data h:arena/01a0d33d-iips-production-market-data h:m1-ad4-repair h:windows/d114-stage5-banking-repl	-,NO
e69de29bb2d1d6434b8b29ae775ad8c2e48c5391	iips-platform/docs/.gitkeep | iips-platform/runtime/.gitkeep | iips-platform/sector-engines/.gitkeep | iips-platform/sector-engines/banking/.gitkeep | iips-platform/sector-engines/insurance/.gitkeep | iips-platform/shared/.gitkeep | iips-platform/tests/.gitkeep	h:arena/01a0814b-iips-production-market-data h:arena/01a0853d-iips-production-market-data h:arena/01a0a438-iips-production-market-data h:arena/01a0ae80-iips-production-market-data h:arena/01a0bdb5-iips-production-market-data h:arena/01a0c440-iips-production-market-data h:arena/01a0c86d-iips-production-market-data h:arena/01a0cf86-iips-production-market-data h:arena/01a0d1d3-iips-production-market-data h:arena/01a0d33d-iips-production-market-data h:m1-ad4-repair h:windows/d114-stage5-banking-repl	-,NO
3c63b4b9d2785b179f67e42edd8d2e4994be0fe8	iips-platform/package-lock.json	h:arena/01a0814b-iips-production-market-data h:arena/01a0853d-iips-production-market-data h:arena/01a0a438-iips-production-market-data h:arena/01a0ae80-iips-production-market-data h:arena/01a0bdb5-iips-production-market-data h:arena/01a0c440-iips-production-market-data h:arena/01a0c86d-iips-production-market-data h:arena/01a0cf86-iips-production-market-data h:arena/01a0d1d3-iips-production-market-data h:arena/01a0d33d-iips-production-market-data h:m1-ad4-repair h:windows/d114-stage5-banking-repl	-,NO
1093ee304ac52b0f94946a23049517c2688a615e	iips-platform/package.json	h:arena/01a0814b-iips-production-market-data h:arena/01a0853d-iips-production-market-data h:arena/01a0a438-iips-production-market-data h:arena/01a0ae80-iips-production-market-data h:arena/01a0bdb5-iips-production-market-data h:arena/01a0c440-iips-production-market-data h:arena/01a0c86d-iips-production-market-data h:arena/01a0cf86-iips-production-market-data h:arena/01a0d1d3-iips-production-market-data h:arena/01a0d33d-iips-production-market-data h:m1-ad4-repair h:windows/d114-stage5-banking-repl	-,NO
dd03df42acea5cb67b9b8746a9a7fb3c27f8e048	iips-platform/release-candidate-capital-markets/RELEASE_CANDIDATE_MANIFEST.json	h:arena/01a0814b-iips-production-market-data h:arena/01a0853d-iips-production-market-data h:arena/01a0a438-iips-production-market-data h:arena/01a0ae80-iips-production-market-data h:arena/01a0bdb5-iips-production-market-data h:arena/01a0c440-iips-production-market-data h:arena/01a0c86d-iips-production-market-data h:arena/01a0cf86-iips-production-market-data h:arena/01a0d1d3-iips-production-market-data h:arena/01a0d33d-iips-production-market-data h:m1-ad4-repair h:windows/d114-stage5-banking-repl	-,NO
a87b839292dbd0b3c89844ec8fc766a4752ed029	iips-platform/release-candidate-capital-markets/RELEASE_CANDIDATE_REPORT.md	h:arena/01a0814b-iips-production-market-data h:arena/01a0853d-iips-production-market-data h:arena/01a0a438-iips-production-market-data h:arena/01a0ae80-iips-production-market-data h:arena/01a0bdb5-iips-production-market-data h:arena/01a0c440-iips-production-market-data h:arena/01a0c86d-iips-production-market-data h:arena/01a0cf86-iips-production-market-data h:arena/01a0d1d3-iips-production-market-data h:arena/01a0d33d-iips-production-market-data h:m1-ad4-repair h:windows/d114-stage5-banking-repl	-,NO
c19de2c035905d4147cfe6848c1f56a26faf4bdd	iips-platform/release-candidate-consumer/RELEASE_CANDIDATE_MANIFEST.json	h:arena/01a0814b-iips-production-market-data h:arena/01a0853d-iips-production-market-data h:arena/01a0a438-iips-production-market-data h:arena/01a0ae80-iips-production-market-data h:arena/01a0bdb5-iips-production-market-data h:arena/01a0c440-iips-production-market-data h:arena/01a0c86d-iips-production-market-data h:arena/01a0cf86-iips-production-market-data h:arena/01a0d1d3-iips-production-market-data h:arena/01a0d33d-iips-production-market-data h:m1-ad4-repair h:windows/d114-stage5-banking-repl	-,NO
ccab4264d4b5c9fe8da6ca3a97467b619b792917	iips-platform/release-candidate-cross-sector/RELEASE_CANDIDATE_MANIFEST.json	h:arena/01a0814b-iips-production-market-data h:arena/01a0853d-iips-production-market-data h:arena/01a0a438-iips-production-market-data h:arena/01a0ae80-iips-production-market-data h:arena/01a0bdb5-iips-production-market-data h:arena/01a0c440-iips-production-market-data h:arena/01a0c86d-iips-production-market-data h:arena/01a0cf86-iips-production-market-data h:arena/01a0d1d3-iips-production-market-data h:arena/01a0d33d-iips-production-market-data h:m1-ad4-repair h:windows/d114-stage5-banking-repl	-,NO
4b286ef76ea4db3e1cac8f2a8deab0d1477aa0db	iips-platform/release-candidate-energy/RELEASE_CANDIDATE_MANIFEST.json	h:arena/01a0814b-iips-production-market-data h:arena/01a0853d-iips-production-market-data h:arena/01a0a438-iips-production-market-data h:arena/01a0ae80-iips-production-market-data h:arena/01a0bdb5-iips-production-market-data h:arena/01a0c440-iips-production-market-data h:arena/01a0c86d-iips-production-market-data h:arena/01a0cf86-iips-production-market-data h:arena/01a0d1d3-iips-production-market-data h:arena/01a0d33d-iips-production-market-data h:m1-ad4-repair h:windows/d114-stage5-banking-repl	-,NO
6aea5067d1018665d13dc30dc5ac913b4b4f1fae	iips-platform/release-candidate-healthcare/RELEASE_CANDIDATE_MANIFEST.json	h:arena/01a0814b-iips-production-market-data h:arena/01a0853d-iips-production-market-data h:arena/01a0a438-iips-production-market-data h:arena/01a0ae80-iips-production-market-data h:arena/01a0bdb5-iips-production-market-data h:arena/01a0c440-iips-production-market-data h:arena/01a0c86d-iips-production-market-data h:arena/01a0cf86-iips-production-market-data h:arena/01a0d1d3-iips-production-market-data h:arena/01a0d33d-iips-production-market-data h:m1-ad4-repair h:windows/d114-stage5-banking-repl	-,NO
9734e22449678a8c61983a3d949cfe43d733173f	iips-platform/release-candidate-hospitality/RELEASE_CANDIDATE_MANIFEST.json	h:arena/01a0814b-iips-production-market-data h:arena/01a0853d-iips-production-market-data h:arena/01a0a438-iips-production-market-data h:arena/01a0ae80-iips-production-market-data h:arena/01a0bdb5-iips-production-market-data h:arena/01a0c440-iips-production-market-data h:arena/01a0c86d-iips-production-market-data h:arena/01a0cf86-iips-production-market-data h:arena/01a0d1d3-iips-production-market-data h:arena/01a0d33d-iips-production-market-data h:m1-ad4-repair h:windows/d114-stage5-banking-repl	-,NO
a0fff60d089fcf4e4b0a7aeacf5be956293cc15e	iips-platform/release-candidate-industrials/RELEASE_CANDIDATE_MANIFEST.json	h:arena/01a0814b-iips-production-market-data h:arena/01a0853d-iips-production-market-data h:arena/01a0a438-iips-production-market-data h:arena/01a0ae80-iips-production-market-data h:arena/01a0bdb5-iips-production-market-data h:arena/01a0c440-iips-production-market-data h:arena/01a0c86d-iips-production-market-data h:arena/01a0cf86-iips-production-market-data h:arena/01a0d1d3-iips-production-market-data h:arena/01a0d33d-iips-production-market-data h:m1-ad4-repair h:windows/d114-stage5-banking-repl	-,NO
66fcfb166764ec2a5019ef346982ec8ae7710b4d	iips-platform/release-candidate-insurance/RELEASE_CANDIDATE_MANIFEST.json	h:arena/01a0814b-iips-production-market-data h:arena/01a0853d-iips-production-market-data h:arena/01a0a438-iips-production-market-data h:arena/01a0ae80-iips-production-market-data h:arena/01a0bdb5-iips-production-market-data h:arena/01a0c440-iips-production-market-data h:arena/01a0c86d-iips-production-market-data h:arena/01a0cf86-iips-production-market-data h:arena/01a0d1d3-iips-production-market-data h:arena/01a0d33d-iips-production-market-data h:m1-ad4-repair h:windows/d114-stage5-banking-repl	-,NO
09cc95cbe7835e36996c86c438ccea129131654d	iips-platform/release-candidate-insurance/RELEASE_CANDIDATE_REPORT.md	h:arena/01a0814b-iips-production-market-data h:arena/01a0853d-iips-production-market-data h:arena/01a0a438-iips-production-market-data h:arena/01a0ae80-iips-production-market-data h:arena/01a0bdb5-iips-production-market-data h:arena/01a0c440-iips-production-market-data h:arena/01a0c86d-iips-production-market-data h:arena/01a0cf86-iips-production-market-data h:arena/01a0d1d3-iips-production-market-data h:arena/01a0d33d-iips-production-market-data h:m1-ad4-repair h:windows/d114-stage5-banking-repl	-,NO
de5b01fb0af90b56fb620393a408c755f8f22533	iips-platform/release-candidate-technology/RELEASE_CANDIDATE_MANIFEST.json	h:arena/01a0814b-iips-production-market-data h:arena/01a0853d-iips-production-market-data h:arena/01a0a438-iips-production-market-data h:arena/01a0ae80-iips-production-market-data h:arena/01a0bdb5-iips-production-market-data h:arena/01a0c440-iips-production-market-data h:arena/01a0c86d-iips-production-market-data h:arena/01a0cf86-iips-production-market-data h:arena/01a0d1d3-iips-production-market-data h:arena/01a0d33d-iips-production-market-data h:m1-ad4-repair h:windows/d114-stage5-banking-repl	-,NO
42d4d9436135d9e559368f9e25bddb2b30b6aa3e	iips-platform/release-candidate-utilities/RELEASE_CANDIDATE_MANIFEST.json	h:arena/01a0814b-iips-production-market-data h:arena/01a0853d-iips-production-market-data h:arena/01a0a438-iips-production-market-data h:arena/01a0ae80-iips-production-market-data h:arena/01a0bdb5-iips-production-market-data h:arena/01a0c440-iips-production-market-data h:arena/01a0c86d-iips-production-market-data h:arena/01a0cf86-iips-production-market-data h:arena/01a0d1d3-iips-production-market-data h:arena/01a0d33d-iips-production-market-data h:m1-ad4-repair h:windows/d114-stage5-banking-repl	-,NO
4c7524caa7a2840c5889db7b85118822457437d5	iips-platform/release-candidate/RELEASE_CANDIDATE_MANIFEST.json	h:arena/01a0814b-iips-production-market-data h:arena/01a0853d-iips-production-market-data h:arena/01a0a438-iips-production-market-data h:arena/01a0ae80-iips-production-market-data h:arena/01a0bdb5-iips-production-market-data h:arena/01a0c440-iips-production-market-data h:arena/01a0c86d-iips-production-market-data h:arena/01a0cf86-iips-production-market-data h:arena/01a0d1d3-iips-production-market-data h:arena/01a0d33d-iips-production-market-data h:m1-ad4-repair h:windows/d114-stage5-banking-repl	-,NO
bbb2d1daea8fce87cb1f8a8c71385be1a0519093	iips-platform/release-candidate/RELEASE_CANDIDATE_REPORT.md	h:arena/01a0814b-iips-production-market-data h:arena/01a0853d-iips-production-market-data h:arena/01a0a438-iips-production-market-data h:arena/01a0ae80-iips-production-market-data h:arena/01a0bdb5-iips-production-market-data h:arena/01a0c440-iips-production-market-data h:arena/01a0c86d-iips-production-market-data h:arena/01a0cf86-iips-production-market-data h:arena/01a0d1d3-iips-production-market-data h:arena/01a0d33d-iips-production-market-data h:m1-ad4-repair h:windows/d114-stage5-banking-repl	-,NO
141073d65841beb9b0d474b5e692970609ec8b81	iips-platform/reports-capital-markets/FINAL_IMPLEMENTATION_READINESS_REPORT.md	h:arena/01a0814b-iips-production-market-data h:arena/01a0853d-iips-production-market-data h:arena/01a0a438-iips-production-market-data h:arena/01a0ae80-iips-production-market-data h:arena/01a0bdb5-iips-production-market-data h:arena/01a0c440-iips-production-market-data h:arena/01a0c86d-iips-production-market-data h:arena/01a0cf86-iips-production-market-data h:arena/01a0d1d3-iips-production-market-data h:arena/01a0d33d-iips-production-market-data h:m1-ad4-repair h:windows/d114-stage5-banking-repl	-,NO
eae5215edbdb496d8a5cfdf22cd80aa954e2f0c7	iips-platform/reports-capital-markets/INDEPENDENT_VERIFICATION_REPORT.md	h:arena/01a0814b-iips-production-market-data h:arena/01a0853d-iips-production-market-data h:arena/01a0a438-iips-production-market-data h:arena/01a0ae80-iips-production-market-data h:arena/01a0bdb5-iips-production-market-data h:arena/01a0c440-iips-production-market-data h:arena/01a0c86d-iips-production-market-data h:arena/01a0cf86-iips-production-market-data h:arena/01a0d1d3-iips-production-market-data h:arena/01a0d33d-iips-production-market-data h:m1-ad4-repair h:windows/d114-stage5-banking-repl	-,NO
a3662750be95b60da902963a8084234e22cf46b2	iips-platform/reports-capital-markets/VALIDATION_FIXTURE_ACCEPTANCE_REPORT.md	h:arena/01a0814b-iips-production-market-data h:arena/01a0853d-iips-production-market-data h:arena/01a0a438-iips-production-market-data h:arena/01a0ae80-iips-production-market-data h:arena/01a0bdb5-iips-production-market-data h:arena/01a0c440-iips-production-market-data h:arena/01a0c86d-iips-production-market-data h:arena/01a0cf86-iips-production-market-data h:arena/01a0d1d3-iips-production-market-data h:arena/01a0d33d-iips-production-market-data h:m1-ad4-repair h:windows/d114-stage5-banking-repl	-,NO
e444800c9efa152a172aa3a83dc27c72fd8f9af6	iips-platform/reports-capital-markets/golden-dataset-regression-report.json	h:arena/01a0814b-iips-production-market-data h:arena/01a0853d-iips-production-market-data h:arena/01a0a438-iips-production-market-data h:arena/01a0ae80-iips-production-market-data h:arena/01a0bdb5-iips-production-market-data h:arena/01a0c440-iips-production-market-data h:arena/01a0c86d-iips-production-market-data h:arena/01a0cf86-iips-production-market-data h:arena/01a0d1d3-iips-production-market-data h:arena/01a0d33d-iips-production-market-data h:m1-ad4-repair h:windows/d114-stage5-banking-repl	-,NO
6be81dc1b64132323b475b447a5b1c322473c395	iips-platform/reports-capital-markets/replay-validation-report.json	h:arena/01a0814b-iips-production-market-data h:arena/01a0853d-iips-production-market-data h:arena/01a0a438-iips-production-market-data h:arena/01a0ae80-iips-production-market-data h:arena/01a0bdb5-iips-production-market-data h:arena/01a0c440-iips-production-market-data h:arena/01a0c86d-iips-production-market-data h:arena/01a0cf86-iips-production-market-data h:arena/01a0d1d3-iips-production-market-data h:arena/01a0d33d-iips-production-market-data h:m1-ad4-repair h:windows/d114-stage5-banking-repl	-,NO
eaa7504192f398231f595a154d32000d87edd9cc	iips-platform/reports-healthcare/FINAL_IMPLEMENTATION_READINESS_REPORT.md	h:arena/01a0814b-iips-production-market-data h:arena/01a0853d-iips-production-market-data h:arena/01a0a438-iips-production-market-data h:arena/01a0ae80-iips-production-market-data h:arena/01a0bdb5-iips-production-market-data h:arena/01a0c440-iips-production-market-data h:arena/01a0c86d-iips-production-market-data h:arena/01a0cf86-iips-production-market-data h:arena/01a0d1d3-iips-production-market-data h:arena/01a0d33d-iips-production-market-data h:m1-ad4-repair h:windows/d114-stage5-banking-repl	-,NO
1c2772cc9af0d1b1135e5c89d24db51af5804d9d	iips-platform/reports-healthcare/INDEPENDENT_VERIFICATION_REPORT.md	h:arena/01a0814b-iips-production-market-data h:arena/01a0853d-iips-production-market-data h:arena/01a0a438-iips-production-market-data h:arena/01a0ae80-iips-production-market-data h:arena/01a0bdb5-iips-production-market-data h:arena/01a0c440-iips-production-market-data h:arena/01a0c86d-iips-production-market-data h:arena/01a0cf86-iips-production-market-data h:arena/01a0d1d3-iips-production-market-data h:arena/01a0d33d-iips-production-market-data h:m1-ad4-repair h:windows/d114-stage5-banking-repl	-,NO
647e8295cffe5f5d9d55ee27f92c568484c2aafc	iips-platform/reports-healthcare/VALIDATION_FIXTURE_ACCEPTANCE_REPORT.md	h:arena/01a0814b-iips-production-market-data h:arena/01a0853d-iips-production-market-data h:arena/01a0a438-iips-production-market-data h:arena/01a0ae80-iips-production-market-data h:arena/01a0bdb5-iips-production-market-data h:arena/01a0c440-iips-production-market-data h:arena/01a0c86d-iips-production-market-data h:arena/01a0cf86-iips-production-market-data h:arena/01a0d1d3-iips-production-market-data h:arena/01a0d33d-iips-production-market-data h:m1-ad4-repair h:windows/d114-stage5-banking-repl	-,NO
37a9505f4a9477a1d6096227c2b6fb4f02905026	iips-platform/reports-healthcare/golden-dataset-regression-report.json	h:arena/01a0814b-iips-production-market-data h:arena/01a0853d-iips-production-market-data h:arena/01a0a438-iips-production-market-data h:arena/01a0ae80-iips-production-market-data h:arena/01a0bdb5-iips-production-market-data h:arena/01a0c440-iips-production-market-data h:arena/01a0c86d-iips-production-market-data h:arena/01a0cf86-iips-production-market-data h:arena/01a0d1d3-iips-production-market-data h:arena/01a0d33d-iips-production-market-data h:m1-ad4-repair h:windows/d114-stage5-banking-repl	-,NO
aa9f09a929334cf5a8eb586279da1a3858fa9e5f	iips-platform/reports-healthcare/replay-validation-report.json	h:arena/01a0814b-iips-production-market-data h:arena/01a0853d-iips-production-market-data h:arena/01a0a438-iips-production-market-data h:arena/01a0ae80-iips-production-market-data h:arena/01a0bdb5-iips-production-market-data h:arena/01a0c440-iips-production-market-data h:arena/01a0c86d-iips-production-market-data h:arena/01a0cf86-iips-production-market-data h:arena/01a0d1d3-iips-production-market-data h:arena/01a0d33d-iips-production-market-data h:m1-ad4-repair h:windows/d114-stage5-banking-repl	-,NO
41f547069d252f0c685ecc315a9311d09df6badc	iips-platform/reports-insurance/FINAL_IMPLEMENTATION_READINESS_REPORT.md	h:arena/01a0814b-iips-production-market-data h:arena/01a0853d-iips-production-market-data h:arena/01a0a438-iips-production-market-data h:arena/01a0ae80-iips-production-market-data h:arena/01a0bdb5-iips-production-market-data h:arena/01a0c440-iips-production-market-data h:arena/01a0c86d-iips-production-market-data h:arena/01a0cf86-iips-production-market-data h:arena/01a0d1d3-iips-production-market-data h:arena/01a0d33d-iips-production-market-data h:m1-ad4-repair h:windows/d114-stage5-banking-repl	-,NO
516f0e25af9364c1343a76bfea9a0a935b33dbbe	iips-platform/reports-insurance/INDEPENDENT_VERIFICATION_REPORT.md	h:arena/01a0814b-iips-production-market-data h:arena/01a0853d-iips-production-market-data h:arena/01a0a438-iips-production-market-data h:arena/01a0ae80-iips-production-market-data h:arena/01a0bdb5-iips-production-market-data h:arena/01a0c440-iips-production-market-data h:arena/01a0c86d-iips-production-market-data h:arena/01a0cf86-iips-production-market-data h:arena/01a0d1d3-iips-production-market-data h:arena/01a0d33d-iips-production-market-data h:m1-ad4-repair h:windows/d114-stage5-banking-repl	-,NO
8cb39a669d547c8cbcc53b6f5d8e4f27cece3059	iips-platform/reports-insurance/VALIDATION_FIXTURE_ACCEPTANCE_REPORT.md	h:arena/01a0814b-iips-production-market-data h:arena/01a0853d-iips-production-market-data h:arena/01a0a438-iips-production-market-data h:arena/01a0ae80-iips-production-market-data h:arena/01a0bdb5-iips-production-market-data h:arena/01a0c440-iips-production-market-data h:arena/01a0c86d-iips-production-market-data h:arena/01a0cf86-iips-production-market-data h:arena/01a0d1d3-iips-production-market-data h:arena/01a0d33d-iips-production-market-data h:m1-ad4-repair h:windows/d114-stage5-banking-repl	-,NO
f28dc54e085aae6b72bf5c919446ade3573f3219	iips-platform/reports-insurance/golden-dataset-regression-report.json	h:arena/01a0814b-iips-production-market-data h:arena/01a0853d-iips-production-market-data h:arena/01a0a438-iips-production-market-data h:arena/01a0ae80-iips-production-market-data h:arena/01a0bdb5-iips-production-market-data h:arena/01a0c440-iips-production-market-data h:arena/01a0c86d-iips-production-market-data h:arena/01a0cf86-iips-production-market-data h:arena/01a0d1d3-iips-production-market-data h:arena/01a0d33d-iips-production-market-data h:m1-ad4-repair h:windows/d114-stage5-banking-repl	-,NO
a6a91954b9819847227148f5ef2ce907212d96b3	iips-platform/reports-insurance/replay-validation-report.json	h:arena/01a0814b-iips-production-market-data h:arena/01a0853d-iips-production-market-data h:arena/01a0a438-iips-production-market-data h:arena/01a0ae80-iips-production-market-data h:arena/01a0bdb5-iips-production-market-data h:arena/01a0c440-iips-production-market-data h:arena/01a0c86d-iips-production-market-data h:arena/01a0cf86-iips-production-market-data h:arena/01a0d1d3-iips-production-market-data h:arena/01a0d33d-iips-production-market-data h:m1-ad4-repair h:windows/d114-stage5-banking-repl	-,NO
0f7aac24165212a0de0aea88ef9dc565e39e70cd	iips-platform/reports/FINAL_IMPLEMENTATION_READINESS_REPORT.md	h:arena/01a0814b-iips-production-market-data h:arena/01a0853d-iips-production-market-data h:arena/01a0a438-iips-production-market-data h:arena/01a0ae80-iips-production-market-data h:arena/01a0bdb5-iips-production-market-data h:arena/01a0c440-iips-production-market-data h:arena/01a0c86d-iips-production-market-data h:arena/01a0cf86-iips-production-market-data h:arena/01a0d1d3-iips-production-market-data h:arena/01a0d33d-iips-production-market-data h:m1-ad4-repair h:windows/d114-stage5-banking-repl	-,NO
097bf21dc9ed5d569b5a9f434cf4602c5b73668f	iips-platform/reports/INDEPENDENT_VERIFICATION_REPORT.md	h:arena/01a0814b-iips-production-market-data h:arena/01a0853d-iips-production-market-data h:arena/01a0a438-iips-production-market-data h:arena/01a0ae80-iips-production-market-data h:arena/01a0bdb5-iips-production-market-data h:arena/01a0c440-iips-production-market-data h:arena/01a0c86d-iips-production-market-data h:arena/01a0cf86-iips-production-market-data h:arena/01a0d1d3-iips-production-market-data h:arena/01a0d33d-iips-production-market-data h:m1-ad4-repair h:windows/d114-stage5-banking-repl	-,NO
1a5af6677d33a48a03bbb95811d7e65e68e573d4	iips-platform/reports/VALIDATION_FIXTURE_ACCEPTANCE_REPORT.md	h:arena/01a0814b-iips-production-market-data h:arena/01a0853d-iips-production-market-data h:arena/01a0a438-iips-production-market-data h:arena/01a0ae80-iips-production-market-data h:arena/01a0bdb5-iips-production-market-data h:arena/01a0c440-iips-production-market-data h:arena/01a0c86d-iips-production-market-data h:arena/01a0cf86-iips-production-market-data h:arena/01a0d1d3-iips-production-market-data h:arena/01a0d33d-iips-production-market-data h:m1-ad4-repair h:windows/d114-stage5-banking-repl	-,NO
e3e074dec2bfa1eaba522ac94e115d1f3c099fb3	iips-platform/reports/golden-dataset-regression-report.json	h:arena/01a0814b-iips-production-market-data h:arena/01a0853d-iips-production-market-data h:arena/01a0a438-iips-production-market-data h:arena/01a0ae80-iips-production-market-data h:arena/01a0bdb5-iips-production-market-data h:arena/01a0c440-iips-production-market-data h:arena/01a0c86d-iips-production-market-data h:arena/01a0cf86-iips-production-market-data h:arena/01a0d1d3-iips-production-market-data h:arena/01a0d33d-iips-production-market-data h:m1-ad4-repair h:windows/d114-stage5-banking-repl	-,NO
488eb2f4a58b11283e069c9aa89569ab95d6a16d	iips-platform/reports/replay-validation-report.json	h:arena/01a0814b-iips-production-market-data h:arena/01a0853d-iips-production-market-data h:arena/01a0a438-iips-production-market-data h:arena/01a0ae80-iips-production-market-data h:arena/01a0bdb5-iips-production-market-data h:arena/01a0c440-iips-production-market-data h:arena/01a0c86d-iips-production-market-data h:arena/01a0cf86-iips-production-market-data h:arena/01a0d1d3-iips-production-market-data h:arena/01a0d33d-iips-production-market-data h:m1-ad4-repair h:windows/d114-stage5-banking-repl	-,NO
905c4899b10a839c33e3156e401871143cfe8540	iips-platform/scripts/measure-performance.ts	h:arena/01a0814b-iips-production-market-data h:arena/01a0853d-iips-production-market-data h:arena/01a0a438-iips-production-market-data h:arena/01a0ae80-iips-production-market-data h:arena/01a0bdb5-iips-production-market-data h:arena/01a0c440-iips-production-market-data h:arena/01a0c86d-iips-production-market-data h:arena/01a0cf86-iips-production-market-data h:arena/01a0d1d3-iips-production-market-data h:arena/01a0d33d-iips-production-market-data h:m1-ad4-repair h:windows/d114-stage5-banking-repl	-,NO
cbca63a32543d3f094f8e3b06a0c748a45a3a986	iips-platform/src/di/Container.ts	h:arena/01a0814b-iips-production-market-data h:arena/01a0853d-iips-production-market-data h:arena/01a0a438-iips-production-market-data h:arena/01a0a4a1-iips-production-market-data h:arena/01a0ae80-iips-production-market-data h:arena/01a0bdb5-iips-production-market-data h:arena/01a0c440-iips-production-market-data h:arena/01a0c86d-iips-production-market-data h:arena/01a0cf86-iips-production-market-data h:arena/01a0d1d3-iips-production-market-data h:arena/01a0d33d-iips-production-market-data h:m1-	-,NO
bf51421e7c7bb2de59fa01fed4a9ba95feb033b3	iips-platform/src/distributed/AiAssistedRuntime.ts	h:arena/01a0814b-iips-production-market-data h:arena/01a0853d-iips-production-market-data h:arena/01a0a438-iips-production-market-data h:arena/01a0a4a1-iips-production-market-data h:arena/01a0ae80-iips-production-market-data h:arena/01a0bdb5-iips-production-market-data h:arena/01a0c440-iips-production-market-data h:arena/01a0c86d-iips-production-market-data h:arena/01a0cf86-iips-production-market-data h:arena/01a0d1d3-iips-production-market-data h:arena/01a0d33d-iips-production-market-data h:m1-	-,NO
c49837e5ddfd8c0cc37b887af394eb58b41fb888	iips-platform/src/distributed/CloudHaRuntime.ts	h:arena/01a0814b-iips-production-market-data h:arena/01a0853d-iips-production-market-data h:arena/01a0a438-iips-production-market-data h:arena/01a0a4a1-iips-production-market-data h:arena/01a0ae80-iips-production-market-data h:arena/01a0bdb5-iips-production-market-data h:arena/01a0c440-iips-production-market-data h:arena/01a0c86d-iips-production-market-data h:arena/01a0cf86-iips-production-market-data h:arena/01a0d1d3-iips-production-market-data h:arena/01a0d33d-iips-production-market-data h:m1-	-,NO
29341efe1104aebe35c20d72b30e459f27b1d033	iips-platform/src/distributed/DataGovernanceRuntime.ts	h:arena/01a0814b-iips-production-market-data h:arena/01a0853d-iips-production-market-data h:arena/01a0a438-iips-production-market-data h:arena/01a0a4a1-iips-production-market-data h:arena/01a0ae80-iips-production-market-data h:arena/01a0bdb5-iips-production-market-data h:arena/01a0c440-iips-production-market-data h:arena/01a0c86d-iips-production-market-data h:arena/01a0cf86-iips-production-market-data h:arena/01a0d1d3-iips-production-market-data h:arena/01a0d33d-iips-production-market-data h:m1-	-,NO
dc7a185fde757e8c2b987c30fb59f032f8acb51e	iips-platform/src/distributed/DisasterRecoveryRuntime.ts	h:arena/01a0814b-iips-production-market-data h:arena/01a0853d-iips-production-market-data h:arena/01a0a438-iips-production-market-data h:arena/01a0a4a1-iips-production-market-data h:arena/01a0ae80-iips-production-market-data h:arena/01a0bdb5-iips-production-market-data h:arena/01a0c440-iips-production-market-data h:arena/01a0c86d-iips-production-market-data h:arena/01a0cf86-iips-production-market-data h:arena/01a0d1d3-iips-production-market-data h:arena/01a0d33d-iips-production-market-data h:m1-	-,NO
422666c7d8c2ad9d5b5298f209986b80287a4d9c	iips-platform/src/distributed/DistributedRuntime.ts	h:arena/01a0814b-iips-production-market-data h:arena/01a0853d-iips-production-market-data h:arena/01a0a438-iips-production-market-data h:arena/01a0a4a1-iips-production-market-data h:arena/01a0ae80-iips-production-market-data h:arena/01a0bdb5-iips-production-market-data h:arena/01a0c440-iips-production-market-data h:arena/01a0c86d-iips-production-market-data h:arena/01a0cf86-iips-production-market-data h:arena/01a0d1d3-iips-production-market-data h:arena/01a0d33d-iips-production-market-data h:m1-	-,NO
7a4d69992bd41e88bc0d36af209c2a062ee423ce	iips-platform/src/distributed/EnterpriseRuntime.ts	h:arena/01a0814b-iips-production-market-data h:arena/01a0853d-iips-production-market-data h:arena/01a0a438-iips-production-market-data h:arena/01a0a4a1-iips-production-market-data h:arena/01a0ae80-iips-production-market-data h:arena/01a0bdb5-iips-production-market-data h:arena/01a0c440-iips-production-market-data h:arena/01a0c86d-iips-production-market-data h:arena/01a0cf86-iips-production-market-data h:arena/01a0d1d3-iips-production-market-data h:arena/01a0d33d-iips-production-market-data h:m1-	-,NO
23f039f2f6c600aa14d4fbbaf358e7090d65d954	iips-platform/src/distributed/LiveDataRuntime.ts	h:arena/01a0814b-iips-production-market-data h:arena/01a0853d-iips-production-market-data h:arena/01a0a438-iips-production-market-data h:arena/01a0a4a1-iips-production-market-data h:arena/01a0ae80-iips-production-market-data h:arena/01a0bdb5-iips-production-market-data h:arena/01a0c440-iips-production-market-data h:arena/01a0c86d-iips-production-market-data h:m1-ad4-repair h:windows/d114-stage5-banking-replay-observation t:p14-r7-65b78f7 t:portfolio-option-a-cb969b6 t:post-cleanup-baseline-b46b4	-,NO
9659badeec3a3815b0569b3a5d777f2c551342ea	iips-platform/src/distributed/MigrationRuntime.ts	h:arena/01a0814b-iips-production-market-data h:arena/01a0853d-iips-production-market-data h:arena/01a0a438-iips-production-market-data h:arena/01a0a4a1-iips-production-market-data h:arena/01a0ae80-iips-production-market-data h:arena/01a0bdb5-iips-production-market-data h:arena/01a0c440-iips-production-market-data h:arena/01a0c86d-iips-production-market-data h:arena/01a0cf86-iips-production-market-data h:arena/01a0d1d3-iips-production-market-data h:arena/01a0d33d-iips-production-market-data h:m1-	-,NO
9358fe2d3dd8532baf50d424044c68d5b53233d0	iips-platform/src/distributed/PerformanceScaling.ts	h:arena/01a0814b-iips-production-market-data h:arena/01a0853d-iips-production-market-data h:arena/01a0a438-iips-production-market-data h:arena/01a0a4a1-iips-production-market-data h:arena/01a0ae80-iips-production-market-data h:arena/01a0bdb5-iips-production-market-data h:arena/01a0c440-iips-production-market-data h:arena/01a0c86d-iips-production-market-data h:arena/01a0cf86-iips-production-market-data h:arena/01a0d1d3-iips-production-market-data h:arena/01a0d33d-iips-production-market-data h:m1-	-,NO
ad0983785a07d1262827ed04d77f43e557ff1a10	iips-platform/src/distributed/PlatformApi.ts	h:arena/01a0814b-iips-production-market-data h:arena/01a0853d-iips-production-market-data h:arena/01a0a438-iips-production-market-data h:arena/01a0ae80-iips-production-market-data h:arena/01a0bdb5-iips-production-market-data h:arena/01a0c440-iips-production-market-data h:arena/01a0c86d-iips-production-market-data h:arena/01a0cf86-iips-production-market-data h:arena/01a0d1d3-iips-production-market-data h:arena/01a0d33d-iips-production-market-data h:m1-ad4-repair h:windows/d114-stage5-banking-repl	-,NO
8507e6675dedf8688a30bc05d1ccb2cb26423d39	iips-platform/src/distributed/PluginMarketplace.ts	h:arena/01a0814b-iips-production-market-data h:arena/01a0853d-iips-production-market-data h:arena/01a0a438-iips-production-market-data h:arena/01a0a4a1-iips-production-market-data h:arena/01a0ae80-iips-production-market-data h:arena/01a0bdb5-iips-production-market-data h:arena/01a0c440-iips-production-market-data h:arena/01a0c86d-iips-production-market-data h:arena/01a0cf86-iips-production-market-data h:arena/01a0d1d3-iips-production-market-data h:arena/01a0d33d-iips-production-market-data h:m1-	-,NO
3d55e6f2e005ba1ef90bbfcfa26495eca2c95837	iips-platform/src/distributed/V2Observability.ts	h:arena/01a0814b-iips-production-market-data h:arena/01a0853d-iips-production-market-data h:arena/01a0a438-iips-production-market-data h:arena/01a0a4a1-iips-production-market-data h:arena/01a0ae80-iips-production-market-data h:arena/01a0bdb5-iips-production-market-data h:arena/01a0c440-iips-production-market-data h:arena/01a0c86d-iips-production-market-data h:arena/01a0cf86-iips-production-market-data h:arena/01a0d1d3-iips-production-market-data h:arena/01a0d33d-iips-production-market-data h:m1-	-,NO
2bdb44229c1253dc29f938ea9fd3a512cd8d5b8a	iips-platform/src/distributed/WorkflowRuntime.ts	h:arena/01a0814b-iips-production-market-data h:arena/01a0853d-iips-production-market-data h:arena/01a0a438-iips-production-market-data h:arena/01a0a4a1-iips-production-market-data h:arena/01a0ae80-iips-production-market-data h:arena/01a0bdb5-iips-production-market-data h:arena/01a0c440-iips-production-market-data h:arena/01a0c86d-iips-production-market-data h:arena/01a0cf86-iips-production-market-data h:arena/01a0d1d3-iips-production-market-data h:arena/01a0d33d-iips-production-market-data h:m1-	-,NO
2e7025e86bce6def1df420ec198d8d8cc7fa1452	iips-platform/src/framework/activation/ActivationService.test.ts	h:arena/01a0814b-iips-production-market-data h:arena/01a0853d-iips-production-market-data h:arena/01a0a438-iips-production-market-data h:arena/01a0ae80-iips-production-market-data h:arena/01a0bdb5-iips-production-market-data h:arena/01a0c440-iips-production-market-data h:arena/01a0c86d-iips-production-market-data h:arena/01a0cf86-iips-production-market-data h:arena/01a0d1d3-iips-production-market-data h:arena/01a0d33d-iips-production-market-data h:m1-ad4-repair h:windows/d114-stage5-banking-repl	-,NO
e1351b37b84a01237f700391ee32d353b893bf95	iips-platform/src/framework/activation/ActivationService.ts	h:arena/01a0814b-iips-production-market-data h:arena/01a0853d-iips-production-market-data h:arena/01a0a438-iips-production-market-data h:arena/01a0ae80-iips-production-market-data h:arena/01a0bdb5-iips-production-market-data h:arena/01a0c440-iips-production-market-data h:arena/01a0c86d-iips-production-market-data h:arena/01a0cf86-iips-production-market-data h:arena/01a0d1d3-iips-production-market-data h:arena/01a0d33d-iips-production-market-data h:m1-ad4-repair h:windows/d114-stage5-banking-repl	-,NO
a64c21c95f8dd22595f64bf42e305acc0dbb54f0	iips-platform/src/framework/diagnostics/DiagnosticsService.test.ts	h:arena/01a0814b-iips-production-market-data h:arena/01a0853d-iips-production-market-data h:arena/01a0a438-iips-production-market-data h:arena/01a0ae80-iips-production-market-data h:arena/01a0bdb5-iips-production-market-data h:arena/01a0c440-iips-production-market-data h:arena/01a0c86d-iips-production-market-data h:arena/01a0cf86-iips-production-market-data h:arena/01a0d1d3-iips-production-market-data h:arena/01a0d33d-iips-production-market-data h:m1-ad4-repair h:windows/d114-stage5-banking-repl	-,NO
746f2552fc0a9375ba34fea8f330b456ac0698f7	iips-platform/src/framework/diagnostics/DiagnosticsService.ts	h:arena/01a0814b-iips-production-market-data h:arena/01a0853d-iips-production-market-data h:arena/01a0a438-iips-production-market-data h:arena/01a0ae80-iips-production-market-data h:arena/01a0bdb5-iips-production-market-data h:arena/01a0c440-iips-production-market-data h:arena/01a0c86d-iips-production-market-data h:arena/01a0cf86-iips-production-market-data h:arena/01a0d1d3-iips-production-market-data h:arena/01a0d33d-iips-production-market-data h:m1-ad4-repair h:windows/d114-stage5-banking-repl	-,NO
05b09abb1dcf8e31b989711687e590a2ff635ec4	iips-platform/src/framework/evidence/EvidencePipeline.test.ts	h:arena/01a0814b-iips-production-market-data h:arena/01a0853d-iips-production-market-data h:arena/01a0a438-iips-production-market-data h:arena/01a0ae80-iips-production-market-data h:arena/01a0bdb5-iips-production-market-data h:arena/01a0c440-iips-production-market-data h:arena/01a0c86d-iips-production-market-data h:arena/01a0cf86-iips-production-market-data h:arena/01a0d1d3-iips-production-market-data h:arena/01a0d33d-iips-production-market-data h:m1-ad4-repair h:windows/d114-stage5-banking-repl	-,NO
d6e684278481ea46a83aed374c629dbca62e8060	iips-platform/src/framework/evidence/EvidencePipeline.ts	h:arena/01a0814b-iips-production-market-data h:arena/01a0853d-iips-production-market-data h:arena/01a0a438-iips-production-market-data h:arena/01a0a4a1-iips-production-market-data h:arena/01a0ae80-iips-production-market-data h:arena/01a0bdb5-iips-production-market-data h:arena/01a0c440-iips-production-market-data h:arena/01a0c86d-iips-production-market-data h:m1-ad4-repair h:windows/d114-stage5-banking-replay-observation t:p14-r7-65b78f7 t:portfolio-option-a-cb969b6 t:post-cleanup-baseline-b46b4	-,NO
f6dfd8a4fb1bfc28afb009a9abb8644a32a66749	iips-platform/src/framework/index.ts	h:arena/01a0814b-iips-production-market-data h:arena/01a0853d-iips-production-market-data h:arena/01a0a438-iips-production-market-data h:arena/01a0ae80-iips-production-market-data h:arena/01a0bdb5-iips-production-market-data h:arena/01a0c440-iips-production-market-data h:arena/01a0c86d-iips-production-market-data h:arena/01a0cf86-iips-production-market-data h:arena/01a0d1d3-iips-production-market-data h:arena/01a0d33d-iips-production-market-data h:m1-ad4-repair h:windows/d114-stage5-banking-repl	-,NO
1d805db1500e3c16aefabf264cbe0278dbc7a2e4	iips-platform/src/framework/manifest/ManifestLoader.test.ts	h:arena/01a0814b-iips-production-market-data h:arena/01a0853d-iips-production-market-data h:arena/01a0a438-iips-production-market-data h:arena/01a0ae80-iips-production-market-data h:arena/01a0bdb5-iips-production-market-data h:arena/01a0c440-iips-production-market-data h:arena/01a0c86d-iips-production-market-data h:arena/01a0cf86-iips-production-market-data h:arena/01a0d1d3-iips-production-market-data h:arena/01a0d33d-iips-production-market-data h:m1-ad4-repair h:windows/d114-stage5-banking-repl	-,NO
80aedc2c0d70626e88cd66e9e5e507fc75beae3e	iips-platform/src/framework/manifest/ManifestLoader.ts	h:arena/01a0814b-iips-production-market-data h:arena/01a0853d-iips-production-market-data h:arena/01a0a438-iips-production-market-data h:arena/01a0ae80-iips-production-market-data h:arena/01a0bdb5-iips-production-market-data h:arena/01a0c440-iips-production-market-data h:arena/01a0c86d-iips-production-market-data h:arena/01a0cf86-iips-production-market-data h:arena/01a0d1d3-iips-production-market-data h:arena/01a0d33d-iips-production-market-data h:m1-ad4-repair h:windows/d114-stage5-banking-repl	-,NO
5b67aad2483c09f3748162d1892b1bbe9a4c285e	iips-platform/src/framework/qualification/QualificationService.test.ts	h:arena/01a0814b-iips-production-market-data h:arena/01a0853d-iips-production-market-data h:arena/01a0a438-iips-production-market-data h:arena/01a0ae80-iips-production-market-data h:arena/01a0bdb5-iips-production-market-data h:arena/01a0c440-iips-production-market-data h:arena/01a0c86d-iips-production-market-data h:arena/01a0cf86-iips-production-market-data h:arena/01a0d1d3-iips-production-market-data h:arena/01a0d33d-iips-production-market-data h:m1-ad4-repair h:windows/d114-stage5-banking-repl	-,NO
7b5b9abcd34f4e84e5f64875a5f7a17f5c37af36	iips-platform/src/framework/qualification/QualificationService.ts	h:arena/01a0814b-iips-production-market-data h:arena/01a0853d-iips-production-market-data h:arena/01a0a438-iips-production-market-data h:arena/01a0ae80-iips-production-market-data h:arena/01a0bdb5-iips-production-market-data h:arena/01a0c440-iips-production-market-data h:arena/01a0c86d-iips-production-market-data h:arena/01a0cf86-iips-production-market-data h:arena/01a0d1d3-iips-production-market-data h:arena/01a0d33d-iips-production-market-data h:m1-ad4-repair h:windows/d114-stage5-banking-repl	-,NO
b660284c4f7c2803b26253113f7763d2c35fff11	iips-platform/src/framework/transport/Transport.test.ts	h:arena/01a0814b-iips-production-market-data h:arena/01a0853d-iips-production-market-data h:arena/01a0a438-iips-production-market-data h:arena/01a0ae80-iips-production-market-data h:arena/01a0bdb5-iips-production-market-data h:arena/01a0c440-iips-production-market-data h:arena/01a0c86d-iips-production-market-data h:arena/01a0cf86-iips-production-market-data h:arena/01a0d1d3-iips-production-market-data h:arena/01a0d33d-iips-production-market-data h:m1-ad4-repair h:windows/d114-stage5-banking-repl	-,NO
ef0a3a2ec5496b25e54d4df1ebdb8734302dedf8	iips-platform/src/framework/transport/Transport.ts	h:arena/01a0814b-iips-production-market-data h:arena/01a0853d-iips-production-market-data h:arena/01a0a438-iips-production-market-data h:arena/01a0ae80-iips-production-market-data h:arena/01a0bdb5-iips-production-market-data h:arena/01a0c440-iips-production-market-data h:arena/01a0c86d-iips-production-market-data h:arena/01a0cf86-iips-production-market-data h:arena/01a0d1d3-iips-production-market-data h:arena/01a0d33d-iips-production-market-data h:m1-ad4-repair h:windows/d114-stage5-banking-repl	-,NO
cbe83144df4213eeb5f27f1790c5e20f068b1f11	iips-platform/src/governance/NamespaceCollisionGuard.test.ts	h:arena/01a0814b-iips-production-market-data h:arena/01a0853d-iips-production-market-data h:arena/01a0a438-iips-production-market-data h:arena/01a0ae80-iips-production-market-data h:arena/01a0bdb5-iips-production-market-data h:arena/01a0c440-iips-production-market-data h:arena/01a0c86d-iips-production-market-data h:m1-ad4-repair h:windows/d114-stage5-banking-replay-observation t:p14-r7-65b78f7 t:portfolio-option-a-cb969b6 t:post-cleanup-baseline-b46b4f4 t:temporary-cleanup-caf73ba	-,NO
bf3afdbbda57eaf9ec9f4e53c0dce6a30b473516	iips-platform/src/governance/NamespaceCollisionGuard.ts	h:arena/01a0814b-iips-production-market-data h:arena/01a0853d-iips-production-market-data h:arena/01a0a438-iips-production-market-data h:arena/01a0a4a1-iips-production-market-data h:arena/01a0ae80-iips-production-market-data h:arena/01a0bdb5-iips-production-market-data h:arena/01a0c440-iips-production-market-data h:arena/01a0c86d-iips-production-market-data h:m1-ad4-repair h:windows/d114-stage5-banking-replay-observation t:p14-r7-65b78f7 t:portfolio-option-a-cb969b6 t:post-cleanup-baseline-b46b4	-,NO
f5c21f795cf8c85032a041127e76e0c31291366f	iips-platform/src/governance/namespaceHelper.ts	h:arena/01a0814b-iips-production-market-data h:arena/01a0853d-iips-production-market-data h:arena/01a0a438-iips-production-market-data h:arena/01a0ae80-iips-production-market-data h:arena/01a0bdb5-iips-production-market-data h:arena/01a0c440-iips-production-market-data h:arena/01a0c86d-iips-production-market-data h:m1-ad4-repair h:windows/d114-stage5-banking-replay-observation t:p14-r7-65b78f7 t:portfolio-option-a-cb969b6 t:post-cleanup-baseline-b46b4f4 t:temporary-cleanup-caf73ba	-,NO
d225c95f1d1488c45d0fa11d484e92528c57b6ee	iips-platform/src/index.ts	h:arena/01a0814b-iips-production-market-data h:arena/01a0853d-iips-production-market-data h:arena/01a0a438-iips-production-market-data h:arena/01a0ae80-iips-production-market-data h:arena/01a0bdb5-iips-production-market-data h:arena/01a0c440-iips-production-market-data h:arena/01a0c86d-iips-production-market-data h:arena/01a0cf86-iips-production-market-data h:arena/01a0d1d3-iips-production-market-data h:arena/01a0d33d-iips-production-market-data h:m1-ad4-repair h:windows/d114-stage5-banking-repl	-,NO
cdb3b5ee53e6bc8cd703e7a36a3799cc0fbfd75b	iips-platform/src/infrastructure/Clock.ts	h:arena/01a0814b-iips-production-market-data h:arena/01a0853d-iips-production-market-data h:arena/01a0a438-iips-production-market-data h:arena/01a0a4a1-iips-production-market-data h:arena/01a0ae80-iips-production-market-data h:arena/01a0bdb5-iips-production-market-data h:arena/01a0c440-iips-production-market-data h:arena/01a0c86d-iips-production-market-data h:arena/01a0cf86-iips-production-market-data h:arena/01a0d1d3-iips-production-market-data h:arena/01a0d33d-iips-production-market-data h:m1-	-,NO
599a8d50b5511bebd11b5fad25d1c546d8ee8661	iips-platform/src/infrastructure/IdProvider.ts	h:arena/01a0814b-iips-production-market-data h:arena/01a0853d-iips-production-market-data h:arena/01a0a438-iips-production-market-data h:arena/01a0a4a1-iips-production-market-data h:arena/01a0ae80-iips-production-market-data h:arena/01a0bdb5-iips-production-market-data h:arena/01a0c440-iips-production-market-data h:arena/01a0c86d-iips-production-market-data h:arena/01a0cf86-iips-production-market-data h:arena/01a0d1d3-iips-production-market-data h:arena/01a0d33d-iips-production-market-data h:m1-	-,NO
55b7e6cf7d1ea32c322741249c9d1cc6a4ca4c38	iips-platform/src/infrastructure/deepFreeze.ts	h:arena/01a0814b-iips-production-market-data h:arena/01a0853d-iips-production-market-data h:arena/01a0a438-iips-production-market-data h:arena/01a0a4a1-iips-production-market-data h:arena/01a0ae80-iips-production-market-data h:arena/01a0bdb5-iips-production-market-data h:arena/01a0c440-iips-production-market-data h:arena/01a0c86d-iips-production-market-data h:arena/01a0cf86-iips-production-market-data h:arena/01a0d1d3-iips-production-market-data h:arena/01a0d33d-iips-production-market-data h:m1-	-,NO
9efe4c0930c0ccc30f83132a517bcb571649fd32	iips-platform/src/infrastructure/infrastructure.test.ts	h:arena/01a0814b-iips-production-market-data h:arena/01a0853d-iips-production-market-data h:arena/01a0a438-iips-production-market-data h:arena/01a0ae80-iips-production-market-data h:arena/01a0bdb5-iips-production-market-data h:arena/01a0c440-iips-production-market-data h:arena/01a0c86d-iips-production-market-data h:arena/01a0cf86-iips-production-market-data h:arena/01a0d1d3-iips-production-market-data h:arena/01a0d33d-iips-production-market-data h:m1-ad4-repair h:windows/d114-stage5-banking-repl	-,NO
2036979d5130b414ea4e92cae5b283889d81ef98	iips-platform/src/plugin-loader/PluginContract.ts	h:arena/01a0814b-iips-production-market-data h:arena/01a0853d-iips-production-market-data h:arena/01a0a438-iips-production-market-data h:arena/01a0a4a1-iips-production-market-data h:arena/01a0ae80-iips-production-market-data h:arena/01a0bdb5-iips-production-market-data h:arena/01a0c440-iips-production-market-data h:arena/01a0c86d-iips-production-market-data h:m1-ad4-repair h:windows/d114-stage5-banking-replay-observation t:p14-r7-65b78f7 t:portfolio-option-a-cb969b6 t:post-cleanup-baseline-b46b4	-,NO
8dad25ad0e0c477e0f25cf302d002c653a43b78c	iips-platform/src/plugin-loader/PluginLoader.test.ts	h:arena/01a0814b-iips-production-market-data h:arena/01a0853d-iips-production-market-data h:arena/01a0a438-iips-production-market-data h:arena/01a0ae80-iips-production-market-data h:arena/01a0bdb5-iips-production-market-data h:arena/01a0c440-iips-production-market-data h:arena/01a0c86d-iips-production-market-data h:arena/01a0cf86-iips-production-market-data h:arena/01a0d1d3-iips-production-market-data h:arena/01a0d33d-iips-production-market-data h:m1-ad4-repair h:windows/d114-stage5-banking-repl	-,NO
6ebc4dc2d119579c369e5cb0607af4ce5f5d40b4	iips-platform/src/plugin-loader/PluginLoader.ts	h:arena/01a0814b-iips-production-market-data h:arena/01a0853d-iips-production-market-data h:arena/01a0a438-iips-production-market-data h:arena/01a0a4a1-iips-production-market-data h:arena/01a0ae80-iips-production-market-data h:arena/01a0bdb5-iips-production-market-data h:arena/01a0c440-iips-production-market-data h:arena/01a0c86d-iips-production-market-data h:m1-ad4-repair h:windows/d114-stage5-banking-replay-observation t:p14-r7-65b78f7 t:portfolio-option-a-cb969b6 t:post-cleanup-baseline-b46b4	-,NO
53d5d36814b7f0783eaabac3ff20aecea0f82e22	iips-platform/src/plugin-loader/PluginNamespace.ts	h:arena/01a0814b-iips-production-market-data h:arena/01a0853d-iips-production-market-data h:arena/01a0a438-iips-production-market-data h:arena/01a0a4a1-iips-production-market-data h:arena/01a0ae80-iips-production-market-data h:arena/01a0bdb5-iips-production-market-data h:arena/01a0c440-iips-production-market-data h:arena/01a0c86d-iips-production-market-data h:m1-ad4-repair h:windows/d114-stage5-banking-replay-observation t:p14-r7-65b78f7 t:portfolio-option-a-cb969b6 t:post-cleanup-baseline-b46b4	-,NO
603c3bbf93fbdfb10f16c27cdd44df79e811e8cd	iips-platform/src/registry/RegistryManager.test.ts	h:arena/01a0814b-iips-production-market-data h:arena/01a0853d-iips-production-market-data h:arena/01a0a438-iips-production-market-data h:arena/01a0ae80-iips-production-market-data h:arena/01a0bdb5-iips-production-market-data h:arena/01a0c440-iips-production-market-data h:arena/01a0c86d-iips-production-market-data h:arena/01a0cf86-iips-production-market-data h:arena/01a0d1d3-iips-production-market-data h:arena/01a0d33d-iips-production-market-data h:m1-ad4-repair h:windows/d114-stage5-banking-repl	-,NO
6e8d9d03be1ed9695928b7d2ee3a3974da98ab3e	iips-platform/src/registry/RegistryManager.ts	h:arena/01a0814b-iips-production-market-data h:arena/01a0853d-iips-production-market-data h:arena/01a0a438-iips-production-market-data h:arena/01a0ae80-iips-production-market-data h:arena/01a0bdb5-iips-production-market-data h:arena/01a0c440-iips-production-market-data h:arena/01a0c86d-iips-production-market-data h:arena/01a0cf86-iips-production-market-data h:arena/01a0d1d3-iips-production-market-data h:arena/01a0d33d-iips-production-market-data h:m1-ad4-repair h:windows/d114-stage5-banking-repl	-,NO
4a3cabbea4d6ee8bd67bd81f8b637983514f5aca	iips-platform/src/replay/ReplayService.test.ts	h:arena/01a0814b-iips-production-market-data h:arena/01a0853d-iips-production-market-data h:arena/01a0a438-iips-production-market-data h:arena/01a0ae80-iips-production-market-data h:arena/01a0bdb5-iips-production-market-data h:arena/01a0c440-iips-production-market-data h:arena/01a0c86d-iips-production-market-data h:m1-ad4-repair h:windows/d114-stage5-banking-replay-observation t:p14-r7-65b78f7 t:portfolio-option-a-cb969b6 t:post-cleanup-baseline-b46b4f4 t:temporary-cleanup-caf73ba	-,NO
3ce4f9ef922f64715a21d97ea35288020c7e67eb	iips-platform/src/replay/ReplayService.ts	h:arena/01a0814b-iips-production-market-data h:arena/01a0853d-iips-production-market-data h:arena/01a0a438-iips-production-market-data h:arena/01a0a4a1-iips-production-market-data h:arena/01a0ae80-iips-production-market-data h:arena/01a0bdb5-iips-production-market-data h:arena/01a0c440-iips-production-market-data h:arena/01a0c86d-iips-production-market-data h:m1-ad4-repair h:windows/d114-stage5-banking-replay-observation t:p14-r7-65b78f7 t:portfolio-option-a-cb969b6 t:post-cleanup-baseline-b46b4	-,NO
676db16ed4956f905111bbe310efc75b054124e7	iips-platform/src/runtime/MultiPlugin.test.ts	h:arena/01a0814b-iips-production-market-data h:arena/01a0853d-iips-production-market-data h:arena/01a0a438-iips-production-market-data h:arena/01a0ae80-iips-production-market-data h:arena/01a0bdb5-iips-production-market-data h:arena/01a0c440-iips-production-market-data h:arena/01a0c86d-iips-production-market-data h:arena/01a0cf86-iips-production-market-data h:arena/01a0d1d3-iips-production-market-data h:arena/01a0d33d-iips-production-market-data h:m1-ad4-repair h:windows/d114-stage5-banking-repl	-,NO
143d2a29b00874171da096a41b0960b60ddb6d08	iips-platform/src/runtime/RuntimeCoordinator.test.ts	h:arena/01a0814b-iips-production-market-data h:arena/01a0853d-iips-production-market-data h:arena/01a0a438-iips-production-market-data h:arena/01a0ae80-iips-production-market-data h:arena/01a0bdb5-iips-production-market-data h:arena/01a0c440-iips-production-market-data h:arena/01a0c86d-iips-production-market-data h:arena/01a0cf86-iips-production-market-data h:arena/01a0d1d3-iips-production-market-data h:arena/01a0d33d-iips-production-market-data h:m1-ad4-repair h:windows/d114-stage5-banking-repl	-,NO
46e62391635608c16a42e541ae245c7dbd9694cb	iips-platform/src/runtime/RuntimeCoordinator.ts	h:arena/01a0814b-iips-production-market-data h:arena/01a0853d-iips-production-market-data h:arena/01a0a438-iips-production-market-data h:arena/01a0a4a1-iips-production-market-data h:arena/01a0ae80-iips-production-market-data h:arena/01a0bdb5-iips-production-market-data h:arena/01a0c440-iips-production-market-data h:arena/01a0c86d-iips-production-market-data h:m1-ad4-repair h:windows/d114-stage5-banking-replay-observation t:p14-r7-65b78f7 t:portfolio-option-a-cb969b6 t:post-cleanup-baseline-b46b4	-,NO
14c8f5bacd2906768c987a13fea4a3f8b7dd0386	iips-platform/src/sector-engines/automobile/AutomobileEngine.ts	h:arena/01a0814b-iips-production-market-data h:arena/01a0853d-iips-production-market-data h:arena/01a0a438-iips-production-market-data h:arena/01a0a4a1-iips-production-market-data h:arena/01a0ae80-iips-production-market-data h:arena/01a0bdb5-iips-production-market-data h:arena/01a0c440-iips-production-market-data h:arena/01a0c86d-iips-production-market-data h:m1-ad4-repair h:windows/d114-stage5-banking-replay-observation t:p14-r7-65b78f7 t:portfolio-option-a-cb969b6 t:post-cleanup-baseline-b46b4	-,NO
e3f84ede6f5e89580aa451a689c0b5689cf8674e	ies-017-automobile/calibration/automobile-calibration-1.0.0.json | iips-platform/src/sector-engines/automobile/automobile-calibration-1.0.0.json	h:arena/01a0814b-iips-production-market-data h:arena/01a0853d-iips-production-market-data h:arena/01a0a438-iips-production-market-data h:arena/01a0a4a1-iips-production-market-data h:arena/01a0ae80-iips-production-market-data h:arena/01a0bdb5-iips-production-market-data h:arena/01a0c440-iips-production-market-data h:arena/01a0c86d-iips-production-market-data h:arena/01a0cf86-iips-production-market-data h:arena/01a0d1d3-iips-production-market-data h:arena/01a0d33d-iips-production-market-data h:m1-	-,NO
b9982d744d92d592714dcc5b1e8599bed63752f2	ies-017-automobile/expected-outputs/automobile-expected-outputs-1.0.0.json | iips-platform/src/sector-engines/automobile/automobile-expected-outputs-1.0.0.json	h:arena/01a0814b-iips-production-market-data h:arena/01a0853d-iips-production-market-data h:arena/01a0a438-iips-production-market-data h:arena/01a0ae80-iips-production-market-data h:arena/01a0bdb5-iips-production-market-data h:arena/01a0c440-iips-production-market-data h:arena/01a0c86d-iips-production-market-data h:arena/01a0cf86-iips-production-market-data h:arena/01a0d1d3-iips-production-market-data h:arena/01a0d33d-iips-production-market-data h:m1-ad4-repair h:windows/d114-stage5-banking-repl	-,NO
11dcd3953046c4e27f80a8ffc71c2c7ef59ede47	ies-017-automobile/fixtures/automobile-golden-reference-1.0.0.json | iips-platform/src/sector-engines/automobile/automobile-golden-reference-1.0.0.json	h:arena/01a0814b-iips-production-market-data h:arena/01a0853d-iips-production-market-data h:arena/01a0a438-iips-production-market-data h:arena/01a0ae80-iips-production-market-data h:arena/01a0bdb5-iips-production-market-data h:arena/01a0c440-iips-production-market-data h:arena/01a0c86d-iips-production-market-data h:arena/01a0cf86-iips-production-market-data h:arena/01a0d1d3-iips-production-market-data h:arena/01a0d33d-iips-production-market-data h:m1-ad4-repair h:windows/d114-stage5-banking-repl	-,NO
fa9bb6df3560bd2449486d5ac9dbc889ff7ac56d	ies-017-automobile/fixtures/automobile-validation-fixtures-1.0.0.json | iips-platform/src/sector-engines/automobile/automobile-validation-fixtures-1.0.0.json	h:arena/01a0814b-iips-production-market-data h:arena/01a0853d-iips-production-market-data h:arena/01a0a438-iips-production-market-data h:arena/01a0ae80-iips-production-market-data h:arena/01a0bdb5-iips-production-market-data h:arena/01a0c440-iips-production-market-data h:arena/01a0c86d-iips-production-market-data h:arena/01a0cf86-iips-production-market-data h:arena/01a0d1d3-iips-production-market-data h:arena/01a0d33d-iips-production-market-data h:m1-ad4-repair h:windows/d114-stage5-banking-repl	-,NO
94738d16a6cbdb0b8bc34479afae81d47dd5c058	iips-platform/src/sector-engines/automobile/calibration/AutomobileCalibration.ts	h:arena/01a0814b-iips-production-market-data h:arena/01a0853d-iips-production-market-data h:arena/01a0a438-iips-production-market-data h:arena/01a0a4a1-iips-production-market-data h:arena/01a0ae80-iips-production-market-data h:arena/01a0bdb5-iips-production-market-data h:arena/01a0c440-iips-production-market-data h:arena/01a0c86d-iips-production-market-data h:arena/01a0cf86-iips-production-market-data h:arena/01a0d1d3-iips-production-market-data h:arena/01a0d33d-iips-production-market-data h:m1-	-,NO
4fc8159339657a1b8ed978c88a2d050c15534887	iips-platform/src/sector-engines/automobile/decision/AutomobileDecision.ts	h:arena/01a0814b-iips-production-market-data h:arena/01a0853d-iips-production-market-data h:arena/01a0a438-iips-production-market-data h:arena/01a0a4a1-iips-production-market-data h:arena/01a0ae80-iips-production-market-data h:arena/01a0bdb5-iips-production-market-data h:arena/01a0c440-iips-production-market-data h:arena/01a0c86d-iips-production-market-data h:arena/01a0cf86-iips-production-market-data h:arena/01a0d1d3-iips-production-market-data h:arena/01a0d33d-iips-production-market-data h:m1-	-,NO
323e9e6ec18325db2da7c0f47a2cd69ce79e70f6	iips-platform/src/sector-engines/automobile/evidence/AutomobileEvidence.ts	h:arena/01a0814b-iips-production-market-data h:arena/01a0853d-iips-production-market-data h:arena/01a0a438-iips-production-market-data h:arena/01a0a4a1-iips-production-market-data h:arena/01a0ae80-iips-production-market-data h:arena/01a0bdb5-iips-production-market-data h:arena/01a0c440-iips-production-market-data h:arena/01a0c86d-iips-production-market-data h:arena/01a0cf86-iips-production-market-data h:arena/01a0d1d3-iips-production-market-data h:arena/01a0d33d-iips-production-market-data h:m1-	-,NO
4ec72d5b2633a5f83d67ca0a6a3beafd87180340	iips-platform/src/sector-engines/automobile/index.ts	h:arena/01a0814b-iips-production-market-data h:arena/01a0853d-iips-production-market-data h:arena/01a0a438-iips-production-market-data h:arena/01a0ae80-iips-production-market-data h:arena/01a0bdb5-iips-production-market-data h:arena/01a0c440-iips-production-market-data h:arena/01a0c86d-iips-production-market-data h:arena/01a0cf86-iips-production-market-data h:arena/01a0d1d3-iips-production-market-data h:arena/01a0d33d-iips-production-market-data h:m1-ad4-repair h:windows/d114-stage5-banking-repl	-,NO
72fe497732c8aed953f028e6e4606a0443f6ef00	iips-platform/src/sector-engines/automobile/metrics/AutomobileMetrics.ts	h:arena/01a0814b-iips-production-market-data h:arena/01a0853d-iips-production-market-data h:arena/01a0a438-iips-production-market-data h:arena/01a0a4a1-iips-production-market-data h:arena/01a0ae80-iips-production-market-data h:arena/01a0bdb5-iips-production-market-data h:arena/01a0c440-iips-production-market-data h:arena/01a0c86d-iips-production-market-data h:arena/01a0cf86-iips-production-market-data h:arena/01a0d1d3-iips-production-market-data h:arena/01a0d33d-iips-production-market-data h:m1-	-,NO
dea75720a2c4fd4244981e792162ad94282173c1	iips-platform/src/sector-engines/automobile/scoring/AutomobileScoreEngine.ts	h:arena/01a0814b-iips-production-market-data h:arena/01a0853d-iips-production-market-data h:arena/01a0a438-iips-production-market-data h:arena/01a0a4a1-iips-production-market-data h:arena/01a0ae80-iips-production-market-data h:arena/01a0bdb5-iips-production-market-data h:arena/01a0c440-iips-production-market-data h:arena/01a0c86d-iips-production-market-data h:arena/01a0cf86-iips-production-market-data h:arena/01a0d1d3-iips-production-market-data h:arena/01a0d33d-iips-production-market-data h:m1-	-,NO
47976134ddeab32d078bf1a613b290219e986a44	iips-platform/src/sector-engines/banking/BankingEngine.ts	h:arena/01a0814b-iips-production-market-data h:arena/01a0853d-iips-production-market-data h:arena/01a0a438-iips-production-market-data h:arena/01a0a4a1-iips-production-market-data h:arena/01a0ae80-iips-production-market-data h:arena/01a0bdb5-iips-production-market-data h:arena/01a0c440-iips-production-market-data h:arena/01a0c86d-iips-production-market-data h:m1-ad4-repair h:windows/d114-stage5-banking-replay-observation t:p14-r7-65b78f7 t:portfolio-option-a-cb969b6 t:post-cleanup-baseline-b46b4	-,NO
5a6586b20b05f429fa9bc4c630dacbf37bb396fd	iips-platform/src/sector-engines/banking/calibration/BankingCalibration.ts	h:arena/01a0814b-iips-production-market-data h:arena/01a0853d-iips-production-market-data h:arena/01a0a438-iips-production-market-data h:arena/01a0a4a1-iips-production-market-data h:arena/01a0ae80-iips-production-market-data h:arena/01a0bdb5-iips-production-market-data h:arena/01a0c440-iips-production-market-data h:arena/01a0c86d-iips-production-market-data h:arena/01a0cf86-iips-production-market-data h:arena/01a0d1d3-iips-production-market-data h:arena/01a0d33d-iips-production-market-data h:m1-	-,NO
cda1dab24ae6c00cd61949f355ce691bc843434b	iips-platform/src/sector-engines/banking/decision/BankingDecision.ts	h:arena/01a0814b-iips-production-market-data h:arena/01a0853d-iips-production-market-data h:arena/01a0a438-iips-production-market-data h:arena/01a0a4a1-iips-production-market-data h:arena/01a0ae80-iips-production-market-data h:arena/01a0bdb5-iips-production-market-data h:arena/01a0c440-iips-production-market-data h:arena/01a0c86d-iips-production-market-data h:arena/01a0cf86-iips-production-market-data h:arena/01a0d1d3-iips-production-market-data h:arena/01a0d33d-iips-production-market-data h:m1-	-,NO
ec67174ea023fbe87f47784841d6f712d5a9fdea	iips-platform/src/sector-engines/banking/evidence/BankingEvidence.ts	h:arena/01a0814b-iips-production-market-data h:arena/01a0853d-iips-production-market-data h:arena/01a0a438-iips-production-market-data h:arena/01a0a4a1-iips-production-market-data h:arena/01a0ae80-iips-production-market-data h:arena/01a0bdb5-iips-production-market-data h:arena/01a0c440-iips-production-market-data h:arena/01a0c86d-iips-production-market-data h:arena/01a0cf86-iips-production-market-data h:arena/01a0d1d3-iips-production-market-data h:arena/01a0d33d-iips-production-market-data h:m1-	-,NO
796f381375d553f7c59637a732ad21a83730e9e3	iips-platform/src/sector-engines/banking/frozen-assets/banking-calibration-1.0.0.json	h:arena/01a0814b-iips-production-market-data h:arena/01a0853d-iips-production-market-data h:arena/01a0a438-iips-production-market-data h:arena/01a0a4a1-iips-production-market-data h:arena/01a0ae80-iips-production-market-data h:arena/01a0bdb5-iips-production-market-data h:arena/01a0c440-iips-production-market-data h:arena/01a0c86d-iips-production-market-data h:arena/01a0cf86-iips-production-market-data h:arena/01a0d1d3-iips-production-market-data h:arena/01a0d33d-iips-production-market-data h:m1-	-,NO
9f776937ac5949b0462cc5eb8fb7cbe04fa979d7	iips-platform/src/sector-engines/banking/frozen-assets/banking-expected-outputs-1.0.0.json	h:arena/01a0814b-iips-production-market-data h:arena/01a0853d-iips-production-market-data h:arena/01a0a438-iips-production-market-data h:arena/01a0ae80-iips-production-market-data h:arena/01a0bdb5-iips-production-market-data h:arena/01a0c440-iips-production-market-data h:arena/01a0c86d-iips-production-market-data h:arena/01a0cf86-iips-production-market-data h:arena/01a0d1d3-iips-production-market-data h:arena/01a0d33d-iips-production-market-data h:m1-ad4-repair h:windows/d114-stage5-banking-repl	-,NO
65d4757e3c302f3c5a157b34ef7b736834843b7f	iips-platform/src/sector-engines/banking/frozen-assets/banking-golden-reference-1.0.0.json	h:arena/01a0814b-iips-production-market-data h:arena/01a0853d-iips-production-market-data h:arena/01a0a438-iips-production-market-data h:arena/01a0ae80-iips-production-market-data h:arena/01a0bdb5-iips-production-market-data h:arena/01a0c440-iips-production-market-data h:arena/01a0c86d-iips-production-market-data h:arena/01a0cf86-iips-production-market-data h:arena/01a0d1d3-iips-production-market-data h:arena/01a0d33d-iips-production-market-data h:m1-ad4-repair h:windows/d114-stage5-banking-repl	-,NO
4d43405e83103eadeab24920f19354e85ef68575	iips-platform/src/sector-engines/banking/frozen-assets/banking-validation-fixtures-1.0.0.json	h:arena/01a0814b-iips-production-market-data h:arena/01a0853d-iips-production-market-data h:arena/01a0a438-iips-production-market-data h:arena/01a0ae80-iips-production-market-data h:arena/01a0bdb5-iips-production-market-data h:arena/01a0c440-iips-production-market-data h:arena/01a0c86d-iips-production-market-data h:arena/01a0cf86-iips-production-market-data h:arena/01a0d1d3-iips-production-market-data h:arena/01a0d33d-iips-production-market-data h:m1-ad4-repair h:windows/d114-stage5-banking-repl	-,NO
87850226c81222faa29b469d050f252a98a5e17a	iips-platform/src/sector-engines/banking/index.ts	h:arena/01a0814b-iips-production-market-data h:arena/01a0853d-iips-production-market-data h:arena/01a0a438-iips-production-market-data h:arena/01a0ae80-iips-production-market-data h:arena/01a0bdb5-iips-production-market-data h:arena/01a0c440-iips-production-market-data h:arena/01a0c86d-iips-production-market-data h:arena/01a0cf86-iips-production-market-data h:arena/01a0d1d3-iips-production-market-data h:arena/01a0d33d-iips-production-market-data h:m1-ad4-repair h:windows/d114-stage5-banking-repl	-,NO
76e5b5291ff4d184618fc9a06f189b1f973b698d	iips-platform/src/sector-engines/banking/metrics/BankingMetrics.ts	h:arena/01a0814b-iips-production-market-data h:arena/01a0853d-iips-production-market-data h:arena/01a0a438-iips-production-market-data h:arena/01a0a4a1-iips-production-market-data h:arena/01a0ae80-iips-production-market-data h:arena/01a0bdb5-iips-production-market-data h:arena/01a0c440-iips-production-market-data h:arena/01a0c86d-iips-production-market-data h:arena/01a0cf86-iips-production-market-data h:arena/01a0d1d3-iips-production-market-data h:arena/01a0d33d-iips-production-market-data h:m1-	-,NO
8d66c4c63e6b83f200458d4915670886a72930a4	iips-platform/src/sector-engines/banking/scoring/BankingScoreEngine.ts	h:arena/01a0814b-iips-production-market-data h:arena/01a0853d-iips-production-market-data h:arena/01a0a438-iips-production-market-data h:arena/01a0a4a1-iips-production-market-data h:arena/01a0ae80-iips-production-market-data h:arena/01a0bdb5-iips-production-market-data h:arena/01a0c440-iips-production-market-data h:arena/01a0c86d-iips-production-market-data h:arena/01a0cf86-iips-production-market-data h:arena/01a0d1d3-iips-production-market-data h:arena/01a0d33d-iips-production-market-data h:m1-	-,NO
aa0b8357eba545244313b61927a7cab5a9d670af	iips-platform/src/sector-engines/capital-markets/CapitalMarketsEngine.ts	h:arena/01a0814b-iips-production-market-data h:arena/01a0853d-iips-production-market-data h:arena/01a0a438-iips-production-market-data h:arena/01a0a4a1-iips-production-market-data h:arena/01a0ae80-iips-production-market-data h:arena/01a0bdb5-iips-production-market-data h:arena/01a0c440-iips-production-market-data h:arena/01a0c86d-iips-production-market-data h:m1-ad4-repair h:windows/d114-stage5-banking-replay-observation t:p14-r7-65b78f7 t:portfolio-option-a-cb969b6 t:post-cleanup-baseline-b46b4	-,NO
0449ce69fcb4161ef2d8ac9c7de62f19ad63290a	iips-platform/src/sector-engines/capital-markets/calibration/CapitalMarketsCalibration.ts	h:arena/01a0814b-iips-production-market-data h:arena/01a0853d-iips-production-market-data h:arena/01a0a438-iips-production-market-data h:arena/01a0a4a1-iips-production-market-data h:arena/01a0ae80-iips-production-market-data h:arena/01a0bdb5-iips-production-market-data h:arena/01a0c440-iips-production-market-data h:arena/01a0c86d-iips-production-market-data h:arena/01a0cf86-iips-production-market-data h:arena/01a0d1d3-iips-production-market-data h:arena/01a0d33d-iips-production-market-data h:m1-	-,NO
072e6767ae3ec9c4d43a5ab92c1de40721b25f4b	iips-platform/src/sector-engines/capital-markets/capital-markets-calibration-1.0.0.json	h:arena/01a0814b-iips-production-market-data h:arena/01a0853d-iips-production-market-data h:arena/01a0a438-iips-production-market-data h:arena/01a0a4a1-iips-production-market-data h:arena/01a0ae80-iips-production-market-data h:arena/01a0bdb5-iips-production-market-data h:arena/01a0c440-iips-production-market-data h:arena/01a0c86d-iips-production-market-data h:arena/01a0cf86-iips-production-market-data h:arena/01a0d1d3-iips-production-market-data h:arena/01a0d33d-iips-production-market-data h:m1-	-,NO
354d02028578b64dff0a076be95aeef602ca3161	iips-platform/src/sector-engines/capital-markets/capital-markets-expected-outputs-1.0.0.json	h:arena/01a0814b-iips-production-market-data h:arena/01a0853d-iips-production-market-data h:arena/01a0a438-iips-production-market-data h:arena/01a0ae80-iips-production-market-data h:arena/01a0bdb5-iips-production-market-data h:arena/01a0c440-iips-production-market-data h:arena/01a0c86d-iips-production-market-data h:arena/01a0cf86-iips-production-market-data h:arena/01a0d1d3-iips-production-market-data h:arena/01a0d33d-iips-production-market-data h:m1-ad4-repair h:windows/d114-stage5-banking-repl	-,NO
ec5a0379b2e1d8cf39ae0f725b6610dfbf5678d5	iips-platform/src/sector-engines/capital-markets/capital-markets-golden-reference-1.0.0.json	h:arena/01a0814b-iips-production-market-data h:arena/01a0853d-iips-production-market-data h:arena/01a0a438-iips-production-market-data h:arena/01a0ae80-iips-production-market-data h:arena/01a0bdb5-iips-production-market-data h:arena/01a0c440-iips-production-market-data h:arena/01a0c86d-iips-production-market-data h:arena/01a0cf86-iips-production-market-data h:arena/01a0d1d3-iips-production-market-data h:arena/01a0d33d-iips-production-market-data h:m1-ad4-repair h:windows/d114-stage5-banking-repl	-,NO
3ccebaa653020ad7a3f008a39ad263959a77cd87	iips-platform/src/sector-engines/capital-markets/capital-markets-validation-fixtures-1.0.0.json	h:arena/01a0814b-iips-production-market-data h:arena/01a0853d-iips-production-market-data h:arena/01a0a438-iips-production-market-data h:arena/01a0ae80-iips-production-market-data h:arena/01a0bdb5-iips-production-market-data h:arena/01a0c440-iips-production-market-data h:arena/01a0c86d-iips-production-market-data h:arena/01a0cf86-iips-production-market-data h:arena/01a0d1d3-iips-production-market-data h:arena/01a0d33d-iips-production-market-data h:m1-ad4-repair h:windows/d114-stage5-banking-repl	-,NO
78b231be50fafde0be9d42bbf39ea58b5757ab35	iips-platform/src/sector-engines/capital-markets/decision/CapitalMarketsDecision.ts	h:arena/01a0814b-iips-production-market-data h:arena/01a0853d-iips-production-market-data h:arena/01a0a438-iips-production-market-data h:arena/01a0a4a1-iips-production-market-data h:arena/01a0ae80-iips-production-market-data h:arena/01a0bdb5-iips-production-market-data h:arena/01a0c440-iips-production-market-data h:arena/01a0c86d-iips-production-market-data h:arena/01a0cf86-iips-production-market-data h:arena/01a0d1d3-iips-production-market-data h:arena/01a0d33d-iips-production-market-data h:m1-	-,NO
471fd55977157ed765d1fedc75224038b2fb7559	iips-platform/src/sector-engines/capital-markets/evidence/CapitalMarketsEvidence.ts	h:arena/01a0814b-iips-production-market-data h:arena/01a0853d-iips-production-market-data h:arena/01a0a438-iips-production-market-data h:arena/01a0a4a1-iips-production-market-data h:arena/01a0ae80-iips-production-market-data h:arena/01a0bdb5-iips-production-market-data h:arena/01a0c440-iips-production-market-data h:arena/01a0c86d-iips-production-market-data h:arena/01a0cf86-iips-production-market-data h:arena/01a0d1d3-iips-production-market-data h:arena/01a0d33d-iips-production-market-data h:m1-	-,NO
790786c9af0a865c581d29eecdc54b16f473420b	iips-platform/src/sector-engines/capital-markets/metrics/CapitalMarketsMetrics.ts	h:arena/01a0814b-iips-production-market-data h:arena/01a0853d-iips-production-market-data h:arena/01a0a438-iips-production-market-data h:arena/01a0a4a1-iips-production-market-data h:arena/01a0ae80-iips-production-market-data h:arena/01a0bdb5-iips-production-market-data h:arena/01a0c440-iips-production-market-data h:arena/01a0c86d-iips-production-market-data h:arena/01a0cf86-iips-production-market-data h:arena/01a0d1d3-iips-production-market-data h:arena/01a0d33d-iips-production-market-data h:m1-	-,NO
c05f33b5fe3dd1286d67b1428418a8c7c2284548	iips-platform/src/sector-engines/capital-markets/scoring/CapitalMarketsScoreEngine.ts	h:arena/01a0814b-iips-production-market-data h:arena/01a0853d-iips-production-market-data h:arena/01a0a438-iips-production-market-data h:arena/01a0a4a1-iips-production-market-data h:arena/01a0ae80-iips-production-market-data h:arena/01a0bdb5-iips-production-market-data h:arena/01a0c440-iips-production-market-data h:arena/01a0c86d-iips-production-market-data h:arena/01a0cf86-iips-production-market-data h:arena/01a0d1d3-iips-production-market-data h:arena/01a0d33d-iips-production-market-data h:m1-	-,NO
baae2e5e196d6ccd89eb5e78da187e409c56c9d4	iips-platform/src/sector-engines/consumer/ConsumerEngine.ts	h:arena/01a0814b-iips-production-market-data h:arena/01a0853d-iips-production-market-data h:arena/01a0a438-iips-production-market-data h:arena/01a0a4a1-iips-production-market-data h:arena/01a0ae80-iips-production-market-data h:arena/01a0bdb5-iips-production-market-data h:arena/01a0c440-iips-production-market-data h:arena/01a0c86d-iips-production-market-data h:m1-ad4-repair h:windows/d114-stage5-banking-replay-observation t:p14-r7-65b78f7 t:portfolio-option-a-cb969b6 t:post-cleanup-baseline-b46b4	-,NO
101b3d456f523431457d7fc931e26885c56ae22e	iips-platform/src/sector-engines/consumer/calibration/ConsumerCalibration.ts	h:arena/01a0814b-iips-production-market-data h:arena/01a0853d-iips-production-market-data h:arena/01a0a438-iips-production-market-data h:arena/01a0a4a1-iips-production-market-data h:arena/01a0ae80-iips-production-market-data h:arena/01a0bdb5-iips-production-market-data h:arena/01a0c440-iips-production-market-data h:arena/01a0c86d-iips-production-market-data h:arena/01a0cf86-iips-production-market-data h:arena/01a0d1d3-iips-production-market-data h:arena/01a0d33d-iips-production-market-data h:m1-	-,NO
2d607fd8d3fd9fccbdf304be46eb5e45902c6739	ies-013-consumer/calibration/consumer-calibration-1.0.0.json | iips-platform/src/sector-engines/consumer/consumer-calibration-1.0.0.json	h:arena/01a0814b-iips-production-market-data h:arena/01a0853d-iips-production-market-data h:arena/01a0a438-iips-production-market-data h:arena/01a0a4a1-iips-production-market-data h:arena/01a0ae80-iips-production-market-data h:arena/01a0bdb5-iips-production-market-data h:arena/01a0c440-iips-production-market-data h:arena/01a0c86d-iips-production-market-data h:arena/01a0cf86-iips-production-market-data h:arena/01a0d1d3-iips-production-market-data h:arena/01a0d33d-iips-production-market-data h:m1-	-,NO
994c5fb6ffdb5baf8147ddc8e14a602c20ca9dde	ies-013-consumer/expected-outputs/consumer-expected-outputs-1.0.0.json | iips-platform/src/sector-engines/consumer/consumer-expected-outputs-1.0.0.json	h:arena/01a0814b-iips-production-market-data h:arena/01a0853d-iips-production-market-data h:arena/01a0a438-iips-production-market-data h:arena/01a0ae80-iips-production-market-data h:arena/01a0bdb5-iips-production-market-data h:arena/01a0c440-iips-production-market-data h:arena/01a0c86d-iips-production-market-data h:arena/01a0cf86-iips-production-market-data h:arena/01a0d1d3-iips-production-market-data h:arena/01a0d33d-iips-production-market-data h:m1-ad4-repair h:windows/d114-stage5-banking-repl	-,NO
d43bdebba5c1f79a05674a63877186832c6e05d2	ies-013-consumer/datasets/consumer-golden-reference-1.0.0.json | iips-platform/src/sector-engines/consumer/consumer-golden-reference-1.0.0.json	h:arena/01a0814b-iips-production-market-data h:arena/01a0853d-iips-production-market-data h:arena/01a0a438-iips-production-market-data h:arena/01a0ae80-iips-production-market-data h:arena/01a0bdb5-iips-production-market-data h:arena/01a0c440-iips-production-market-data h:arena/01a0c86d-iips-production-market-data h:arena/01a0cf86-iips-production-market-data h:arena/01a0d1d3-iips-production-market-data h:arena/01a0d33d-iips-production-market-data h:m1-ad4-repair h:windows/d114-stage5-banking-repl	-,NO
c6383df19ed7b4ba056f6d5ee1f2a46427348f8c	ies-013-consumer/fixtures/consumer-validation-fixtures-1.0.0.json | iips-platform/src/sector-engines/consumer/consumer-validation-fixtures-1.0.0.json	h:arena/01a0814b-iips-production-market-data h:arena/01a0853d-iips-production-market-data h:arena/01a0a438-iips-production-market-data h:arena/01a0ae80-iips-production-market-data h:arena/01a0bdb5-iips-production-market-data h:arena/01a0c440-iips-production-market-data h:arena/01a0c86d-iips-production-market-data h:arena/01a0cf86-iips-production-market-data h:arena/01a0d1d3-iips-production-market-data h:arena/01a0d33d-iips-production-market-data h:m1-ad4-repair h:windows/d114-stage5-banking-repl	-,NO
544108eeffda400fa8a25fe5fe91995e85578eed	iips-platform/src/sector-engines/consumer/decision/ConsumerDecision.ts	h:arena/01a0814b-iips-production-market-data h:arena/01a0853d-iips-production-market-data h:arena/01a0a438-iips-production-market-data h:arena/01a0a4a1-iips-production-market-data h:arena/01a0ae80-iips-production-market-data h:arena/01a0bdb5-iips-production-market-data h:arena/01a0c440-iips-production-market-data h:arena/01a0c86d-iips-production-market-data h:arena/01a0cf86-iips-production-market-data h:arena/01a0d1d3-iips-production-market-data h:arena/01a0d33d-iips-production-market-data h:m1-	-,NO
e571e92c2be55ebea5b3ab7927bef980f093e00e	iips-platform/src/sector-engines/consumer/evidence/ConsumerEvidence.ts	h:arena/01a0814b-iips-production-market-data h:arena/01a0853d-iips-production-market-data h:arena/01a0a438-iips-production-market-data h:arena/01a0a4a1-iips-production-market-data h:arena/01a0ae80-iips-production-market-data h:arena/01a0bdb5-iips-production-market-data h:arena/01a0c440-iips-production-market-data h:arena/01a0c86d-iips-production-market-data h:arena/01a0cf86-iips-production-market-data h:arena/01a0d1d3-iips-production-market-data h:arena/01a0d33d-iips-production-market-data h:m1-	-,NO
49ca8d3c7449b62b29898511728ffe4aff20de32	iips-platform/src/sector-engines/consumer/index.ts	h:arena/01a0814b-iips-production-market-data h:arena/01a0853d-iips-production-market-data h:arena/01a0a438-iips-production-market-data h:arena/01a0ae80-iips-production-market-data h:arena/01a0bdb5-iips-production-market-data h:arena/01a0c440-iips-production-market-data h:arena/01a0c86d-iips-production-market-data h:arena/01a0cf86-iips-production-market-data h:arena/01a0d1d3-iips-production-market-data h:arena/01a0d33d-iips-production-market-data h:m1-ad4-repair h:windows/d114-stage5-banking-repl	-,NO
b128f2dea65029c2bf2a0e5a6ba40462cbcd1df1	iips-platform/src/sector-engines/consumer/metrics/ConsumerMetrics.ts	h:arena/01a0814b-iips-production-market-data h:arena/01a0853d-iips-production-market-data h:arena/01a0a438-iips-production-market-data h:arena/01a0a4a1-iips-production-market-data h:arena/01a0ae80-iips-production-market-data h:arena/01a0bdb5-iips-production-market-data h:arena/01a0c440-iips-production-market-data h:arena/01a0c86d-iips-production-market-data h:arena/01a0cf86-iips-production-market-data h:arena/01a0d1d3-iips-production-market-data h:arena/01a0d33d-iips-production-market-data h:m1-	-,NO
9a2a823fc36e1fa9792b8e613d0060663ddab2cf	iips-platform/src/sector-engines/consumer/scoring/ConsumerScoreEngine.ts	h:arena/01a0814b-iips-production-market-data h:arena/01a0853d-iips-production-market-data h:arena/01a0a438-iips-production-market-data h:arena/01a0a4a1-iips-production-market-data h:arena/01a0ae80-iips-production-market-data h:arena/01a0bdb5-iips-production-market-data h:arena/01a0c440-iips-production-market-data h:arena/01a0c86d-iips-production-market-data h:arena/01a0cf86-iips-production-market-data h:arena/01a0d1d3-iips-production-market-data h:arena/01a0d33d-iips-production-market-data h:m1-	-,NO
415689a1f5f6c7c915126ff9cce9cc43ddc8dd34	iips-platform/src/sector-engines/cross-sector/CrossSectorEngine.ts	h:arena/01a0814b-iips-production-market-data h:arena/01a0853d-iips-production-market-data h:arena/01a0a438-iips-production-market-data h:arena/01a0a4a1-iips-production-market-data h:arena/01a0ae80-iips-production-market-data h:arena/01a0bdb5-iips-production-market-data h:arena/01a0c440-iips-production-market-data h:arena/01a0c86d-iips-production-market-data h:arena/01a0cf86-iips-production-market-data h:arena/01a0d1d3-iips-production-market-data h:arena/01a0d33d-iips-production-market-data h:m1-	-,NO
d636d19d556b1cccf6b18fb0f5c8b3e8865cbce5	iips-platform/src/sector-engines/cross-sector/CrossSectorPlugin.ts	h:arena/01a0814b-iips-production-market-data h:arena/01a0853d-iips-production-market-data h:arena/01a0a438-iips-production-market-data h:arena/01a0ae80-iips-production-market-data h:arena/01a0bdb5-iips-production-market-data h:arena/01a0c440-iips-production-market-data h:arena/01a0c86d-iips-production-market-data h:m1-ad4-repair h:windows/d114-stage5-banking-replay-observation t:p14-r7-65b78f7 t:portfolio-option-a-cb969b6 t:post-cleanup-baseline-b46b4f4 t:temporary-cleanup-caf73ba	-,NO
ac6dcbc0069513db9d031e2589b0276cfb5eb044	iips-platform/src/sector-engines/cross-sector/allocation/AllocationEngine.ts	h:arena/01a0814b-iips-production-market-data h:arena/01a0853d-iips-production-market-data h:arena/01a0a438-iips-production-market-data h:arena/01a0a4a1-iips-production-market-data h:arena/01a0ae80-iips-production-market-data h:arena/01a0bdb5-iips-production-market-data h:arena/01a0c440-iips-production-market-data h:arena/01a0c86d-iips-production-market-data h:arena/01a0cf86-iips-production-market-data h:arena/01a0d1d3-iips-production-market-data h:arena/01a0d33d-iips-production-market-data h:m1-	-,NO
6508a8225b519d270e144aa57252bd8cfc0c26a3	iips-platform/src/sector-engines/cross-sector/correlation/CorrelationEngine.ts	h:arena/01a0814b-iips-production-market-data h:arena/01a0853d-iips-production-market-data h:arena/01a0a438-iips-production-market-data h:arena/01a0a4a1-iips-production-market-data h:arena/01a0ae80-iips-production-market-data h:arena/01a0bdb5-iips-production-market-data h:arena/01a0c440-iips-production-market-data h:arena/01a0c86d-iips-production-market-data h:arena/01a0cf86-iips-production-market-data h:arena/01a0d1d3-iips-production-market-data h:arena/01a0d33d-iips-production-market-data h:m1-	-,NO
2001d76dc68da20cc3236870be4548376367f5d2	iips-platform/src/sector-engines/cross-sector/diversification/DiversificationAnalyzer.ts	h:arena/01a0814b-iips-production-market-data h:arena/01a0853d-iips-production-market-data h:arena/01a0a438-iips-production-market-data h:arena/01a0a4a1-iips-production-market-data h:arena/01a0ae80-iips-production-market-data h:arena/01a0bdb5-iips-production-market-data h:arena/01a0c440-iips-production-market-data h:arena/01a0c86d-iips-production-market-data h:arena/01a0cf86-iips-production-market-data h:arena/01a0d1d3-iips-production-market-data h:arena/01a0d33d-iips-production-market-data h:m1-	-,NO
f81026bcef6e09cf4190c0afda4c2b2f3a5874ae	iips-platform/src/sector-engines/cross-sector/evidence/CrossSectorEvidence.ts	h:arena/01a0814b-iips-production-market-data h:arena/01a0853d-iips-production-market-data h:arena/01a0a438-iips-production-market-data h:arena/01a0a4a1-iips-production-market-data h:arena/01a0ae80-iips-production-market-data h:arena/01a0bdb5-iips-production-market-data h:arena/01a0c440-iips-production-market-data h:arena/01a0c86d-iips-production-market-data h:arena/01a0cf86-iips-production-market-data h:arena/01a0d1d3-iips-production-market-data h:arena/01a0d33d-iips-production-market-data h:m1-	-,NO
878bbddffb66281108edc0735d831983b380361b	iips-platform/src/sector-engines/cross-sector/index.ts	h:arena/01a0814b-iips-production-market-data h:arena/01a0853d-iips-production-market-data h:arena/01a0a438-iips-production-market-data h:arena/01a0ae80-iips-production-market-data h:arena/01a0bdb5-iips-production-market-data h:arena/01a0c440-iips-production-market-data h:arena/01a0c86d-iips-production-market-data h:arena/01a0cf86-iips-production-market-data h:arena/01a0d1d3-iips-production-market-data h:arena/01a0d33d-iips-production-market-data h:m1-ad4-repair h:windows/d114-stage5-banking-repl	-,NO
ea0f6acfe0ca9e8fbeb04392a2861881cadaa937	iips-platform/src/sector-engines/cross-sector/ontology/OntologyMapper.ts	h:arena/01a0814b-iips-production-market-data h:arena/01a0853d-iips-production-market-data h:arena/01a0a438-iips-production-market-data h:arena/01a0a4a1-iips-production-market-data h:arena/01a0ae80-iips-production-market-data h:arena/01a0bdb5-iips-production-market-data h:arena/01a0c440-iips-production-market-data h:arena/01a0c86d-iips-production-market-data h:arena/01a0cf86-iips-production-market-data h:arena/01a0d1d3-iips-production-market-data h:arena/01a0d33d-iips-production-market-data h:m1-	-,NO
31f9458b5018912dc2d81fbd03c3df38de17357b	iips-platform/src/sector-engines/cross-sector/opportunity/OpportunityEngine.ts	h:arena/01a0814b-iips-production-market-data h:arena/01a0853d-iips-production-market-data h:arena/01a0a438-iips-production-market-data h:arena/01a0a4a1-iips-production-market-data h:arena/01a0ae80-iips-production-market-data h:arena/01a0bdb5-iips-production-market-data h:arena/01a0c440-iips-production-market-data h:arena/01a0c86d-iips-production-market-data h:arena/01a0cf86-iips-production-market-data h:arena/01a0d1d3-iips-production-market-data h:arena/01a0d33d-iips-production-market-data h:m1-	-,NO
361e2dcecafd5c2f6884229ca58c76e9dd8f5e28	iips-platform/src/sector-engines/cross-sector/portfolio/PortfolioIntelligence.ts	h:arena/01a0814b-iips-production-market-data h:arena/01a0853d-iips-production-market-data h:arena/01a0a438-iips-production-market-data h:arena/01a0a4a1-iips-production-market-data h:arena/01a0ae80-iips-production-market-data h:arena/01a0bdb5-iips-production-market-data h:arena/01a0c440-iips-production-market-data h:arena/01a0c86d-iips-production-market-data h:arena/01a0cf86-iips-production-market-data h:arena/01a0d1d3-iips-production-market-data h:arena/01a0d33d-iips-production-market-data h:m1-	-,NO
ed2c869858b5606e4d3b11077aa64dc787838583	iips-platform/src/sector-engines/cross-sector/ranking/RankingEngine.ts	h:arena/01a0814b-iips-production-market-data h:arena/01a0853d-iips-production-market-data h:arena/01a0a438-iips-production-market-data h:arena/01a0a4a1-iips-production-market-data h:arena/01a0ae80-iips-production-market-data h:arena/01a0bdb5-iips-production-market-data h:arena/01a0c440-iips-production-market-data h:arena/01a0c86d-iips-production-market-data h:arena/01a0cf86-iips-production-market-data h:arena/01a0d1d3-iips-production-market-data h:arena/01a0d33d-iips-production-market-data h:m1-	-,NO
1149864a8c43e8b885eee2c4a9a1ce869dd8f338	iips-platform/src/sector-engines/cross-sector/reporting/ReportingEngine.ts	h:arena/01a0814b-iips-production-market-data h:arena/01a0853d-iips-production-market-data h:arena/01a0a438-iips-production-market-data h:arena/01a0a4a1-iips-production-market-data h:arena/01a0ae80-iips-production-market-data h:arena/01a0bdb5-iips-production-market-data h:arena/01a0c440-iips-production-market-data h:arena/01a0c86d-iips-production-market-data h:arena/01a0cf86-iips-production-market-data h:arena/01a0d1d3-iips-production-market-data h:arena/01a0d33d-iips-production-market-data h:m1-	-,NO
eff6cb687178a0af70a15586f47d1be207da881c	iips-platform/src/sector-engines/cross-sector/types.ts	h:arena/01a0814b-iips-production-market-data h:arena/01a0853d-iips-production-market-data h:arena/01a0a438-iips-production-market-data h:arena/01a0a4a1-iips-production-market-data h:arena/01a0ae80-iips-production-market-data h:arena/01a0bdb5-iips-production-market-data h:arena/01a0c440-iips-production-market-data h:arena/01a0c86d-iips-production-market-data h:arena/01a0cf86-iips-production-market-data h:arena/01a0d1d3-iips-production-market-data h:arena/01a0d33d-iips-production-market-data h:m1-	-,NO
cce7590cd440fefa9cab06521e6fbec2c7047d64	iips-platform/src/sector-engines/energy/EnergyEngine.ts	h:arena/01a0814b-iips-production-market-data h:arena/01a0853d-iips-production-market-data h:arena/01a0a438-iips-production-market-data h:arena/01a0a4a1-iips-production-market-data h:arena/01a0ae80-iips-production-market-data h:arena/01a0bdb5-iips-production-market-data h:arena/01a0c440-iips-production-market-data h:arena/01a0c86d-iips-production-market-data h:m1-ad4-repair h:windows/d114-stage5-banking-replay-observation t:p14-r7-65b78f7 t:portfolio-option-a-cb969b6 t:post-cleanup-baseline-b46b4	-,NO
8b0882f126ffb28b4acd26b79497115bc5bbd0ef	iips-platform/src/sector-engines/energy/calibration/EnergyCalibration.ts	h:arena/01a0814b-iips-production-market-data h:arena/01a0853d-iips-production-market-data h:arena/01a0a438-iips-production-market-data h:arena/01a0a4a1-iips-production-market-data h:arena/01a0ae80-iips-production-market-data h:arena/01a0bdb5-iips-production-market-data h:arena/01a0c440-iips-production-market-data h:arena/01a0c86d-iips-production-market-data h:arena/01a0cf86-iips-production-market-data h:arena/01a0d1d3-iips-production-market-data h:arena/01a0d33d-iips-production-market-data h:m1-	-,NO
6843c6f2064047622b8b060b7c324ae47ad8aabb	iips-platform/src/sector-engines/energy/decision/EnergyDecision.ts	h:arena/01a0814b-iips-production-market-data h:arena/01a0853d-iips-production-market-data h:arena/01a0a438-iips-production-market-data h:arena/01a0a4a1-iips-production-market-data h:arena/01a0ae80-iips-production-market-data h:arena/01a0bdb5-iips-production-market-data h:arena/01a0c440-iips-production-market-data h:arena/01a0c86d-iips-production-market-data h:arena/01a0cf86-iips-production-market-data h:arena/01a0d1d3-iips-production-market-data h:arena/01a0d33d-iips-production-market-data h:m1-	-,NO
d045bb8aa5ccaf7b139a420fc6d905a5ba0f918c	ies-011-energy/calibration/energy-calibration-1.0.0.json | iips-platform/src/sector-engines/energy/energy-calibration-1.0.0.json	h:arena/01a0814b-iips-production-market-data h:arena/01a0853d-iips-production-market-data h:arena/01a0a438-iips-production-market-data h:arena/01a0a4a1-iips-production-market-data h:arena/01a0ae80-iips-production-market-data h:arena/01a0bdb5-iips-production-market-data h:arena/01a0c440-iips-production-market-data h:arena/01a0c86d-iips-production-market-data h:arena/01a0cf86-iips-production-market-data h:arena/01a0d1d3-iips-production-market-data h:arena/01a0d33d-iips-production-market-data h:m1-	-,NO
be22ae30904e9e2326bdc2b7086d3435f0b4f077	ies-011-energy/expected-outputs/energy-expected-outputs-1.0.0.json | iips-platform/src/sector-engines/energy/energy-expected-outputs-1.0.0.json	h:arena/01a0814b-iips-production-market-data h:arena/01a0853d-iips-production-market-data h:arena/01a0a438-iips-production-market-data h:arena/01a0ae80-iips-production-market-data h:arena/01a0bdb5-iips-production-market-data h:arena/01a0c440-iips-production-market-data h:arena/01a0c86d-iips-production-market-data h:arena/01a0cf86-iips-production-market-data h:arena/01a0d1d3-iips-production-market-data h:arena/01a0d33d-iips-production-market-data h:m1-ad4-repair h:windows/d114-stage5-banking-repl	-,NO
94371f09ea5653ab9d7b77bf6fcec6e5e7212baf	ies-011-energy/datasets/energy-golden-reference-1.0.0.json | iips-platform/src/sector-engines/energy/energy-golden-reference-1.0.0.json	h:arena/01a0814b-iips-production-market-data h:arena/01a0853d-iips-production-market-data h:arena/01a0a438-iips-production-market-data h:arena/01a0ae80-iips-production-market-data h:arena/01a0bdb5-iips-production-market-data h:arena/01a0c440-iips-production-market-data h:arena/01a0c86d-iips-production-market-data h:arena/01a0cf86-iips-production-market-data h:arena/01a0d1d3-iips-production-market-data h:arena/01a0d33d-iips-production-market-data h:m1-ad4-repair h:windows/d114-stage5-banking-repl	-,NO
87491448de29a73da1d12a8ffb86bb4774cd0354	ies-011-energy/fixtures/energy-validation-fixtures-1.0.0.json | iips-platform/src/sector-engines/energy/energy-validation-fixtures-1.0.0.json	h:arena/01a0814b-iips-production-market-data h:arena/01a0853d-iips-production-market-data h:arena/01a0a438-iips-production-market-data h:arena/01a0ae80-iips-production-market-data h:arena/01a0bdb5-iips-production-market-data h:arena/01a0c440-iips-production-market-data h:arena/01a0c86d-iips-production-market-data h:arena/01a0cf86-iips-production-market-data h:arena/01a0d1d3-iips-production-market-data h:arena/01a0d33d-iips-production-market-data h:m1-ad4-repair h:windows/d114-stage5-banking-repl	-,NO
f99fda4035faf16e0b3b36a65623e34dcfa7ccd3	iips-platform/src/sector-engines/energy/evidence/EnergyEvidence.ts	h:arena/01a0814b-iips-production-market-data h:arena/01a0853d-iips-production-market-data h:arena/01a0a438-iips-production-market-data h:arena/01a0a4a1-iips-production-market-data h:arena/01a0ae80-iips-production-market-data h:arena/01a0bdb5-iips-production-market-data h:arena/01a0c440-iips-production-market-data h:arena/01a0c86d-iips-production-market-data h:arena/01a0cf86-iips-production-market-data h:arena/01a0d1d3-iips-production-market-data h:arena/01a0d33d-iips-production-market-data h:m1-	-,NO
5277ad827ec9c2af2caa751d450802387bf1bedf	iips-platform/src/sector-engines/energy/index.ts	h:arena/01a0814b-iips-production-market-data h:arena/01a0853d-iips-production-market-data h:arena/01a0a438-iips-production-market-data h:arena/01a0ae80-iips-production-market-data h:arena/01a0bdb5-iips-production-market-data h:arena/01a0c440-iips-production-market-data h:arena/01a0c86d-iips-production-market-data h:arena/01a0cf86-iips-production-market-data h:arena/01a0d1d3-iips-production-market-data h:arena/01a0d33d-iips-production-market-data h:m1-ad4-repair h:windows/d114-stage5-banking-repl	-,NO
08187d72697efd32e8df13f54022bebc8f67a54b	iips-platform/src/sector-engines/energy/metrics/EnergyMetrics.ts	h:arena/01a0814b-iips-production-market-data h:arena/01a0853d-iips-production-market-data h:arena/01a0a438-iips-production-market-data h:arena/01a0a4a1-iips-production-market-data h:arena/01a0ae80-iips-production-market-data h:arena/01a0bdb5-iips-production-market-data h:arena/01a0c440-iips-production-market-data h:arena/01a0c86d-iips-production-market-data h:arena/01a0cf86-iips-production-market-data h:arena/01a0d1d3-iips-production-market-data h:arena/01a0d33d-iips-production-market-data h:m1-	-,NO
90a13792fec5a0dd2d3775e625833a2c7ee743d5	iips-platform/src/sector-engines/energy/scoring/EnergyScoreEngine.ts	h:arena/01a0814b-iips-production-market-data h:arena/01a0853d-iips-production-market-data h:arena/01a0a438-iips-production-market-data h:arena/01a0a4a1-iips-production-market-data h:arena/01a0ae80-iips-production-market-data h:arena/01a0bdb5-iips-production-market-data h:arena/01a0c440-iips-production-market-data h:arena/01a0c86d-iips-production-market-data h:arena/01a0cf86-iips-production-market-data h:arena/01a0d1d3-iips-production-market-data h:arena/01a0d33d-iips-production-market-data h:m1-	-,NO
47754cc0f1f0fa159a37da65a0c3f6adc30242cd	iips-platform/src/sector-engines/healthcare/HealthcareEngine.ts	h:arena/01a0814b-iips-production-market-data h:arena/01a0853d-iips-production-market-data h:arena/01a0a438-iips-production-market-data h:arena/01a0a4a1-iips-production-market-data h:arena/01a0ae80-iips-production-market-data h:arena/01a0bdb5-iips-production-market-data h:arena/01a0c440-iips-production-market-data h:arena/01a0c86d-iips-production-market-data h:m1-ad4-repair h:windows/d114-stage5-banking-replay-observation t:p14-r7-65b78f7 t:portfolio-option-a-cb969b6 t:post-cleanup-baseline-b46b4	-,NO
c823be08951063537d1d6abd1dcd57e608af4bbb	iips-platform/src/sector-engines/healthcare/calibration/HealthcareCalibration.ts	h:arena/01a0814b-iips-production-market-data h:arena/01a0853d-iips-production-market-data h:arena/01a0a438-iips-production-market-data h:arena/01a0a4a1-iips-production-market-data h:arena/01a0ae80-iips-production-market-data h:arena/01a0bdb5-iips-production-market-data h:arena/01a0c440-iips-production-market-data h:arena/01a0c86d-iips-production-market-data h:arena/01a0cf86-iips-production-market-data h:arena/01a0d1d3-iips-production-market-data h:arena/01a0d33d-iips-production-market-data h:m1-	-,NO
171773b18f564013ebfc494c5ca1fe10b7ef20a4	iips-platform/src/sector-engines/healthcare/decision/HealthcareDecision.ts	h:arena/01a0814b-iips-production-market-data h:arena/01a0853d-iips-production-market-data h:arena/01a0a438-iips-production-market-data h:arena/01a0a4a1-iips-production-market-data h:arena/01a0ae80-iips-production-market-data h:arena/01a0bdb5-iips-production-market-data h:arena/01a0c440-iips-production-market-data h:arena/01a0c86d-iips-production-market-data h:arena/01a0cf86-iips-production-market-data h:arena/01a0d1d3-iips-production-market-data h:arena/01a0d33d-iips-production-market-data h:m1-	-,NO
7b061627a1c123b66a5f3860595106a68e44f456	iips-platform/src/sector-engines/healthcare/evidence/HealthcareEvidence.ts	h:arena/01a0814b-iips-production-market-data h:arena/01a0853d-iips-production-market-data h:arena/01a0a438-iips-production-market-data h:arena/01a0a4a1-iips-production-market-data h:arena/01a0ae80-iips-production-market-data h:arena/01a0bdb5-iips-production-market-data h:arena/01a0c440-iips-production-market-data h:arena/01a0c86d-iips-production-market-data h:arena/01a0cf86-iips-production-market-data h:arena/01a0d1d3-iips-production-market-data h:arena/01a0d33d-iips-production-market-data h:m1-	-,NO
954fe7ddad48838c7917933e38dc4bab966c2ea7	iips-platform/src/sector-engines/healthcare/healthcare-calibration-1.0.0.json	h:arena/01a0814b-iips-production-market-data h:arena/01a0853d-iips-production-market-data h:arena/01a0a438-iips-production-market-data h:arena/01a0a4a1-iips-production-market-data h:arena/01a0ae80-iips-production-market-data h:arena/01a0bdb5-iips-production-market-data h:arena/01a0c440-iips-production-market-data h:arena/01a0c86d-iips-production-market-data h:arena/01a0cf86-iips-production-market-data h:arena/01a0d1d3-iips-production-market-data h:arena/01a0d33d-iips-production-market-data h:m1-	-,NO
8071d2dd5a1ca0459773df1bb1339d9e587528ad	iips-platform/src/sector-engines/healthcare/healthcare-expected-outputs-1.0.0.json	h:arena/01a0814b-iips-production-market-data h:arena/01a0853d-iips-production-market-data h:arena/01a0a438-iips-production-market-data h:arena/01a0ae80-iips-production-market-data h:arena/01a0bdb5-iips-production-market-data h:arena/01a0c440-iips-production-market-data h:arena/01a0c86d-iips-production-market-data h:arena/01a0cf86-iips-production-market-data h:arena/01a0d1d3-iips-production-market-data h:arena/01a0d33d-iips-production-market-data h:m1-ad4-repair h:windows/d114-stage5-banking-repl	-,NO
47d59803eaf483169b04b6f2ad8cbb9844ed5290	iips-platform/src/sector-engines/healthcare/healthcare-golden-reference-1.0.0.json	h:arena/01a0814b-iips-production-market-data h:arena/01a0853d-iips-production-market-data h:arena/01a0a438-iips-production-market-data h:arena/01a0ae80-iips-production-market-data h:arena/01a0bdb5-iips-production-market-data h:arena/01a0c440-iips-production-market-data h:arena/01a0c86d-iips-production-market-data h:arena/01a0cf86-iips-production-market-data h:arena/01a0d1d3-iips-production-market-data h:arena/01a0d33d-iips-production-market-data h:m1-ad4-repair h:windows/d114-stage5-banking-repl	-,NO
1ac26a1a39a499af3f78aeb9decc6337e4a437e7	iips-platform/src/sector-engines/healthcare/healthcare-validation-fixtures-1.0.0.json	h:arena/01a0814b-iips-production-market-data h:arena/01a0853d-iips-production-market-data h:arena/01a0a438-iips-production-market-data h:arena/01a0ae80-iips-production-market-data h:arena/01a0bdb5-iips-production-market-data h:arena/01a0c440-iips-production-market-data h:arena/01a0c86d-iips-production-market-data h:arena/01a0cf86-iips-production-market-data h:arena/01a0d1d3-iips-production-market-data h:arena/01a0d33d-iips-production-market-data h:m1-ad4-repair h:windows/d114-stage5-banking-repl	-,NO
cb9f71639336e78f183d7ced7062f62b0f22bd69	iips-platform/src/sector-engines/healthcare/metrics/HealthcareMetrics.ts	h:arena/01a0814b-iips-production-market-data h:arena/01a0853d-iips-production-market-data h:arena/01a0a438-iips-production-market-data h:arena/01a0a4a1-iips-production-market-data h:arena/01a0ae80-iips-production-market-data h:arena/01a0bdb5-iips-production-market-data h:arena/01a0c440-iips-production-market-data h:arena/01a0c86d-iips-production-market-data h:arena/01a0cf86-iips-production-market-data h:arena/01a0d1d3-iips-production-market-data h:arena/01a0d33d-iips-production-market-data h:m1-	-,NO
94072c43f9ca74ac354ec2808ebebf594a65027e	iips-platform/src/sector-engines/healthcare/scoring/HealthcareScoreEngine.ts	h:arena/01a0814b-iips-production-market-data h:arena/01a0853d-iips-production-market-data h:arena/01a0a438-iips-production-market-data h:arena/01a0a4a1-iips-production-market-data h:arena/01a0ae80-iips-production-market-data h:arena/01a0bdb5-iips-production-market-data h:arena/01a0c440-iips-production-market-data h:arena/01a0c86d-iips-production-market-data h:arena/01a0cf86-iips-production-market-data h:arena/01a0d1d3-iips-production-market-data h:arena/01a0d33d-iips-production-market-data h:m1-	-,NO
2f5c5797c4d648452befa03a311cffde1f947657	iips-platform/src/sector-engines/hospitality/HospitalityEngine.ts	h:arena/01a0814b-iips-production-market-data h:arena/01a0853d-iips-production-market-data h:arena/01a0a438-iips-production-market-data h:arena/01a0a4a1-iips-production-market-data h:arena/01a0ae80-iips-production-market-data h:arena/01a0bdb5-iips-production-market-data h:arena/01a0c440-iips-production-market-data h:arena/01a0c86d-iips-production-market-data h:m1-ad4-repair h:windows/d114-stage5-banking-replay-observation t:p14-r7-65b78f7 t:portfolio-option-a-cb969b6 t:post-cleanup-baseline-b46b4	-,NO
bc482b699b08ad12d83f9d3166e5dcd821902241	iips-platform/src/sector-engines/hospitality/calibration/HospitalityCalibration.ts	h:arena/01a0814b-iips-production-market-data h:arena/01a0853d-iips-production-market-data h:arena/01a0a438-iips-production-market-data h:arena/01a0a4a1-iips-production-market-data h:arena/01a0ae80-iips-production-market-data h:arena/01a0bdb5-iips-production-market-data h:arena/01a0c440-iips-production-market-data h:arena/01a0c86d-iips-production-market-data h:arena/01a0cf86-iips-production-market-data h:arena/01a0d1d3-iips-production-market-data h:arena/01a0d33d-iips-production-market-data h:m1-	-,NO
6b04d53c8f8b3cec44c629e1ee7a3080fc4a5873	iips-platform/src/sector-engines/hospitality/decision/HospitalityDecision.ts	h:arena/01a0814b-iips-production-market-data h:arena/01a0853d-iips-production-market-data h:arena/01a0a438-iips-production-market-data h:arena/01a0a4a1-iips-production-market-data h:arena/01a0ae80-iips-production-market-data h:arena/01a0bdb5-iips-production-market-data h:arena/01a0c440-iips-production-market-data h:arena/01a0c86d-iips-production-market-data h:arena/01a0cf86-iips-production-market-data h:arena/01a0d1d3-iips-production-market-data h:arena/01a0d33d-iips-production-market-data h:m1-	-,NO
75c75651dd7fb81a4165db7805c9d11c496388ec	iips-platform/src/sector-engines/hospitality/evidence/HospitalityEvidence.ts	h:arena/01a0814b-iips-production-market-data h:arena/01a0853d-iips-production-market-data h:arena/01a0a438-iips-production-market-data h:arena/01a0a4a1-iips-production-market-data h:arena/01a0ae80-iips-production-market-data h:arena/01a0bdb5-iips-production-market-data h:arena/01a0c440-iips-production-market-data h:arena/01a0c86d-iips-production-market-data h:arena/01a0cf86-iips-production-market-data h:arena/01a0d1d3-iips-production-market-data h:arena/01a0d33d-iips-production-market-data h:m1-	-,NO
713c8213484d6913cd2c1361e0495f37e5ef419b	ies-010-hospitality/calibration/hospitality-calibration-1.0.0.json | iips-platform/src/sector-engines/hospitality/hospitality-calibration-1.0.0.json	h:arena/01a0814b-iips-production-market-data h:arena/01a0853d-iips-production-market-data h:arena/01a0a438-iips-production-market-data h:arena/01a0a4a1-iips-production-market-data h:arena/01a0ae80-iips-production-market-data h:arena/01a0bdb5-iips-production-market-data h:arena/01a0c440-iips-production-market-data h:arena/01a0c86d-iips-production-market-data h:arena/01a0cf86-iips-production-market-data h:arena/01a0d1d3-iips-production-market-data h:arena/01a0d33d-iips-production-market-data h:m1-	-,NO
c88c2fdc38db554b0e1373b55920ee3aad6f4ffe	ies-010-hospitality/expected-outputs/hospitality-expected-outputs-1.0.0.json | iips-platform/src/sector-engines/hospitality/hospitality-expected-outputs-1.0.0.json	h:arena/01a0814b-iips-production-market-data h:arena/01a0853d-iips-production-market-data h:arena/01a0a438-iips-production-market-data h:arena/01a0ae80-iips-production-market-data h:arena/01a0bdb5-iips-production-market-data h:arena/01a0c440-iips-production-market-data h:arena/01a0c86d-iips-production-market-data h:arena/01a0cf86-iips-production-market-data h:arena/01a0d1d3-iips-production-market-data h:arena/01a0d33d-iips-production-market-data h:m1-ad4-repair h:windows/d114-stage5-banking-repl	-,NO
0411e43702d7834279bddb27a5d05ffaec12ec5b	ies-010-hospitality/datasets/hospitality-golden-reference-1.0.0.json | iips-platform/src/sector-engines/hospitality/hospitality-golden-reference-1.0.0.json	h:arena/01a0814b-iips-production-market-data h:arena/01a0853d-iips-production-market-data h:arena/01a0a438-iips-production-market-data h:arena/01a0ae80-iips-production-market-data h:arena/01a0bdb5-iips-production-market-data h:arena/01a0c440-iips-production-market-data h:arena/01a0c86d-iips-production-market-data h:arena/01a0cf86-iips-production-market-data h:arena/01a0d1d3-iips-production-market-data h:arena/01a0d33d-iips-production-market-data h:m1-ad4-repair h:windows/d114-stage5-banking-repl	-,NO
0a26a3e88d167c9089c32fbf61a518bdc9cbc0a6	ies-010-hospitality/fixtures/hospitality-validation-fixtures-1.0.0.json | iips-platform/src/sector-engines/hospitality/hospitality-validation-fixtures-1.0.0.json	h:arena/01a0814b-iips-production-market-data h:arena/01a0853d-iips-production-market-data h:arena/01a0a438-iips-production-market-data h:arena/01a0ae80-iips-production-market-data h:arena/01a0bdb5-iips-production-market-data h:arena/01a0c440-iips-production-market-data h:arena/01a0c86d-iips-production-market-data h:arena/01a0cf86-iips-production-market-data h:arena/01a0d1d3-iips-production-market-data h:arena/01a0d33d-iips-production-market-data h:m1-ad4-repair h:windows/d114-stage5-banking-repl	-,NO
ed439e8018441f7218b3e708788d2cc4e79c3ee5	iips-platform/src/sector-engines/hospitality/index.ts	h:arena/01a0814b-iips-production-market-data h:arena/01a0853d-iips-production-market-data h:arena/01a0a438-iips-production-market-data h:arena/01a0ae80-iips-production-market-data h:arena/01a0bdb5-iips-production-market-data h:arena/01a0c440-iips-production-market-data h:arena/01a0c86d-iips-production-market-data h:arena/01a0cf86-iips-production-market-data h:arena/01a0d1d3-iips-production-market-data h:arena/01a0d33d-iips-production-market-data h:m1-ad4-repair h:windows/d114-stage5-banking-repl	-,NO
85a11e99a607df87ad98a20b86b761e037ed6682	iips-platform/src/sector-engines/hospitality/metrics/HospitalityMetrics.ts	h:arena/01a0814b-iips-production-market-data h:arena/01a0853d-iips-production-market-data h:arena/01a0a438-iips-production-market-data h:arena/01a0a4a1-iips-production-market-data h:arena/01a0ae80-iips-production-market-data h:arena/01a0bdb5-iips-production-market-data h:arena/01a0c440-iips-production-market-data h:arena/01a0c86d-iips-production-market-data h:arena/01a0cf86-iips-production-market-data h:arena/01a0d1d3-iips-production-market-data h:arena/01a0d33d-iips-production-market-data h:m1-	-,NO
6a721e19c32bf734c3cd0de5105b40ef6f7be121	iips-platform/src/sector-engines/hospitality/scoring/HospitalityScoreEngine.ts	h:arena/01a0814b-iips-production-market-data h:arena/01a0853d-iips-production-market-data h:arena/01a0a438-iips-production-market-data h:arena/01a0a4a1-iips-production-market-data h:arena/01a0ae80-iips-production-market-data h:arena/01a0bdb5-iips-production-market-data h:arena/01a0c440-iips-production-market-data h:arena/01a0c86d-iips-production-market-data h:arena/01a0cf86-iips-production-market-data h:arena/01a0d1d3-iips-production-market-data h:arena/01a0d33d-iips-production-market-data h:m1-	-,NO
4692c4af9618cc26432154d8fbe7576cf42ae0ad	iips-platform/src/sector-engines/industrials/IndustrialsEngine.ts	h:arena/01a0814b-iips-production-market-data h:arena/01a0853d-iips-production-market-data h:arena/01a0a438-iips-production-market-data h:arena/01a0a4a1-iips-production-market-data h:arena/01a0ae80-iips-production-market-data h:arena/01a0bdb5-iips-production-market-data h:arena/01a0c440-iips-production-market-data h:arena/01a0c86d-iips-production-market-data h:m1-ad4-repair h:windows/d114-stage5-banking-replay-observation t:p14-r7-65b78f7 t:portfolio-option-a-cb969b6 t:post-cleanup-baseline-b46b4	-,NO
1ebf24393bbb59049d68d70c81ab9b7b844252af	iips-platform/src/sector-engines/industrials/calibration/IndustrialsCalibration.ts	h:arena/01a0814b-iips-production-market-data h:arena/01a0853d-iips-production-market-data h:arena/01a0a438-iips-production-market-data h:arena/01a0a4a1-iips-production-market-data h:arena/01a0ae80-iips-production-market-data h:arena/01a0bdb5-iips-production-market-data h:arena/01a0c440-iips-production-market-data h:arena/01a0c86d-iips-production-market-data h:arena/01a0cf86-iips-production-market-data h:arena/01a0d1d3-iips-production-market-data h:arena/01a0d33d-iips-production-market-data h:m1-	-,NO
b5e654d8c7957b6a1ee8c567af5b583ebf01a131	iips-platform/src/sector-engines/industrials/decision/IndustrialsDecision.ts	h:arena/01a0814b-iips-production-market-data h:arena/01a0853d-iips-production-market-data h:arena/01a0a438-iips-production-market-data h:arena/01a0a4a1-iips-production-market-data h:arena/01a0ae80-iips-production-market-data h:arena/01a0bdb5-iips-production-market-data h:arena/01a0c440-iips-production-market-data h:arena/01a0c86d-iips-production-market-data h:arena/01a0cf86-iips-production-market-data h:arena/01a0d1d3-iips-production-market-data h:arena/01a0d33d-iips-production-market-data h:m1-	-,NO
7972a814a6b41f0861f4415d287bb7ee18145307	iips-platform/src/sector-engines/industrials/evidence/IndustrialsEvidence.ts	h:arena/01a0814b-iips-production-market-data h:arena/01a0853d-iips-production-market-data h:arena/01a0a438-iips-production-market-data h:arena/01a0a4a1-iips-production-market-data h:arena/01a0ae80-iips-production-market-data h:arena/01a0bdb5-iips-production-market-data h:arena/01a0c440-iips-production-market-data h:arena/01a0c86d-iips-production-market-data h:arena/01a0cf86-iips-production-market-data h:arena/01a0d1d3-iips-production-market-data h:arena/01a0d33d-iips-production-market-data h:m1-	-,NO
9188d3caf128195f56e00ddf5bd1d551541bb9e7	iips-platform/src/sector-engines/industrials/index.ts	h:arena/01a0814b-iips-production-market-data h:arena/01a0853d-iips-production-market-data h:arena/01a0a438-iips-production-market-data h:arena/01a0ae80-iips-production-market-data h:arena/01a0bdb5-iips-production-market-data h:arena/01a0c440-iips-production-market-data h:arena/01a0c86d-iips-production-market-data h:arena/01a0cf86-iips-production-market-data h:arena/01a0d1d3-iips-production-market-data h:arena/01a0d33d-iips-production-market-data h:m1-ad4-repair h:windows/d114-stage5-banking-repl	-,NO
a24a7843e0cabb5d650a50f3e8e4fddcf9f05b24	ies-014-industrials/calibration/industrials-calibration-1.0.0.json | iips-platform/src/sector-engines/industrials/industrials-calibration-1.0.0.json	h:arena/01a0814b-iips-production-market-data h:arena/01a0853d-iips-production-market-data h:arena/01a0a438-iips-production-market-data h:arena/01a0a4a1-iips-production-market-data h:arena/01a0ae80-iips-production-market-data h:arena/01a0bdb5-iips-production-market-data h:arena/01a0c440-iips-production-market-data h:arena/01a0c86d-iips-production-market-data h:arena/01a0cf86-iips-production-market-data h:arena/01a0d1d3-iips-production-market-data h:arena/01a0d33d-iips-production-market-data h:m1-	-,NO
d85ae658db50c20bea97774582f90103c3790192	ies-014-industrials/expected-outputs/industrials-expected-outputs-1.0.0.json | iips-platform/src/sector-engines/industrials/industrials-expected-outputs-1.0.0.json	h:arena/01a0814b-iips-production-market-data h:arena/01a0853d-iips-production-market-data h:arena/01a0a438-iips-production-market-data h:arena/01a0ae80-iips-production-market-data h:arena/01a0bdb5-iips-production-market-data h:arena/01a0c440-iips-production-market-data h:arena/01a0c86d-iips-production-market-data h:arena/01a0cf86-iips-production-market-data h:arena/01a0d1d3-iips-production-market-data h:arena/01a0d33d-iips-production-market-data h:m1-ad4-repair h:windows/d114-stage5-banking-repl	-,NO
38dc4de65d1e5ec4f589f7428c2d3c23c00d3ba3	ies-014-industrials/datasets/industrials-golden-reference-1.0.0.json | iips-platform/src/sector-engines/industrials/industrials-golden-reference-1.0.0.json	h:arena/01a0814b-iips-production-market-data h:arena/01a0853d-iips-production-market-data h:arena/01a0a438-iips-production-market-data h:arena/01a0ae80-iips-production-market-data h:arena/01a0bdb5-iips-production-market-data h:arena/01a0c440-iips-production-market-data h:arena/01a0c86d-iips-production-market-data h:arena/01a0cf86-iips-production-market-data h:arena/01a0d1d3-iips-production-market-data h:arena/01a0d33d-iips-production-market-data h:m1-ad4-repair h:windows/d114-stage5-banking-repl	-,NO
20c553ce730c9a1b056af6cfc1aa6a5c24000792	ies-014-industrials/fixtures/industrials-validation-fixtures-1.0.0.json | iips-platform/src/sector-engines/industrials/industrials-validation-fixtures-1.0.0.json	h:arena/01a0814b-iips-production-market-data h:arena/01a0853d-iips-production-market-data h:arena/01a0a438-iips-production-market-data h:arena/01a0ae80-iips-production-market-data h:arena/01a0bdb5-iips-production-market-data h:arena/01a0c440-iips-production-market-data h:arena/01a0c86d-iips-production-market-data h:arena/01a0cf86-iips-production-market-data h:arena/01a0d1d3-iips-production-market-data h:arena/01a0d33d-iips-production-market-data h:m1-ad4-repair h:windows/d114-stage5-banking-repl	-,NO
3702f6c97a3eadb255f3859f3eb885d6ede7ea73	iips-platform/src/sector-engines/industrials/metrics/IndustrialsMetrics.ts	h:arena/01a0814b-iips-production-market-data h:arena/01a0853d-iips-production-market-data h:arena/01a0a438-iips-production-market-data h:arena/01a0a4a1-iips-production-market-data h:arena/01a0ae80-iips-production-market-data h:arena/01a0bdb5-iips-production-market-data h:arena/01a0c440-iips-production-market-data h:arena/01a0c86d-iips-production-market-data h:arena/01a0cf86-iips-production-market-data h:arena/01a0d1d3-iips-production-market-data h:arena/01a0d33d-iips-production-market-data h:m1-	-,NO
d6c064ec8bbdd3f9b0b45e3e502b8e3a089db35b	iips-platform/src/sector-engines/industrials/scoring/IndustrialsScoreEngine.ts	h:arena/01a0814b-iips-production-market-data h:arena/01a0853d-iips-production-market-data h:arena/01a0a438-iips-production-market-data h:arena/01a0a4a1-iips-production-market-data h:arena/01a0ae80-iips-production-market-data h:arena/01a0bdb5-iips-production-market-data h:arena/01a0c440-iips-production-market-data h:arena/01a0c86d-iips-production-market-data h:arena/01a0cf86-iips-production-market-data h:arena/01a0d1d3-iips-production-market-data h:arena/01a0d33d-iips-production-market-data h:m1-	-,NO
1e42a23e8aea092ac3691f22ec9a10a61ae8a92c	iips-platform/src/sector-engines/insurance/InsuranceEngine.ts	h:arena/01a0814b-iips-production-market-data h:arena/01a0853d-iips-production-market-data h:arena/01a0a438-iips-production-market-data h:arena/01a0a4a1-iips-production-market-data h:arena/01a0ae80-iips-production-market-data h:arena/01a0bdb5-iips-production-market-data h:arena/01a0c440-iips-production-market-data h:arena/01a0c86d-iips-production-market-data h:m1-ad4-repair h:windows/d114-stage5-banking-replay-observation t:p14-r7-65b78f7 t:portfolio-option-a-cb969b6 t:post-cleanup-baseline-b46b4	-,NO
98d9357451ad4aa77c17796c4a81aac4645d2a92	iips-platform/src/sector-engines/insurance/calibration/InsuranceCalibration.ts	h:arena/01a0814b-iips-production-market-data h:arena/01a0853d-iips-production-market-data h:arena/01a0a438-iips-production-market-data h:arena/01a0a4a1-iips-production-market-data h:arena/01a0ae80-iips-production-market-data h:arena/01a0bdb5-iips-production-market-data h:arena/01a0c440-iips-production-market-data h:arena/01a0c86d-iips-production-market-data h:arena/01a0cf86-iips-production-market-data h:arena/01a0d1d3-iips-production-market-data h:arena/01a0d33d-iips-production-market-data h:m1-	-,NO
a43b96377230613ad1cacd6e8c2072915c8d1fbd	iips-platform/src/sector-engines/insurance/decision/InsuranceDecision.ts	h:arena/01a0814b-iips-production-market-data h:arena/01a0853d-iips-production-market-data h:arena/01a0a438-iips-production-market-data h:arena/01a0a4a1-iips-production-market-data h:arena/01a0ae80-iips-production-market-data h:arena/01a0bdb5-iips-production-market-data h:arena/01a0c440-iips-production-market-data h:arena/01a0c86d-iips-production-market-data h:arena/01a0cf86-iips-production-market-data h:arena/01a0d1d3-iips-production-market-data h:arena/01a0d33d-iips-production-market-data h:m1-	-,NO
afea9b309877c9aea32bc678240257808db50281	iips-platform/src/sector-engines/insurance/evidence/InsuranceEvidence.ts	h:arena/01a0814b-iips-production-market-data h:arena/01a0853d-iips-production-market-data h:arena/01a0a438-iips-production-market-data h:arena/01a0a4a1-iips-production-market-data h:arena/01a0ae80-iips-production-market-data h:arena/01a0bdb5-iips-production-market-data h:arena/01a0c440-iips-production-market-data h:arena/01a0c86d-iips-production-market-data h:arena/01a0cf86-iips-production-market-data h:arena/01a0d1d3-iips-production-market-data h:arena/01a0d33d-iips-production-market-data h:m1-	-,NO
a95f0da533127076e7c387d250789a988215b275	iips-platform/src/sector-engines/insurance/index.ts	h:arena/01a0814b-iips-production-market-data h:arena/01a0853d-iips-production-market-data h:arena/01a0a438-iips-production-market-data h:arena/01a0ae80-iips-production-market-data h:arena/01a0bdb5-iips-production-market-data h:arena/01a0c440-iips-production-market-data h:arena/01a0c86d-iips-production-market-data h:arena/01a0cf86-iips-production-market-data h:arena/01a0d1d3-iips-production-market-data h:arena/01a0d33d-iips-production-market-data h:m1-ad4-repair h:windows/d114-stage5-banking-repl	-,NO
bca5fadda52ba3ca298083256a905014c3a36946	iips-platform/src/sector-engines/insurance/insurance-calibration-1.0.0.json	h:arena/01a0814b-iips-production-market-data h:arena/01a0853d-iips-production-market-data h:arena/01a0a438-iips-production-market-data h:arena/01a0a4a1-iips-production-market-data h:arena/01a0ae80-iips-production-market-data h:arena/01a0bdb5-iips-production-market-data h:arena/01a0c440-iips-production-market-data h:arena/01a0c86d-iips-production-market-data h:arena/01a0cf86-iips-production-market-data h:arena/01a0d1d3-iips-production-market-data h:arena/01a0d33d-iips-production-market-data h:m1-	-,NO
4d3fcd96df6151fca99707773d26ba22babe6a7c	iips-platform/src/sector-engines/insurance/insurance-expected-outputs-1.0.0.json	h:arena/01a0814b-iips-production-market-data h:arena/01a0853d-iips-production-market-data h:arena/01a0a438-iips-production-market-data h:arena/01a0ae80-iips-production-market-data h:arena/01a0bdb5-iips-production-market-data h:arena/01a0c440-iips-production-market-data h:arena/01a0c86d-iips-production-market-data h:arena/01a0cf86-iips-production-market-data h:arena/01a0d1d3-iips-production-market-data h:arena/01a0d33d-iips-production-market-data h:m1-ad4-repair h:windows/d114-stage5-banking-repl	-,NO
51933d86c38a82321cecfa5b9d5f4f750aea7ba4	iips-platform/src/sector-engines/insurance/insurance-golden-reference-1.0.0.json	h:arena/01a0814b-iips-production-market-data h:arena/01a0853d-iips-production-market-data h:arena/01a0a438-iips-production-market-data h:arena/01a0ae80-iips-production-market-data h:arena/01a0bdb5-iips-production-market-data h:arena/01a0c440-iips-production-market-data h:arena/01a0c86d-iips-production-market-data h:arena/01a0cf86-iips-production-market-data h:arena/01a0d1d3-iips-production-market-data h:arena/01a0d33d-iips-production-market-data h:m1-ad4-repair h:windows/d114-stage5-banking-repl	-,NO
7a0744a1135f515ecedfae9b730c1fb13fb50ef9	iips-platform/src/sector-engines/insurance/insurance-validation-fixtures-1.0.0.json	h:arena/01a0814b-iips-production-market-data h:arena/01a0853d-iips-production-market-data h:arena/01a0a438-iips-production-market-data h:arena/01a0ae80-iips-production-market-data h:arena/01a0bdb5-iips-production-market-data h:arena/01a0c440-iips-production-market-data h:arena/01a0c86d-iips-production-market-data h:arena/01a0cf86-iips-production-market-data h:arena/01a0d1d3-iips-production-market-data h:arena/01a0d33d-iips-production-market-data h:m1-ad4-repair h:windows/d114-stage5-banking-repl	-,NO
624cab7c58f4563939ca2a65b7591206c62380d1	iips-platform/src/sector-engines/insurance/metrics/InsuranceMetrics.ts	h:arena/01a0814b-iips-production-market-data h:arena/01a0853d-iips-production-market-data h:arena/01a0a438-iips-production-market-data h:arena/01a0a4a1-iips-production-market-data h:arena/01a0ae80-iips-production-market-data h:arena/01a0bdb5-iips-production-market-data h:arena/01a0c440-iips-production-market-data h:arena/01a0c86d-iips-production-market-data h:arena/01a0cf86-iips-production-market-data h:arena/01a0d1d3-iips-production-market-data h:arena/01a0d33d-iips-production-market-data h:m1-	-,NO
89ef338336244939a820400aa7f1fa4b881412cc	iips-platform/src/sector-engines/insurance/scoring/InsuranceScoreEngine.ts	h:arena/01a0814b-iips-production-market-data h:arena/01a0853d-iips-production-market-data h:arena/01a0a438-iips-production-market-data h:arena/01a0a4a1-iips-production-market-data h:arena/01a0ae80-iips-production-market-data h:arena/01a0bdb5-iips-production-market-data h:arena/01a0c440-iips-production-market-data h:arena/01a0c86d-iips-production-market-data h:arena/01a0cf86-iips-production-market-data h:arena/01a0d1d3-iips-production-market-data h:arena/01a0d33d-iips-production-market-data h:m1-	-,NO
815ff0c374e203b6525aa08480b5091278e7a3d2	iips-platform/src/sector-engines/materials-metals/MaterialsMetalsEngine.ts	h:arena/01a0814b-iips-production-market-data h:arena/01a0853d-iips-production-market-data h:arena/01a0a438-iips-production-market-data h:arena/01a0a4a1-iips-production-market-data h:arena/01a0ae80-iips-production-market-data h:arena/01a0bdb5-iips-production-market-data h:arena/01a0c440-iips-production-market-data h:arena/01a0c86d-iips-production-market-data h:m1-ad4-repair h:windows/d114-stage5-banking-replay-observation t:p14-r7-65b78f7 t:portfolio-option-a-cb969b6 t:post-cleanup-baseline-b46b4	-,NO
dfcdd2d055e1ebd1a9a0898e5bae4a081a743820	iips-platform/src/sector-engines/materials-metals/calibration/MaterialsMetalsCalibration.ts	h:arena/01a0814b-iips-production-market-data h:arena/01a0853d-iips-production-market-data h:arena/01a0a438-iips-production-market-data h:arena/01a0a4a1-iips-production-market-data h:arena/01a0ae80-iips-production-market-data h:arena/01a0bdb5-iips-production-market-data h:arena/01a0c440-iips-production-market-data h:arena/01a0c86d-iips-production-market-data h:arena/01a0cf86-iips-production-market-data h:arena/01a0d1d3-iips-production-market-data h:arena/01a0d33d-iips-production-market-data h:m1-	-,NO
442977a71ad680ce7c1b9a40e6381a03738cf145	iips-platform/src/sector-engines/materials-metals/decision/MaterialsMetalsDecision.ts	h:arena/01a0814b-iips-production-market-data h:arena/01a0853d-iips-production-market-data h:arena/01a0a438-iips-production-market-data h:arena/01a0a4a1-iips-production-market-data h:arena/01a0ae80-iips-production-market-data h:arena/01a0bdb5-iips-production-market-data h:arena/01a0c440-iips-production-market-data h:arena/01a0c86d-iips-production-market-data h:arena/01a0cf86-iips-production-market-data h:arena/01a0d1d3-iips-production-market-data h:arena/01a0d33d-iips-production-market-data h:m1-	-,NO
9f5a6cc209872b590afdd4da505cdc2606ceaa57	iips-platform/src/sector-engines/materials-metals/evidence/MaterialsMetalsEvidence.ts	h:arena/01a0814b-iips-production-market-data h:arena/01a0853d-iips-production-market-data h:arena/01a0a438-iips-production-market-data h:arena/01a0a4a1-iips-production-market-data h:arena/01a0ae80-iips-production-market-data h:arena/01a0bdb5-iips-production-market-data h:arena/01a0c440-iips-production-market-data h:arena/01a0c86d-iips-production-market-data h:arena/01a0cf86-iips-production-market-data h:arena/01a0d1d3-iips-production-market-data h:arena/01a0d33d-iips-production-market-data h:m1-	-,NO
8be2a285d9e7d07fa952fe1b5dd395031d2dc85f	iips-platform/src/sector-engines/materials-metals/index.ts	h:arena/01a0814b-iips-production-market-data h:arena/01a0853d-iips-production-market-data h:arena/01a0a438-iips-production-market-data h:arena/01a0ae80-iips-production-market-data h:arena/01a0bdb5-iips-production-market-data h:arena/01a0c440-iips-production-market-data h:arena/01a0c86d-iips-production-market-data h:arena/01a0cf86-iips-production-market-data h:arena/01a0d1d3-iips-production-market-data h:arena/01a0d33d-iips-production-market-data h:m1-ad4-repair h:windows/d114-stage5-banking-repl	-,NO
ceea1d5fe7c9e4c56f76f6d34efcbbfef311cccf	ies-020-materials-metals/calibration/materials-metals-calibration-1.0.0.json | iips-platform/src/sector-engines/materials-metals/materials-metals-calibration-1.0.0.json	h:arena/01a0814b-iips-production-market-data h:arena/01a0853d-iips-production-market-data h:arena/01a0a438-iips-production-market-data h:arena/01a0a4a1-iips-production-market-data h:arena/01a0ae80-iips-production-market-data h:arena/01a0bdb5-iips-production-market-data h:arena/01a0c440-iips-production-market-data h:arena/01a0c86d-iips-production-market-data h:arena/01a0cf86-iips-production-market-data h:arena/01a0d1d3-iips-production-market-data h:arena/01a0d33d-iips-production-market-data h:m1-	-,NO
3e67cb6f01fdc7a2459d6f4376e54cfa4b89cf2e	ies-020-materials-metals/expected-outputs/materials-metals-expected-outputs-1.0.0.json | iips-platform/src/sector-engines/materials-metals/materials-metals-expected-outputs-1.0.0.json	h:arena/01a0814b-iips-production-market-data h:arena/01a0853d-iips-production-market-data h:arena/01a0a438-iips-production-market-data h:arena/01a0ae80-iips-production-market-data h:arena/01a0bdb5-iips-production-market-data h:arena/01a0c440-iips-production-market-data h:arena/01a0c86d-iips-production-market-data h:arena/01a0cf86-iips-production-market-data h:arena/01a0d1d3-iips-production-market-data h:arena/01a0d33d-iips-production-market-data h:m1-ad4-repair h:windows/d114-stage5-banking-repl	-,NO
1b601093cb09d607a7725bfed6b7cc4689c3f1e0	ies-020-materials-metals/fixtures/materials-metals-golden-reference-1.0.0.json | iips-platform/src/sector-engines/materials-metals/materials-metals-golden-reference-1.0.0.json	h:arena/01a0814b-iips-production-market-data h:arena/01a0853d-iips-production-market-data h:arena/01a0a438-iips-production-market-data h:arena/01a0ae80-iips-production-market-data h:arena/01a0bdb5-iips-production-market-data h:arena/01a0c440-iips-production-market-data h:arena/01a0c86d-iips-production-market-data h:arena/01a0cf86-iips-production-market-data h:arena/01a0d1d3-iips-production-market-data h:arena/01a0d33d-iips-production-market-data h:m1-ad4-repair h:windows/d114-stage5-banking-repl	-,NO
000412669a40a7b36e6bdd85bcbb9196dd5ab2e4	ies-020-materials-metals/fixtures/materials-metals-validation-fixtures-1.0.0.json | iips-platform/src/sector-engines/materials-metals/materials-metals-validation-fixtures-1.0.0.json	h:arena/01a0814b-iips-production-market-data h:arena/01a0853d-iips-production-market-data h:arena/01a0a438-iips-production-market-data h:arena/01a0ae80-iips-production-market-data h:arena/01a0bdb5-iips-production-market-data h:arena/01a0c440-iips-production-market-data h:arena/01a0c86d-iips-production-market-data h:arena/01a0cf86-iips-production-market-data h:arena/01a0d1d3-iips-production-market-data h:arena/01a0d33d-iips-production-market-data h:m1-ad4-repair h:windows/d114-stage5-banking-repl	-,NO
f33aa32bb4f52b991825594782c5e7c96d5cb29b	iips-platform/src/sector-engines/materials-metals/metrics/MaterialsMetalsMetrics.ts	h:arena/01a0814b-iips-production-market-data h:arena/01a0853d-iips-production-market-data h:arena/01a0a438-iips-production-market-data h:arena/01a0a4a1-iips-production-market-data h:arena/01a0ae80-iips-production-market-data h:arena/01a0bdb5-iips-production-market-data h:arena/01a0c440-iips-production-market-data h:arena/01a0c86d-iips-production-market-data h:arena/01a0cf86-iips-production-market-data h:arena/01a0d1d3-iips-production-market-data h:arena/01a0d33d-iips-production-market-data h:m1-	-,NO
5107e05624d5ee033b595170bb06650b7c896541	iips-platform/src/sector-engines/materials-metals/scoring/MaterialsMetalsScoreEngine.ts	h:arena/01a0814b-iips-production-market-data h:arena/01a0853d-iips-production-market-data h:arena/01a0a438-iips-production-market-data h:arena/01a0a4a1-iips-production-market-data h:arena/01a0ae80-iips-production-market-data h:arena/01a0bdb5-iips-production-market-data h:arena/01a0c440-iips-production-market-data h:arena/01a0c86d-iips-production-market-data h:arena/01a0cf86-iips-production-market-data h:arena/01a0d1d3-iips-production-market-data h:arena/01a0d33d-iips-production-market-data h:m1-	-,NO
f00ef6225150bde45eb2335f1e5bee6552c1a5a4	iips-platform/src/sector-engines/technology/TechnologyEngine.ts	h:arena/01a0814b-iips-production-market-data h:arena/01a0853d-iips-production-market-data h:arena/01a0a438-iips-production-market-data h:arena/01a0a4a1-iips-production-market-data h:arena/01a0ae80-iips-production-market-data h:arena/01a0bdb5-iips-production-market-data h:arena/01a0c440-iips-production-market-data h:arena/01a0c86d-iips-production-market-data h:m1-ad4-repair h:windows/d114-stage5-banking-replay-observation t:p14-r7-65b78f7 t:portfolio-option-a-cb969b6 t:post-cleanup-baseline-b46b4	-,NO
8e9c90451d9c81b029203fffc146f43c8696bfbf	iips-platform/src/sector-engines/technology/calibration/TechnologyCalibration.ts	h:arena/01a0814b-iips-production-market-data h:arena/01a0853d-iips-production-market-data h:arena/01a0a438-iips-production-market-data h:arena/01a0a4a1-iips-production-market-data h:arena/01a0ae80-iips-production-market-data h:arena/01a0bdb5-iips-production-market-data h:arena/01a0c440-iips-production-market-data h:arena/01a0c86d-iips-production-market-data h:arena/01a0cf86-iips-production-market-data h:arena/01a0d1d3-iips-production-market-data h:arena/01a0d33d-iips-production-market-data h:m1-	-,NO
b07a5629903f22a99068e8e5189da2f447f2e0ea	iips-platform/src/sector-engines/technology/decision/TechnologyDecision.ts	h:arena/01a0814b-iips-production-market-data h:arena/01a0853d-iips-production-market-data h:arena/01a0a438-iips-production-market-data h:arena/01a0a4a1-iips-production-market-data h:arena/01a0ae80-iips-production-market-data h:arena/01a0bdb5-iips-production-market-data h:arena/01a0c440-iips-production-market-data h:arena/01a0c86d-iips-production-market-data h:arena/01a0cf86-iips-production-market-data h:arena/01a0d1d3-iips-production-market-data h:arena/01a0d33d-iips-production-market-data h:m1-	-,NO
fea05b55d41bd19d611eae2cfe5e49352c30a0eb	iips-platform/src/sector-engines/technology/evidence/TechnologyEvidence.ts	h:arena/01a0814b-iips-production-market-data h:arena/01a0853d-iips-production-market-data h:arena/01a0a438-iips-production-market-data h:arena/01a0a4a1-iips-production-market-data h:arena/01a0ae80-iips-production-market-data h:arena/01a0bdb5-iips-production-market-data h:arena/01a0c440-iips-production-market-data h:arena/01a0c86d-iips-production-market-data h:arena/01a0cf86-iips-production-market-data h:arena/01a0d1d3-iips-production-market-data h:arena/01a0d33d-iips-production-market-data h:m1-	-,NO
7424b3e5a62ee5e42280e8a2461845837f6cf39b	iips-platform/src/sector-engines/technology/index.ts	h:arena/01a0814b-iips-production-market-data h:arena/01a0853d-iips-production-market-data h:arena/01a0a438-iips-production-market-data h:arena/01a0ae80-iips-production-market-data h:arena/01a0bdb5-iips-production-market-data h:arena/01a0c440-iips-production-market-data h:arena/01a0c86d-iips-production-market-data h:arena/01a0cf86-iips-production-market-data h:arena/01a0d1d3-iips-production-market-data h:arena/01a0d33d-iips-production-market-data h:m1-ad4-repair h:windows/d114-stage5-banking-repl	-,NO
2c6f83dc460c4dfb951076034ce6ff2bfb2c8126	iips-platform/src/sector-engines/technology/metrics/TechnologyMetrics.ts	h:arena/01a0814b-iips-production-market-data h:arena/01a0853d-iips-production-market-data h:arena/01a0a438-iips-production-market-data h:arena/01a0a4a1-iips-production-market-data h:arena/01a0ae80-iips-production-market-data h:arena/01a0bdb5-iips-production-market-data h:arena/01a0c440-iips-production-market-data h:arena/01a0c86d-iips-production-market-data h:arena/01a0cf86-iips-production-market-data h:arena/01a0d1d3-iips-production-market-data h:arena/01a0d33d-iips-production-market-data h:m1-	-,NO
9f3dc1ee758b50bb6db1280d8ca53467319b6f18	iips-platform/src/sector-engines/technology/scoring/TechnologyScoreEngine.ts	h:arena/01a0814b-iips-production-market-data h:arena/01a0853d-iips-production-market-data h:arena/01a0a438-iips-production-market-data h:arena/01a0a4a1-iips-production-market-data h:arena/01a0ae80-iips-production-market-data h:arena/01a0bdb5-iips-production-market-data h:arena/01a0c440-iips-production-market-data h:arena/01a0c86d-iips-production-market-data h:arena/01a0cf86-iips-production-market-data h:arena/01a0d1d3-iips-production-market-data h:arena/01a0d33d-iips-production-market-data h:m1-	-,NO
34a99eb0873344fa674504f93fe8615f9322994e	ies-015-technology/calibration/technology-calibration-1.0.0.json | iips-platform/src/sector-engines/technology/technology-calibration-1.0.0.json	h:arena/01a0814b-iips-production-market-data h:arena/01a0853d-iips-production-market-data h:arena/01a0a438-iips-production-market-data h:arena/01a0a4a1-iips-production-market-data h:arena/01a0ae80-iips-production-market-data h:arena/01a0bdb5-iips-production-market-data h:arena/01a0c440-iips-production-market-data h:arena/01a0c86d-iips-production-market-data h:arena/01a0cf86-iips-production-market-data h:arena/01a0d1d3-iips-production-market-data h:arena/01a0d33d-iips-production-market-data h:m1-	-,NO
fd5246744306ce054f10460442359892bb84a5dc	ies-015-technology/expected-outputs/technology-expected-outputs-1.0.0.json | iips-platform/src/sector-engines/technology/technology-expected-outputs-1.0.0.json	h:arena/01a0814b-iips-production-market-data h:arena/01a0853d-iips-production-market-data h:arena/01a0a438-iips-production-market-data h:arena/01a0ae80-iips-production-market-data h:arena/01a0bdb5-iips-production-market-data h:arena/01a0c440-iips-production-market-data h:arena/01a0c86d-iips-production-market-data h:arena/01a0cf86-iips-production-market-data h:arena/01a0d1d3-iips-production-market-data h:arena/01a0d33d-iips-production-market-data h:m1-ad4-repair h:windows/d114-stage5-banking-repl	-,NO
dcd848f7e0912a33320a2ea061669fc64bbfc75d	ies-015-technology/datasets/technology-golden-reference-1.0.0.json | iips-platform/src/sector-engines/technology/technology-golden-reference-1.0.0.json	h:arena/01a0814b-iips-production-market-data h:arena/01a0853d-iips-production-market-data h:arena/01a0a438-iips-production-market-data h:arena/01a0ae80-iips-production-market-data h:arena/01a0bdb5-iips-production-market-data h:arena/01a0c440-iips-production-market-data h:arena/01a0c86d-iips-production-market-data h:arena/01a0cf86-iips-production-market-data h:arena/01a0d1d3-iips-production-market-data h:arena/01a0d33d-iips-production-market-data h:m1-ad4-repair h:windows/d114-stage5-banking-repl	-,NO
2bf6a51c8b386f80f1d4da5a831b5b8dc9e13812	ies-015-technology/fixtures/technology-validation-fixtures-1.0.0.json | iips-platform/src/sector-engines/technology/technology-validation-fixtures-1.0.0.json	h:arena/01a0814b-iips-production-market-data h:arena/01a0853d-iips-production-market-data h:arena/01a0a438-iips-production-market-data h:arena/01a0ae80-iips-production-market-data h:arena/01a0bdb5-iips-production-market-data h:arena/01a0c440-iips-production-market-data h:arena/01a0c86d-iips-production-market-data h:arena/01a0cf86-iips-production-market-data h:arena/01a0d1d3-iips-production-market-data h:arena/01a0d33d-iips-production-market-data h:m1-ad4-repair h:windows/d114-stage5-banking-repl	-,NO
64da1b13683d6ca42b134077dd72c3777d0d3f07	iips-platform/src/sector-engines/telecommunications/TelecommunicationsEngine.ts	h:arena/01a0814b-iips-production-market-data h:arena/01a0853d-iips-production-market-data h:arena/01a0a438-iips-production-market-data h:arena/01a0a4a1-iips-production-market-data h:arena/01a0ae80-iips-production-market-data h:arena/01a0bdb5-iips-production-market-data h:arena/01a0c440-iips-production-market-data h:arena/01a0c86d-iips-production-market-data h:m1-ad4-repair h:windows/d114-stage5-banking-replay-observation t:p14-r7-65b78f7 t:portfolio-option-a-cb969b6 t:post-cleanup-baseline-b46b4	-,NO
8f431ec0d66e617b2d778dfc2f8818b3269eb6aa	iips-platform/src/sector-engines/telecommunications/calibration/TelecommunicationsCalibration.ts	h:arena/01a0814b-iips-production-market-data h:arena/01a0853d-iips-production-market-data h:arena/01a0a438-iips-production-market-data h:arena/01a0a4a1-iips-production-market-data h:arena/01a0ae80-iips-production-market-data h:arena/01a0bdb5-iips-production-market-data h:arena/01a0c440-iips-production-market-data h:arena/01a0c86d-iips-production-market-data h:arena/01a0cf86-iips-production-market-data h:arena/01a0d1d3-iips-production-market-data h:arena/01a0d33d-iips-production-market-data h:m1-	-,NO
b9b5a5f629ec39f3951db1b4c30f5a9e46728791	iips-platform/src/sector-engines/telecommunications/decision/TelecommunicationsDecision.ts	h:arena/01a0814b-iips-production-market-data h:arena/01a0853d-iips-production-market-data h:arena/01a0a438-iips-production-market-data h:arena/01a0a4a1-iips-production-market-data h:arena/01a0ae80-iips-production-market-data h:arena/01a0bdb5-iips-production-market-data h:arena/01a0c440-iips-production-market-data h:arena/01a0c86d-iips-production-market-data h:arena/01a0cf86-iips-production-market-data h:arena/01a0d1d3-iips-production-market-data h:arena/01a0d33d-iips-production-market-data h:m1-	-,NO
0c61ac6ed6ece04002f97fbacb9725e3a3f49e96	iips-platform/src/sector-engines/telecommunications/evidence/TelecommunicationsEvidence.ts	h:arena/01a0814b-iips-production-market-data h:arena/01a0853d-iips-production-market-data h:arena/01a0a438-iips-production-market-data h:arena/01a0a4a1-iips-production-market-data h:arena/01a0ae80-iips-production-market-data h:arena/01a0bdb5-iips-production-market-data h:arena/01a0c440-iips-production-market-data h:arena/01a0c86d-iips-production-market-data h:arena/01a0cf86-iips-production-market-data h:arena/01a0d1d3-iips-production-market-data h:arena/01a0d33d-iips-production-market-data h:m1-	-,NO
7b106a43e6b6502246a2bc14ce6e83608fa8f292	iips-platform/src/sector-engines/telecommunications/index.ts	h:arena/01a0814b-iips-production-market-data h:arena/01a0853d-iips-production-market-data h:arena/01a0a438-iips-production-market-data h:arena/01a0ae80-iips-production-market-data h:arena/01a0bdb5-iips-production-market-data h:arena/01a0c440-iips-production-market-data h:arena/01a0c86d-iips-production-market-data h:arena/01a0cf86-iips-production-market-data h:arena/01a0d1d3-iips-production-market-data h:arena/01a0d33d-iips-production-market-data h:m1-ad4-repair h:windows/d114-stage5-banking-repl	-,NO
89a070592cf5e3d7c4d48b4929642de5c2a7c998	iips-platform/src/sector-engines/telecommunications/metrics/TelecommunicationsMetrics.ts	h:arena/01a0814b-iips-production-market-data h:arena/01a0853d-iips-production-market-data h:arena/01a0a438-iips-production-market-data h:arena/01a0a4a1-iips-production-market-data h:arena/01a0ae80-iips-production-market-data h:arena/01a0bdb5-iips-production-market-data h:arena/01a0c440-iips-production-market-data h:arena/01a0c86d-iips-production-market-data h:arena/01a0cf86-iips-production-market-data h:arena/01a0d1d3-iips-production-market-data h:arena/01a0d33d-iips-production-market-data h:m1-	-,NO
b3b2d5b1531149d682497a5ea5a5203e6621cfba	iips-platform/src/sector-engines/telecommunications/scoring/TelecommunicationsScoreEngine.ts	h:arena/01a0814b-iips-production-market-data h:arena/01a0853d-iips-production-market-data h:arena/01a0a438-iips-production-market-data h:arena/01a0a4a1-iips-production-market-data h:arena/01a0ae80-iips-production-market-data h:arena/01a0bdb5-iips-production-market-data h:arena/01a0c440-iips-production-market-data h:arena/01a0c86d-iips-production-market-data h:arena/01a0cf86-iips-production-market-data h:arena/01a0d1d3-iips-production-market-data h:arena/01a0d33d-iips-production-market-data h:m1-	-,NO
178160fcbe0a30975c6796ac22c73a9bd03ab91a	ies-016-telecommunications/calibration/telecommunications-calibration-1.0.0.json | iips-platform/src/sector-engines/telecommunications/telecommunications-calibration-1.0.0.json	h:arena/01a0814b-iips-production-market-data h:arena/01a0853d-iips-production-market-data h:arena/01a0a438-iips-production-market-data h:arena/01a0a4a1-iips-production-market-data h:arena/01a0ae80-iips-production-market-data h:arena/01a0bdb5-iips-production-market-data h:arena/01a0c440-iips-production-market-data h:arena/01a0c86d-iips-production-market-data h:arena/01a0cf86-iips-production-market-data h:arena/01a0d1d3-iips-production-market-data h:arena/01a0d33d-iips-production-market-data h:m1-	-,NO
0d45ffc44df6d61a6f95dac15a12cb6f88be3155	ies-016-telecommunications/expected-outputs/telecommunications-expected-outputs-1.0.0.json | iips-platform/src/sector-engines/telecommunications/telecommunications-expected-outputs-1.0.0.json	h:arena/01a0814b-iips-production-market-data h:arena/01a0853d-iips-production-market-data h:arena/01a0a438-iips-production-market-data h:arena/01a0ae80-iips-production-market-data h:arena/01a0bdb5-iips-production-market-data h:arena/01a0c440-iips-production-market-data h:arena/01a0c86d-iips-production-market-data h:arena/01a0cf86-iips-production-market-data h:arena/01a0d1d3-iips-production-market-data h:arena/01a0d33d-iips-production-market-data h:m1-ad4-repair h:windows/d114-stage5-banking-repl	-,NO
f0dfc647b8e0220d04a241902a82899e3a667393	ies-016-telecommunications/fixtures/telecommunications-golden-reference-1.0.0.json | iips-platform/src/sector-engines/telecommunications/telecommunications-golden-reference-1.0.0.json	h:arena/01a0814b-iips-production-market-data h:arena/01a0853d-iips-production-market-data h:arena/01a0a438-iips-production-market-data h:arena/01a0ae80-iips-production-market-data h:arena/01a0bdb5-iips-production-market-data h:arena/01a0c440-iips-production-market-data h:arena/01a0c86d-iips-production-market-data h:arena/01a0cf86-iips-production-market-data h:arena/01a0d1d3-iips-production-market-data h:arena/01a0d33d-iips-production-market-data h:m1-ad4-repair h:windows/d114-stage5-banking-repl	-,NO
25accdd952a6f774968e51b3a18eb6f4aa1dbf05	ies-016-telecommunications/fixtures/telecommunications-validation-fixtures-1.0.0.json | iips-platform/src/sector-engines/telecommunications/telecommunications-validation-fixtures-1.0.0.json	h:arena/01a0814b-iips-production-market-data h:arena/01a0853d-iips-production-market-data h:arena/01a0a438-iips-production-market-data h:arena/01a0ae80-iips-production-market-data h:arena/01a0bdb5-iips-production-market-data h:arena/01a0c440-iips-production-market-data h:arena/01a0c86d-iips-production-market-data h:arena/01a0cf86-iips-production-market-data h:arena/01a0d1d3-iips-production-market-data h:arena/01a0d33d-iips-production-market-data h:m1-ad4-repair h:windows/d114-stage5-banking-repl	-,NO
ec1220e06927d72fdf782ef27ae64dd856f047f7	iips-platform/src/sector-engines/utilities/UtilitiesEngine.ts	h:arena/01a0814b-iips-production-market-data h:arena/01a0853d-iips-production-market-data h:arena/01a0a438-iips-production-market-data h:arena/01a0a4a1-iips-production-market-data h:arena/01a0ae80-iips-production-market-data h:arena/01a0bdb5-iips-production-market-data h:arena/01a0c440-iips-production-market-data h:arena/01a0c86d-iips-production-market-data h:m1-ad4-repair h:windows/d114-stage5-banking-replay-observation t:p14-r7-65b78f7 t:portfolio-option-a-cb969b6 t:post-cleanup-baseline-b46b4	-,NO
2d07e081c103929708618fcd9d2100a0ecb9fa53	iips-platform/src/sector-engines/utilities/calibration/UtilitiesCalibration.ts	h:arena/01a0814b-iips-production-market-data h:arena/01a0853d-iips-production-market-data h:arena/01a0a438-iips-production-market-data h:arena/01a0a4a1-iips-production-market-data h:arena/01a0ae80-iips-production-market-data h:arena/01a0bdb5-iips-production-market-data h:arena/01a0c440-iips-production-market-data h:arena/01a0c86d-iips-production-market-data h:arena/01a0cf86-iips-production-market-data h:arena/01a0d1d3-iips-production-market-data h:arena/01a0d33d-iips-production-market-data h:m1-	-,NO
93ab7cb8c6a2ad2ee20d98bf17fd88ad8e8377f1	iips-platform/src/sector-engines/utilities/decision/UtilitiesDecision.ts	h:arena/01a0814b-iips-production-market-data h:arena/01a0853d-iips-production-market-data h:arena/01a0a438-iips-production-market-data h:arena/01a0a4a1-iips-production-market-data h:arena/01a0ae80-iips-production-market-data h:arena/01a0bdb5-iips-production-market-data h:arena/01a0c440-iips-production-market-data h:arena/01a0c86d-iips-production-market-data h:arena/01a0cf86-iips-production-market-data h:arena/01a0d1d3-iips-production-market-data h:arena/01a0d33d-iips-production-market-data h:m1-	-,NO
e89e81310ba24999150cc0bb4b2118fc776b038f	iips-platform/src/sector-engines/utilities/evidence/UtilitiesEvidence.ts	h:arena/01a0814b-iips-production-market-data h:arena/01a0853d-iips-production-market-data h:arena/01a0a438-iips-production-market-data h:arena/01a0a4a1-iips-production-market-data h:arena/01a0ae80-iips-production-market-data h:arena/01a0bdb5-iips-production-market-data h:arena/01a0c440-iips-production-market-data h:arena/01a0c86d-iips-production-market-data h:arena/01a0cf86-iips-production-market-data h:arena/01a0d1d3-iips-production-market-data h:arena/01a0d33d-iips-production-market-data h:m1-	-,NO
c9d2d07a76b5392e03325c1b2e6105415444ba40	iips-platform/src/sector-engines/utilities/index.ts	h:arena/01a0814b-iips-production-market-data h:arena/01a0853d-iips-production-market-data h:arena/01a0a438-iips-production-market-data h:arena/01a0ae80-iips-production-market-data h:arena/01a0bdb5-iips-production-market-data h:arena/01a0c440-iips-production-market-data h:arena/01a0c86d-iips-production-market-data h:arena/01a0cf86-iips-production-market-data h:arena/01a0d1d3-iips-production-market-data h:arena/01a0d33d-iips-production-market-data h:m1-ad4-repair h:windows/d114-stage5-banking-repl	-,NO
f4813e5d0450cead60968528549ccf3ed802b80f	iips-platform/src/sector-engines/utilities/metrics/UtilitiesMetrics.ts	h:arena/01a0814b-iips-production-market-data h:arena/01a0853d-iips-production-market-data h:arena/01a0a438-iips-production-market-data h:arena/01a0a4a1-iips-production-market-data h:arena/01a0ae80-iips-production-market-data h:arena/01a0bdb5-iips-production-market-data h:arena/01a0c440-iips-production-market-data h:arena/01a0c86d-iips-production-market-data h:arena/01a0cf86-iips-production-market-data h:arena/01a0d1d3-iips-production-market-data h:arena/01a0d33d-iips-production-market-data h:m1-	-,NO
c2cd7e054d00f7293f45518f3fb29a2e0aa1670a	iips-platform/src/sector-engines/utilities/scoring/UtilitiesScoreEngine.ts	h:arena/01a0814b-iips-production-market-data h:arena/01a0853d-iips-production-market-data h:arena/01a0a438-iips-production-market-data h:arena/01a0a4a1-iips-production-market-data h:arena/01a0ae80-iips-production-market-data h:arena/01a0bdb5-iips-production-market-data h:arena/01a0c440-iips-production-market-data h:arena/01a0c86d-iips-production-market-data h:arena/01a0cf86-iips-production-market-data h:arena/01a0d1d3-iips-production-market-data h:arena/01a0d33d-iips-production-market-data h:m1-	-,NO
165efabfed70d8c65996d244be0f9092dba419fb	ies-012-utilities/calibration/utilities-calibration-1.0.0.json | iips-platform/src/sector-engines/utilities/utilities-calibration-1.0.0.json	h:arena/01a0814b-iips-production-market-data h:arena/01a0853d-iips-production-market-data h:arena/01a0a438-iips-production-market-data h:arena/01a0a4a1-iips-production-market-data h:arena/01a0ae80-iips-production-market-data h:arena/01a0bdb5-iips-production-market-data h:arena/01a0c440-iips-production-market-data h:arena/01a0c86d-iips-production-market-data h:arena/01a0cf86-iips-production-market-data h:arena/01a0d1d3-iips-production-market-data h:arena/01a0d33d-iips-production-market-data h:m1-	-,NO
b59566a99dc9a68cc9dd8f7505a06034a07a2f40	ies-012-utilities/expected-outputs/utilities-expected-outputs-1.0.0.json | iips-platform/src/sector-engines/utilities/utilities-expected-outputs-1.0.0.json	h:arena/01a0814b-iips-production-market-data h:arena/01a0853d-iips-production-market-data h:arena/01a0a438-iips-production-market-data h:arena/01a0ae80-iips-production-market-data h:arena/01a0bdb5-iips-production-market-data h:arena/01a0c440-iips-production-market-data h:arena/01a0c86d-iips-production-market-data h:arena/01a0cf86-iips-production-market-data h:arena/01a0d1d3-iips-production-market-data h:arena/01a0d33d-iips-production-market-data h:m1-ad4-repair h:windows/d114-stage5-banking-repl	-,NO
122956ab5b9cafa1d886e35e2f20ccbde172aaa6	ies-012-utilities/datasets/utilities-golden-reference-1.0.0.json | iips-platform/src/sector-engines/utilities/utilities-golden-reference-1.0.0.json	h:arena/01a0814b-iips-production-market-data h:arena/01a0853d-iips-production-market-data h:arena/01a0a438-iips-production-market-data h:arena/01a0ae80-iips-production-market-data h:arena/01a0bdb5-iips-production-market-data h:arena/01a0c440-iips-production-market-data h:arena/01a0c86d-iips-production-market-data h:arena/01a0cf86-iips-production-market-data h:arena/01a0d1d3-iips-production-market-data h:arena/01a0d33d-iips-production-market-data h:m1-ad4-repair h:windows/d114-stage5-banking-repl	-,NO
ccc9c8fbfbd03256516730c30e9fdbeff596ac66	ies-012-utilities/fixtures/utilities-validation-fixtures-1.0.0.json | iips-platform/src/sector-engines/utilities/utilities-validation-fixtures-1.0.0.json	h:arena/01a0814b-iips-production-market-data h:arena/01a0853d-iips-production-market-data h:arena/01a0a438-iips-production-market-data h:arena/01a0ae80-iips-production-market-data h:arena/01a0bdb5-iips-production-market-data h:arena/01a0c440-iips-production-market-data h:arena/01a0c86d-iips-production-market-data h:arena/01a0cf86-iips-production-market-data h:arena/01a0d1d3-iips-production-market-data h:arena/01a0d33d-iips-production-market-data h:m1-ad4-repair h:windows/d114-stage5-banking-repl	-,NO
cc345f9662bd78a088ff764a7a896d413a2443f2	iips-platform/src/snapshot/SnapshotService.test.ts	h:arena/01a0814b-iips-production-market-data h:arena/01a0853d-iips-production-market-data h:arena/01a0a438-iips-production-market-data h:arena/01a0ae80-iips-production-market-data h:arena/01a0bdb5-iips-production-market-data h:arena/01a0c440-iips-production-market-data h:arena/01a0c86d-iips-production-market-data h:arena/01a0cf86-iips-production-market-data h:arena/01a0d1d3-iips-production-market-data h:arena/01a0d33d-iips-production-market-data h:m1-ad4-repair h:windows/d114-stage5-banking-repl	-,NO
d15116bb4d0c12440a5d83aa6f95cea408e20186	iips-platform/src/snapshot/SnapshotService.ts	h:arena/01a0814b-iips-production-market-data h:arena/01a0853d-iips-production-market-data h:arena/01a0a438-iips-production-market-data h:arena/01a0a4a1-iips-production-market-data h:arena/01a0ae80-iips-production-market-data h:arena/01a0bdb5-iips-production-market-data h:arena/01a0c440-iips-production-market-data h:arena/01a0c86d-iips-production-market-data h:m1-ad4-repair h:windows/d114-stage5-banking-replay-observation t:p14-r7-65b78f7 t:portfolio-option-a-cb969b6 t:post-cleanup-baseline-b46b4	-,NO
2b584cdf4e2fd32397aa1584221641fac9027cdc	iips-platform/src/snapshot/SnapshotStore.ts	h:arena/01a0814b-iips-production-market-data h:arena/01a0853d-iips-production-market-data h:arena/01a0a438-iips-production-market-data h:arena/01a0a4a1-iips-production-market-data h:arena/01a0ae80-iips-production-market-data h:arena/01a0bdb5-iips-production-market-data h:arena/01a0c440-iips-production-market-data h:arena/01a0c86d-iips-production-market-data h:arena/01a0cf86-iips-production-market-data h:arena/01a0d1d3-iips-production-market-data h:arena/01a0d33d-iips-production-market-data h:m1-	-,NO
154dfad3f5e01eebec5b8424502dbfdfddefe955	iips-platform/tests/regression/automobile-acceptance.test.ts	h:arena/01a0814b-iips-production-market-data h:arena/01a0853d-iips-production-market-data h:arena/01a0a438-iips-production-market-data h:arena/01a0ae80-iips-production-market-data h:arena/01a0bdb5-iips-production-market-data h:arena/01a0c440-iips-production-market-data h:arena/01a0c86d-iips-production-market-data h:arena/01a0cf86-iips-production-market-data h:arena/01a0d1d3-iips-production-market-data h:arena/01a0d33d-iips-production-market-data h:m1-ad4-repair h:windows/d114-stage5-banking-repl	-,NO
b9b4630b62be556e60d47c49816f1da1e8680a51	iips-platform/tests/regression/automobile-framework-integration.test.ts	h:arena/01a0814b-iips-production-market-data h:arena/01a0853d-iips-production-market-data h:arena/01a0a438-iips-production-market-data h:arena/01a0ae80-iips-production-market-data h:arena/01a0bdb5-iips-production-market-data h:arena/01a0c440-iips-production-market-data h:arena/01a0c86d-iips-production-market-data h:arena/01a0cf86-iips-production-market-data h:arena/01a0d1d3-iips-production-market-data h:arena/01a0d33d-iips-production-market-data h:m1-ad4-repair h:windows/d114-stage5-banking-repl	-,NO
ffaf06243cf6395bec7b954d8193421d4a8345d1	iips-platform/tests/regression/automobile-reuse-verification.test.ts	h:arena/01a0814b-iips-production-market-data h:arena/01a0853d-iips-production-market-data h:arena/01a0a438-iips-production-market-data h:arena/01a0ae80-iips-production-market-data h:arena/01a0bdb5-iips-production-market-data h:arena/01a0c440-iips-production-market-data h:arena/01a0c86d-iips-production-market-data h:arena/01a0cf86-iips-production-market-data h:arena/01a0d1d3-iips-production-market-data h:arena/01a0d33d-iips-production-market-data h:m1-ad4-repair h:windows/d114-stage5-banking-repl	-,NO
c525a7dc8ef4eb128342b37eca993ad9a1426d93	iips-platform/tests/regression/automobile-wp4-validation.test.ts	h:arena/01a0814b-iips-production-market-data h:arena/01a0853d-iips-production-market-data h:arena/01a0a438-iips-production-market-data h:arena/01a0ae80-iips-production-market-data h:arena/01a0bdb5-iips-production-market-data h:arena/01a0c440-iips-production-market-data h:arena/01a0c86d-iips-production-market-data h:arena/01a0cf86-iips-production-market-data h:arena/01a0d1d3-iips-production-market-data h:arena/01a0d33d-iips-production-market-data h:m1-ad4-repair h:windows/d114-stage5-banking-repl	-,NO
3e5aaf172210c3db2846a3d851fc29b5becd0a77	iips-platform/tests/regression/banking-acceptance.test.ts	h:arena/01a0814b-iips-production-market-data h:arena/01a0853d-iips-production-market-data h:arena/01a0a438-iips-production-market-data h:arena/01a0ae80-iips-production-market-data h:arena/01a0bdb5-iips-production-market-data h:arena/01a0c440-iips-production-market-data h:arena/01a0c86d-iips-production-market-data h:arena/01a0cf86-iips-production-market-data h:arena/01a0d1d3-iips-production-market-data h:arena/01a0d33d-iips-production-market-data h:m1-ad4-repair h:windows/d114-stage5-banking-repl	-,NO
e835a01d707e06772d56e4818be1ad0a497bb90b	iips-platform/tests/regression/banking-framework-integration.test.ts	h:arena/01a0814b-iips-production-market-data h:arena/01a0853d-iips-production-market-data h:arena/01a0a438-iips-production-market-data h:arena/01a0ae80-iips-production-market-data h:arena/01a0bdb5-iips-production-market-data h:arena/01a0c440-iips-production-market-data h:arena/01a0c86d-iips-production-market-data h:m1-ad4-repair h:windows/d114-stage5-banking-replay-observation t:p14-r7-65b78f7 t:portfolio-option-a-cb969b6 t:post-cleanup-baseline-b46b4f4 t:temporary-cleanup-caf73ba	-,NO
0bbf5fc1c8642ba0c363942507159c36aee1011b	iips-platform/tests/regression/banking-helpers.ts	h:arena/01a0814b-iips-production-market-data h:arena/01a0853d-iips-production-market-data h:arena/01a0a438-iips-production-market-data h:arena/01a0ae80-iips-production-market-data h:arena/01a0bdb5-iips-production-market-data h:arena/01a0c440-iips-production-market-data h:arena/01a0c86d-iips-production-market-data h:arena/01a0cf86-iips-production-market-data h:arena/01a0d1d3-iips-production-market-data h:arena/01a0d33d-iips-production-market-data h:m1-ad4-repair h:windows/d114-stage5-banking-repl	-,NO
68037eef710fba8fc6ef17cff792984138dbe8d9	iips-platform/tests/regression/banking-reuse-verification.test.ts	h:arena/01a0814b-iips-production-market-data h:arena/01a0853d-iips-production-market-data h:arena/01a0a438-iips-production-market-data h:arena/01a0ae80-iips-production-market-data h:arena/01a0bdb5-iips-production-market-data h:arena/01a0c440-iips-production-market-data h:arena/01a0c86d-iips-production-market-data h:m1-ad4-repair h:windows/d114-stage5-banking-replay-observation t:p14-r7-65b78f7 t:portfolio-option-a-cb969b6 t:post-cleanup-baseline-b46b4f4 t:temporary-cleanup-caf73ba	-,NO
4abacc88f21d2d75a1df0192db05f8aeddbcbd6e	iips-platform/tests/regression/banking-wp4-validation.test.ts	h:arena/01a0814b-iips-production-market-data h:arena/01a0853d-iips-production-market-data h:arena/01a0a438-iips-production-market-data h:arena/01a0ae80-iips-production-market-data h:arena/01a0bdb5-iips-production-market-data h:arena/01a0c440-iips-production-market-data h:arena/01a0c86d-iips-production-market-data h:m1-ad4-repair h:windows/d114-stage5-banking-replay-observation t:p14-r7-65b78f7 t:portfolio-option-a-cb969b6 t:post-cleanup-baseline-b46b4f4 t:temporary-cleanup-caf73ba	-,NO
02ea35b704b6a96f8a0225b7a90f9c5f40fe5b04	iips-platform/tests/regression/capital-markets-acceptance.test.ts	h:arena/01a0814b-iips-production-market-data h:arena/01a0853d-iips-production-market-data h:arena/01a0a438-iips-production-market-data h:arena/01a0ae80-iips-production-market-data h:arena/01a0bdb5-iips-production-market-data h:arena/01a0c440-iips-production-market-data h:arena/01a0c86d-iips-production-market-data h:arena/01a0cf86-iips-production-market-data h:arena/01a0d1d3-iips-production-market-data h:arena/01a0d33d-iips-production-market-data h:m1-ad4-repair h:windows/d114-stage5-banking-repl	-,NO
7046951b91d0c9b2582d05ac9bf422d2e5d499f7	iips-platform/tests/regression/capital-markets-framework-integration.test.ts	h:arena/01a0814b-iips-production-market-data h:arena/01a0853d-iips-production-market-data h:arena/01a0a438-iips-production-market-data h:arena/01a0ae80-iips-production-market-data h:arena/01a0bdb5-iips-production-market-data h:arena/01a0c440-iips-production-market-data h:arena/01a0c86d-iips-production-market-data h:arena/01a0cf86-iips-production-market-data h:arena/01a0d1d3-iips-production-market-data h:arena/01a0d33d-iips-production-market-data h:m1-ad4-repair h:windows/d114-stage5-banking-repl	-,NO
86e65e09ca6fca045ac90441bb6d4f5761a993a4	iips-platform/tests/regression/capital-markets-helpers.ts	h:arena/01a0814b-iips-production-market-data h:arena/01a0853d-iips-production-market-data h:arena/01a0a438-iips-production-market-data h:arena/01a0ae80-iips-production-market-data h:arena/01a0bdb5-iips-production-market-data h:arena/01a0c440-iips-production-market-data h:arena/01a0c86d-iips-production-market-data h:arena/01a0cf86-iips-production-market-data h:arena/01a0d1d3-iips-production-market-data h:arena/01a0d33d-iips-production-market-data h:m1-ad4-repair h:windows/d114-stage5-banking-repl	-,NO
abd35464bcd4ba8dbd547205a1ee65dc90972412	iips-platform/tests/regression/capital-markets-reuse-verification.test.ts	h:arena/01a0814b-iips-production-market-data h:arena/01a0853d-iips-production-market-data h:arena/01a0a438-iips-production-market-data h:arena/01a0ae80-iips-production-market-data h:arena/01a0bdb5-iips-production-market-data h:arena/01a0c440-iips-production-market-data h:arena/01a0c86d-iips-production-market-data h:arena/01a0cf86-iips-production-market-data h:arena/01a0d1d3-iips-production-market-data h:arena/01a0d33d-iips-production-market-data h:m1-ad4-repair h:windows/d114-stage5-banking-repl	-,NO
dd8703c7817b3351986e99470a0699247496544d	iips-platform/tests/regression/capital-markets-wp4-validation.test.ts	h:arena/01a0814b-iips-production-market-data h:arena/01a0853d-iips-production-market-data h:arena/01a0a438-iips-production-market-data h:arena/01a0ae80-iips-production-market-data h:arena/01a0bdb5-iips-production-market-data h:arena/01a0c440-iips-production-market-data h:arena/01a0c86d-iips-production-market-data h:m1-ad4-repair h:windows/d114-stage5-banking-replay-observation t:p14-r7-65b78f7 t:portfolio-option-a-cb969b6 t:post-cleanup-baseline-b46b4f4 t:temporary-cleanup-caf73ba	-,NO
2ddf48751579928d1b516d413b0fcba4bb514294	iips-platform/tests/regression/consumer-acceptance.test.ts	h:arena/01a0814b-iips-production-market-data h:arena/01a0853d-iips-production-market-data h:arena/01a0a438-iips-production-market-data h:arena/01a0ae80-iips-production-market-data h:arena/01a0bdb5-iips-production-market-data h:arena/01a0c440-iips-production-market-data h:arena/01a0c86d-iips-production-market-data h:arena/01a0cf86-iips-production-market-data h:arena/01a0d1d3-iips-production-market-data h:arena/01a0d33d-iips-production-market-data h:m1-ad4-repair h:windows/d114-stage5-banking-repl	-,NO
4f79eecdda5fd1920e1e9d07d2404d9904bfe5db	iips-platform/tests/regression/consumer-framework-integration.test.ts	h:arena/01a0814b-iips-production-market-data h:arena/01a0853d-iips-production-market-data h:arena/01a0a438-iips-production-market-data h:arena/01a0ae80-iips-production-market-data h:arena/01a0bdb5-iips-production-market-data h:arena/01a0c440-iips-production-market-data h:arena/01a0c86d-iips-production-market-data h:arena/01a0cf86-iips-production-market-data h:arena/01a0d1d3-iips-production-market-data h:arena/01a0d33d-iips-production-market-data h:m1-ad4-repair h:windows/d114-stage5-banking-repl	-,NO
2365b0aeb0e2c70656b7500b000cc8a8664258ca	iips-platform/tests/regression/consumer-reuse-verification.test.ts	h:arena/01a0814b-iips-production-market-data h:arena/01a0853d-iips-production-market-data h:arena/01a0a438-iips-production-market-data h:arena/01a0ae80-iips-production-market-data h:arena/01a0bdb5-iips-production-market-data h:arena/01a0c440-iips-production-market-data h:arena/01a0c86d-iips-production-market-data h:arena/01a0cf86-iips-production-market-data h:arena/01a0d1d3-iips-production-market-data h:arena/01a0d33d-iips-production-market-data h:m1-ad4-repair h:windows/d114-stage5-banking-repl	-,NO
bd2df8511312107731833c52dbe42eaa345fed76	iips-platform/tests/regression/consumer-wp4-validation.test.ts	h:arena/01a0814b-iips-production-market-data h:arena/01a0853d-iips-production-market-data h:arena/01a0a438-iips-production-market-data h:arena/01a0ae80-iips-production-market-data h:arena/01a0bdb5-iips-production-market-data h:arena/01a0c440-iips-production-market-data h:arena/01a0c86d-iips-production-market-data h:arena/01a0cf86-iips-production-market-data h:arena/01a0d1d3-iips-production-market-data h:arena/01a0d33d-iips-production-market-data h:m1-ad4-repair h:windows/d114-stage5-banking-repl	-,NO
9d74b28e166c8a3ef93a993e44e58c767a52d9af	iips-platform/tests/regression/cross-sector-acceptance.test.ts	h:arena/01a0814b-iips-production-market-data h:arena/01a0853d-iips-production-market-data h:arena/01a0a438-iips-production-market-data h:arena/01a0ae80-iips-production-market-data h:arena/01a0bdb5-iips-production-market-data h:arena/01a0c440-iips-production-market-data h:arena/01a0c86d-iips-production-market-data h:arena/01a0cf86-iips-production-market-data h:arena/01a0d1d3-iips-production-market-data h:arena/01a0d33d-iips-production-market-data h:m1-ad4-repair h:windows/d114-stage5-banking-repl	-,NO
3d111f93aa1ab13004b70e9e644f0c4de852eb1c	iips-platform/tests/regression/cross-sector-framework-integration.test.ts	h:arena/01a0814b-iips-production-market-data h:arena/01a0853d-iips-production-market-data h:arena/01a0a438-iips-production-market-data h:arena/01a0ae80-iips-production-market-data h:arena/01a0bdb5-iips-production-market-data h:arena/01a0c440-iips-production-market-data h:arena/01a0c86d-iips-production-market-data h:arena/01a0cf86-iips-production-market-data h:arena/01a0d1d3-iips-production-market-data h:arena/01a0d33d-iips-production-market-data h:m1-ad4-repair h:windows/d114-stage5-banking-repl	-,NO
9911842a731c04ca8f339a02ceb3b175f5d27739	iips-platform/tests/regression/cross-sector-reuse-verification.test.ts	h:arena/01a0814b-iips-production-market-data h:arena/01a0853d-iips-production-market-data h:arena/01a0a438-iips-production-market-data h:arena/01a0ae80-iips-production-market-data h:arena/01a0bdb5-iips-production-market-data h:arena/01a0c440-iips-production-market-data h:arena/01a0c86d-iips-production-market-data h:arena/01a0cf86-iips-production-market-data h:arena/01a0d1d3-iips-production-market-data h:arena/01a0d33d-iips-production-market-data h:m1-ad4-repair h:windows/d114-stage5-banking-repl	-,NO
b31b5d91d39f4575240519e27581e6745bac07b7	iips-platform/tests/regression/cross-sector-wp4-validation.test.ts	h:arena/01a0814b-iips-production-market-data h:arena/01a0853d-iips-production-market-data h:arena/01a0a438-iips-production-market-data h:arena/01a0ae80-iips-production-market-data h:arena/01a0bdb5-iips-production-market-data h:arena/01a0c440-iips-production-market-data h:arena/01a0c86d-iips-production-market-data h:arena/01a0cf86-iips-production-market-data h:arena/01a0d1d3-iips-production-market-data h:arena/01a0d33d-iips-production-market-data h:m1-ad4-repair h:windows/d114-stage5-banking-repl	-,NO
135bd67f44ce7f7e5288605b284dce86dccb1530	iips-platform/tests/regression/energy-acceptance.test.ts	h:arena/01a0814b-iips-production-market-data h:arena/01a0853d-iips-production-market-data h:arena/01a0a438-iips-production-market-data h:arena/01a0ae80-iips-production-market-data h:arena/01a0bdb5-iips-production-market-data h:arena/01a0c440-iips-production-market-data h:arena/01a0c86d-iips-production-market-data h:arena/01a0cf86-iips-production-market-data h:arena/01a0d1d3-iips-production-market-data h:arena/01a0d33d-iips-production-market-data h:m1-ad4-repair h:windows/d114-stage5-banking-repl	-,NO
02dd6c1dc85d0310d1f8e3f249338038097378ac	iips-platform/tests/regression/energy-framework-integration.test.ts	h:arena/01a0814b-iips-production-market-data h:arena/01a0853d-iips-production-market-data h:arena/01a0a438-iips-production-market-data h:arena/01a0ae80-iips-production-market-data h:arena/01a0bdb5-iips-production-market-data h:arena/01a0c440-iips-production-market-data h:arena/01a0c86d-iips-production-market-data h:arena/01a0cf86-iips-production-market-data h:arena/01a0d1d3-iips-production-market-data h:arena/01a0d33d-iips-production-market-data h:m1-ad4-repair h:windows/d114-stage5-banking-repl	-,NO
1354eb8cdc20bcf0435b17c61e8356bdfbaa9dda	iips-platform/tests/regression/energy-reuse-verification.test.ts	h:arena/01a0814b-iips-production-market-data h:arena/01a0853d-iips-production-market-data h:arena/01a0a438-iips-production-market-data h:arena/01a0ae80-iips-production-market-data h:arena/01a0bdb5-iips-production-market-data h:arena/01a0c440-iips-production-market-data h:arena/01a0c86d-iips-production-market-data h:arena/01a0cf86-iips-production-market-data h:arena/01a0d1d3-iips-production-market-data h:arena/01a0d33d-iips-production-market-data h:m1-ad4-repair h:windows/d114-stage5-banking-repl	-,NO
de2d62496864e56eb114f4cb704699c885e2acd2	iips-platform/tests/regression/energy-wp4-validation.test.ts	h:arena/01a0814b-iips-production-market-data h:arena/01a0853d-iips-production-market-data h:arena/01a0a438-iips-production-market-data h:arena/01a0ae80-iips-production-market-data h:arena/01a0bdb5-iips-production-market-data h:arena/01a0c440-iips-production-market-data h:arena/01a0c86d-iips-production-market-data h:arena/01a0cf86-iips-production-market-data h:arena/01a0d1d3-iips-production-market-data h:arena/01a0d33d-iips-production-market-data h:m1-ad4-repair h:windows/d114-stage5-banking-repl	-,NO
5c31b24223d94f43e7d4c00ea54c41797bf70ea3	iips-platform/tests/regression/framework-sector-neutral.test.ts	h:arena/01a0814b-iips-production-market-data h:arena/01a0853d-iips-production-market-data h:arena/01a0a438-iips-production-market-data h:arena/01a0ae80-iips-production-market-data h:arena/01a0bdb5-iips-production-market-data h:arena/01a0c440-iips-production-market-data h:arena/01a0c86d-iips-production-market-data h:arena/01a0cf86-iips-production-market-data h:arena/01a0d1d3-iips-production-market-data h:arena/01a0d33d-iips-production-market-data h:m1-ad4-repair h:windows/d114-stage5-banking-repl	-,NO
5683e03d9d0230cb0b653f1826bc47a8d4d1b68e	iips-platform/tests/regression/healthcare-acceptance.test.ts	h:arena/01a0814b-iips-production-market-data h:arena/01a0853d-iips-production-market-data h:arena/01a0a438-iips-production-market-data h:arena/01a0ae80-iips-production-market-data h:arena/01a0bdb5-iips-production-market-data h:arena/01a0c440-iips-production-market-data h:arena/01a0c86d-iips-production-market-data h:arena/01a0cf86-iips-production-market-data h:arena/01a0d1d3-iips-production-market-data h:arena/01a0d33d-iips-production-market-data h:m1-ad4-repair h:windows/d114-stage5-banking-repl	-,NO
3e04fa81b281d9907d7e0771e9e6c354d853568e	iips-platform/tests/regression/healthcare-framework-integration.test.ts	h:arena/01a0814b-iips-production-market-data h:arena/01a0853d-iips-production-market-data h:arena/01a0a438-iips-production-market-data h:arena/01a0ae80-iips-production-market-data h:arena/01a0bdb5-iips-production-market-data h:arena/01a0c440-iips-production-market-data h:arena/01a0c86d-iips-production-market-data h:arena/01a0cf86-iips-production-market-data h:arena/01a0d1d3-iips-production-market-data h:arena/01a0d33d-iips-production-market-data h:m1-ad4-repair h:windows/d114-stage5-banking-repl	-,NO
3cc485b69033adf451bb3fa9e3cbc240ea3cf860	iips-platform/tests/regression/healthcare-helpers.ts	h:arena/01a0814b-iips-production-market-data h:arena/01a0853d-iips-production-market-data h:arena/01a0a438-iips-production-market-data h:arena/01a0ae80-iips-production-market-data h:arena/01a0bdb5-iips-production-market-data h:arena/01a0c440-iips-production-market-data h:arena/01a0c86d-iips-production-market-data h:arena/01a0cf86-iips-production-market-data h:arena/01a0d1d3-iips-production-market-data h:arena/01a0d33d-iips-production-market-data h:m1-ad4-repair h:windows/d114-stage5-banking-repl	-,NO
de27e961393b448760d5cc93ca18b9efd074b710	iips-platform/tests/regression/healthcare-reuse-verification.test.ts	h:arena/01a0814b-iips-production-market-data h:arena/01a0853d-iips-production-market-data h:arena/01a0a438-iips-production-market-data h:arena/01a0ae80-iips-production-market-data h:arena/01a0bdb5-iips-production-market-data h:arena/01a0c440-iips-production-market-data h:arena/01a0c86d-iips-production-market-data h:arena/01a0cf86-iips-production-market-data h:arena/01a0d1d3-iips-production-market-data h:arena/01a0d33d-iips-production-market-data h:m1-ad4-repair h:windows/d114-stage5-banking-repl	-,NO
24bf838d4eb3cc1448a771af9808c3c7d2261344	iips-platform/tests/regression/healthcare-wp4-validation.test.ts	h:arena/01a0814b-iips-production-market-data h:arena/01a0853d-iips-production-market-data h:arena/01a0a438-iips-production-market-data h:arena/01a0ae80-iips-production-market-data h:arena/01a0bdb5-iips-production-market-data h:arena/01a0c440-iips-production-market-data h:arena/01a0c86d-iips-production-market-data h:m1-ad4-repair h:windows/d114-stage5-banking-replay-observation t:p14-r7-65b78f7 t:portfolio-option-a-cb969b6 t:post-cleanup-baseline-b46b4f4 t:temporary-cleanup-caf73ba	-,NO
5bab46e70f74aaafeb316e68be434a4ac925fe0a	iips-platform/tests/regression/helpers.ts	h:arena/01a0814b-iips-production-market-data h:arena/01a0853d-iips-production-market-data h:arena/01a0a438-iips-production-market-data h:arena/01a0ae80-iips-production-market-data h:arena/01a0bdb5-iips-production-market-data h:arena/01a0c440-iips-production-market-data h:arena/01a0c86d-iips-production-market-data h:arena/01a0cf86-iips-production-market-data h:arena/01a0d1d3-iips-production-market-data h:arena/01a0d33d-iips-production-market-data h:m1-ad4-repair h:windows/d114-stage5-banking-repl	-,NO
060e57e63cc65b125d891b0a68990270865489a0	iips-platform/tests/regression/hospitality-acceptance.test.ts	h:arena/01a0814b-iips-production-market-data h:arena/01a0853d-iips-production-market-data h:arena/01a0a438-iips-production-market-data h:arena/01a0ae80-iips-production-market-data h:arena/01a0bdb5-iips-production-market-data h:arena/01a0c440-iips-production-market-data h:arena/01a0c86d-iips-production-market-data h:arena/01a0cf86-iips-production-market-data h:arena/01a0d1d3-iips-production-market-data h:arena/01a0d33d-iips-production-market-data h:m1-ad4-repair h:windows/d114-stage5-banking-repl	-,NO
5cc73831c04129b7287b63c6e8eecfc22321e0e4	iips-platform/tests/regression/hospitality-framework-integration.test.ts	h:arena/01a0814b-iips-production-market-data h:arena/01a0853d-iips-production-market-data h:arena/01a0a438-iips-production-market-data h:arena/01a0ae80-iips-production-market-data h:arena/01a0bdb5-iips-production-market-data h:arena/01a0c440-iips-production-market-data h:arena/01a0c86d-iips-production-market-data h:arena/01a0cf86-iips-production-market-data h:arena/01a0d1d3-iips-production-market-data h:arena/01a0d33d-iips-production-market-data h:m1-ad4-repair h:windows/d114-stage5-banking-repl	-,NO
7e499c4a544a7b80432ae897b94c9a486bd54201	iips-platform/tests/regression/hospitality-reuse-verification.test.ts	h:arena/01a0814b-iips-production-market-data h:arena/01a0853d-iips-production-market-data h:arena/01a0a438-iips-production-market-data h:arena/01a0ae80-iips-production-market-data h:arena/01a0bdb5-iips-production-market-data h:arena/01a0c440-iips-production-market-data h:arena/01a0c86d-iips-production-market-data h:arena/01a0cf86-iips-production-market-data h:arena/01a0d1d3-iips-production-market-data h:arena/01a0d33d-iips-production-market-data h:m1-ad4-repair h:windows/d114-stage5-banking-repl	-,NO
df50e8cd4939abf4737eaa6949214dd31f4ab1df	iips-platform/tests/regression/hospitality-wp4-validation.test.ts	h:arena/01a0814b-iips-production-market-data h:arena/01a0853d-iips-production-market-data h:arena/01a0a438-iips-production-market-data h:arena/01a0ae80-iips-production-market-data h:arena/01a0bdb5-iips-production-market-data h:arena/01a0c440-iips-production-market-data h:arena/01a0c86d-iips-production-market-data h:arena/01a0cf86-iips-production-market-data h:arena/01a0d1d3-iips-production-market-data h:arena/01a0d33d-iips-production-market-data h:m1-ad4-repair h:windows/d114-stage5-banking-repl	-,NO
94a8eb3c37bf2ed087e9f503808eb190d198b9c5	iips-platform/tests/regression/industrials-acceptance.test.ts	h:arena/01a0814b-iips-production-market-data h:arena/01a0853d-iips-production-market-data h:arena/01a0a438-iips-production-market-data h:arena/01a0ae80-iips-production-market-data h:arena/01a0bdb5-iips-production-market-data h:arena/01a0c440-iips-production-market-data h:arena/01a0c86d-iips-production-market-data h:arena/01a0cf86-iips-production-market-data h:arena/01a0d1d3-iips-production-market-data h:arena/01a0d33d-iips-production-market-data h:m1-ad4-repair h:windows/d114-stage5-banking-repl	-,NO
cc75c2664e2f878f964d0584433b211deb586652	iips-platform/tests/regression/industrials-framework-integration.test.ts	h:arena/01a0814b-iips-production-market-data h:arena/01a0853d-iips-production-market-data h:arena/01a0a438-iips-production-market-data h:arena/01a0ae80-iips-production-market-data h:arena/01a0bdb5-iips-production-market-data h:arena/01a0c440-iips-production-market-data h:arena/01a0c86d-iips-production-market-data h:arena/01a0cf86-iips-production-market-data h:arena/01a0d1d3-iips-production-market-data h:arena/01a0d33d-iips-production-market-data h:m1-ad4-repair h:windows/d114-stage5-banking-repl	-,NO
ffce1b53629c15ec08a243900c951b30dd7664f1	iips-platform/tests/regression/industrials-reuse-verification.test.ts	h:arena/01a0814b-iips-production-market-data h:arena/01a0853d-iips-production-market-data h:arena/01a0a438-iips-production-market-data h:arena/01a0ae80-iips-production-market-data h:arena/01a0bdb5-iips-production-market-data h:arena/01a0c440-iips-production-market-data h:arena/01a0c86d-iips-production-market-data h:arena/01a0cf86-iips-production-market-data h:arena/01a0d1d3-iips-production-market-data h:arena/01a0d33d-iips-production-market-data h:m1-ad4-repair h:windows/d114-stage5-banking-repl	-,NO
156f0afece0b30fc51b439e1ba2888e65cb2ee97	iips-platform/tests/regression/industrials-wp4-validation.test.ts	h:arena/01a0814b-iips-production-market-data h:arena/01a0853d-iips-production-market-data h:arena/01a0a438-iips-production-market-data h:arena/01a0ae80-iips-production-market-data h:arena/01a0bdb5-iips-production-market-data h:arena/01a0c440-iips-production-market-data h:arena/01a0c86d-iips-production-market-data h:arena/01a0cf86-iips-production-market-data h:arena/01a0d1d3-iips-production-market-data h:arena/01a0d33d-iips-production-market-data h:m1-ad4-repair h:windows/d114-stage5-banking-repl	-,NO
6430756ce8a63d270e7d1bb150a22edf8c97bea8	iips-platform/tests/regression/insurance-acceptance.test.ts	h:arena/01a0814b-iips-production-market-data h:arena/01a0853d-iips-production-market-data h:arena/01a0a438-iips-production-market-data h:arena/01a0ae80-iips-production-market-data h:arena/01a0bdb5-iips-production-market-data h:arena/01a0c440-iips-production-market-data h:arena/01a0c86d-iips-production-market-data h:arena/01a0cf86-iips-production-market-data h:arena/01a0d1d3-iips-production-market-data h:arena/01a0d33d-iips-production-market-data h:m1-ad4-repair h:windows/d114-stage5-banking-repl	-,NO
8ed9f003e18b4377b8ca9e825fe5b59444d930c0	iips-platform/tests/regression/insurance-framework-integration.test.ts	h:arena/01a0814b-iips-production-market-data h:arena/01a0853d-iips-production-market-data h:arena/01a0a438-iips-production-market-data h:arena/01a0ae80-iips-production-market-data h:arena/01a0bdb5-iips-production-market-data h:arena/01a0c440-iips-production-market-data h:arena/01a0c86d-iips-production-market-data h:arena/01a0cf86-iips-production-market-data h:arena/01a0d1d3-iips-production-market-data h:arena/01a0d33d-iips-production-market-data h:m1-ad4-repair h:windows/d114-stage5-banking-repl	-,NO
48d31d5e4924afa8990d242dca23ef1bc4a64f89	iips-platform/tests/regression/insurance-helpers.ts	h:arena/01a0814b-iips-production-market-data h:arena/01a0853d-iips-production-market-data h:arena/01a0a438-iips-production-market-data h:arena/01a0ae80-iips-production-market-data h:arena/01a0bdb5-iips-production-market-data h:arena/01a0c440-iips-production-market-data h:arena/01a0c86d-iips-production-market-data h:arena/01a0cf86-iips-production-market-data h:arena/01a0d1d3-iips-production-market-data h:arena/01a0d33d-iips-production-market-data h:m1-ad4-repair h:windows/d114-stage5-banking-repl	-,NO
3e90db8ba1c72bfbb554cf2b43657e4f6b5925f8	iips-platform/tests/regression/insurance-reuse-verification.test.ts	h:arena/01a0814b-iips-production-market-data h:arena/01a0853d-iips-production-market-data h:arena/01a0a438-iips-production-market-data h:arena/01a0ae80-iips-production-market-data h:arena/01a0bdb5-iips-production-market-data h:arena/01a0c440-iips-production-market-data h:arena/01a0c86d-iips-production-market-data h:arena/01a0cf86-iips-production-market-data h:arena/01a0d1d3-iips-production-market-data h:arena/01a0d33d-iips-production-market-data h:m1-ad4-repair h:windows/d114-stage5-banking-repl	-,NO
f33e40d946238532e6fa20368a8e179aefa92b81	iips-platform/tests/regression/insurance-wp4-validation.test.ts	h:arena/01a0814b-iips-production-market-data h:arena/01a0853d-iips-production-market-data h:arena/01a0a438-iips-production-market-data h:arena/01a0ae80-iips-production-market-data h:arena/01a0bdb5-iips-production-market-data h:arena/01a0c440-iips-production-market-data h:arena/01a0c86d-iips-production-market-data h:m1-ad4-repair h:windows/d114-stage5-banking-replay-observation t:p14-r7-65b78f7 t:portfolio-option-a-cb969b6 t:post-cleanup-baseline-b46b4f4 t:temporary-cleanup-caf73ba	-,NO
74a6742c68a58fa28a577c27b96ef6fdc5fa8dcb	iips-platform/tests/regression/materials-metals-acceptance.test.ts	h:arena/01a0814b-iips-production-market-data h:arena/01a0853d-iips-production-market-data h:arena/01a0a438-iips-production-market-data h:arena/01a0ae80-iips-production-market-data h:arena/01a0bdb5-iips-production-market-data h:arena/01a0c440-iips-production-market-data h:arena/01a0c86d-iips-production-market-data h:arena/01a0cf86-iips-production-market-data h:arena/01a0d1d3-iips-production-market-data h:arena/01a0d33d-iips-production-market-data h:m1-ad4-repair h:windows/d114-stage5-banking-repl	-,NO
a8542ae43dd3e55626dbfbeeb9798925bdd09601	iips-platform/tests/regression/materials-metals-framework-integration.test.ts	h:arena/01a0814b-iips-production-market-data h:arena/01a0853d-iips-production-market-data h:arena/01a0a438-iips-production-market-data h:arena/01a0ae80-iips-production-market-data h:arena/01a0bdb5-iips-production-market-data h:arena/01a0c440-iips-production-market-data h:arena/01a0c86d-iips-production-market-data h:arena/01a0cf86-iips-production-market-data h:arena/01a0d1d3-iips-production-market-data h:arena/01a0d33d-iips-production-market-data h:m1-ad4-repair h:windows/d114-stage5-banking-repl	-,NO
927e475e5c2293733cd7d7c0e95cb2d4733e50c7	iips-platform/tests/regression/materials-metals-reuse-verification.test.ts	h:arena/01a0814b-iips-production-market-data h:arena/01a0853d-iips-production-market-data h:arena/01a0a438-iips-production-market-data h:arena/01a0ae80-iips-production-market-data h:arena/01a0bdb5-iips-production-market-data h:arena/01a0c440-iips-production-market-data h:arena/01a0c86d-iips-production-market-data h:arena/01a0cf86-iips-production-market-data h:arena/01a0d1d3-iips-production-market-data h:arena/01a0d33d-iips-production-market-data h:m1-ad4-repair h:windows/d114-stage5-banking-repl	-,NO
215253df4b49198eb31c440c3d4c4f356953a40e	iips-platform/tests/regression/materials-metals-wp4-validation.test.ts	h:arena/01a0814b-iips-production-market-data h:arena/01a0853d-iips-production-market-data h:arena/01a0a438-iips-production-market-data h:arena/01a0ae80-iips-production-market-data h:arena/01a0bdb5-iips-production-market-data h:arena/01a0c440-iips-production-market-data h:arena/01a0c86d-iips-production-market-data h:arena/01a0cf86-iips-production-market-data h:arena/01a0d1d3-iips-production-market-data h:arena/01a0d33d-iips-production-market-data h:m1-ad4-repair h:windows/d114-stage5-banking-repl	-,NO
0aaa32652f1b136d4a99e2d42ed302013c859903	iips-platform/tests/regression/multi-plugin-hosting.test.ts	h:arena/01a0814b-iips-production-market-data h:arena/01a0853d-iips-production-market-data h:arena/01a0a438-iips-production-market-data h:arena/01a0ae80-iips-production-market-data h:arena/01a0bdb5-iips-production-market-data h:arena/01a0c440-iips-production-market-data h:arena/01a0c86d-iips-production-market-data h:arena/01a0cf86-iips-production-market-data h:arena/01a0d1d3-iips-production-market-data h:arena/01a0d33d-iips-production-market-data h:m1-ad4-repair h:windows/d114-stage5-banking-repl	-,NO
1bc575f5136cbe82e0b1652f742ddee9ac671460	iips-platform/tests/regression/p15-market-data-lineage.test.ts	h:arena/01a0814b-iips-production-market-data h:arena/01a0853d-iips-production-market-data h:arena/01a0a438-iips-production-market-data h:arena/01a0ae80-iips-production-market-data h:arena/01a0bdb5-iips-production-market-data h:arena/01a0c440-iips-production-market-data h:arena/01a0c86d-iips-production-market-data h:m1-ad4-repair h:windows/d114-stage5-banking-replay-observation t:p14-r7-65b78f7 t:portfolio-option-a-cb969b6 t:post-cleanup-baseline-b46b4f4 t:temporary-cleanup-caf73ba	-,NO
eb3c72899dcf68a7cdf0303011b1ec50bb4628c0	iips-platform/tests/regression/plugin-registration.test.ts	h:arena/01a0814b-iips-production-market-data h:arena/01a0853d-iips-production-market-data h:arena/01a0a438-iips-production-market-data h:arena/01a0ae80-iips-production-market-data h:arena/01a0bdb5-iips-production-market-data h:arena/01a0c440-iips-production-market-data h:arena/01a0c86d-iips-production-market-data h:m1-ad4-repair h:windows/d114-stage5-banking-replay-observation t:p14-r7-65b78f7 t:portfolio-option-a-cb969b6 t:post-cleanup-baseline-b46b4f4 t:temporary-cleanup-caf73ba	-,NO
237d794edde91a44c79e854b3ad9c834f56f98a5	iips-platform/tests/regression/program-v1.1-track1-platform-certification.test.ts	h:arena/01a0814b-iips-production-market-data h:arena/01a0853d-iips-production-market-data h:arena/01a0a438-iips-production-market-data h:arena/01a0ae80-iips-production-market-data h:arena/01a0bdb5-iips-production-market-data h:arena/01a0c440-iips-production-market-data h:arena/01a0c86d-iips-production-market-data h:arena/01a0cf86-iips-production-market-data h:arena/01a0d1d3-iips-production-market-data h:arena/01a0d33d-iips-production-market-data h:m1-ad4-repair h:windows/d114-stage5-banking-repl	-,NO
a52376e63c04ba895298629ca0ebc44de37895d4	iips-platform/tests/regression/program-v1.1-track2-cross-sector-certification.test.ts	h:arena/01a0814b-iips-production-market-data h:arena/01a0853d-iips-production-market-data h:arena/01a0a438-iips-production-market-data h:arena/01a0ae80-iips-production-market-data h:arena/01a0bdb5-iips-production-market-data h:arena/01a0c440-iips-production-market-data h:arena/01a0c86d-iips-production-market-data h:arena/01a0cf86-iips-production-market-data h:arena/01a0d1d3-iips-production-market-data h:arena/01a0d33d-iips-production-market-data h:m1-ad4-repair h:windows/d114-stage5-banking-repl	-,NO
ee926ce9ebcd0c3b684912862b621fcbca481529	iips-platform/tests/regression/program-v1.1-track3-replay-certification.test.ts	h:arena/01a0814b-iips-production-market-data h:arena/01a0853d-iips-production-market-data h:arena/01a0a438-iips-production-market-data h:arena/01a0ae80-iips-production-market-data h:arena/01a0bdb5-iips-production-market-data h:arena/01a0c440-iips-production-market-data h:arena/01a0c86d-iips-production-market-data h:arena/01a0cf86-iips-production-market-data h:arena/01a0d1d3-iips-production-market-data h:arena/01a0d33d-iips-production-market-data h:m1-ad4-repair h:windows/d114-stage5-banking-repl	-,NO
5c613c46018a0967d7bf30536b1c1f062ea0957c	iips-platform/tests/regression/program-v1.1-track6-csip-certification.test.ts	h:arena/01a0814b-iips-production-market-data h:arena/01a0853d-iips-production-market-data h:arena/01a0a438-iips-production-market-data h:arena/01a0ae80-iips-production-market-data h:arena/01a0bdb5-iips-production-market-data h:arena/01a0c440-iips-production-market-data h:arena/01a0c86d-iips-production-market-data h:arena/01a0cf86-iips-production-market-data h:arena/01a0d1d3-iips-production-market-data h:arena/01a0d33d-iips-production-market-data h:m1-ad4-repair h:windows/d114-stage5-banking-repl	-,NO
ffa58194122f9b307a785b824e5489a13e72a9cb	iips-platform/tests/regression/program-v1.1-track8-architecture-audit.test.ts	h:arena/01a0814b-iips-production-market-data h:arena/01a0853d-iips-production-market-data h:arena/01a0a438-iips-production-market-data h:arena/01a0ae80-iips-production-market-data h:arena/01a0bdb5-iips-production-market-data h:arena/01a0c440-iips-production-market-data h:arena/01a0c86d-iips-production-market-data h:arena/01a0cf86-iips-production-market-data h:arena/01a0d1d3-iips-production-market-data h:arena/01a0d33d-iips-production-market-data h:m1-ad4-repair h:windows/d114-stage5-banking-repl	-,NO
289ccb7ca29a0993d46c63793dc88c08ab4d577d	iips-platform/tests/regression/program-v2.0-final-certification.test.ts	h:arena/01a0814b-iips-production-market-data h:arena/01a0853d-iips-production-market-data h:arena/01a0a438-iips-production-market-data h:arena/01a0ae80-iips-production-market-data h:arena/01a0bdb5-iips-production-market-data h:arena/01a0c440-iips-production-market-data h:arena/01a0c86d-iips-production-market-data h:arena/01a0cf86-iips-production-market-data h:arena/01a0d1d3-iips-production-market-data h:arena/01a0d33d-iips-production-market-data h:m1-ad4-repair h:windows/d114-stage5-banking-repl	-,NO
1133c7fb63624fc5176a6fd6136d8da273943f24	iips-platform/tests/regression/program-v2.0-wp0-constitutional-guard.test.ts	h:arena/01a0814b-iips-production-market-data h:arena/01a0853d-iips-production-market-data h:arena/01a0a438-iips-production-market-data h:arena/01a0ae80-iips-production-market-data h:arena/01a0bdb5-iips-production-market-data h:arena/01a0c440-iips-production-market-data h:arena/01a0c86d-iips-production-market-data h:arena/01a0cf86-iips-production-market-data h:arena/01a0d1d3-iips-production-market-data h:arena/01a0d33d-iips-production-market-data h:m1-ad4-repair h:windows/d114-stage5-banking-repl	-,NO
99fd5b619374a09c570e55aa93211a928b041719	iips-platform/tests/regression/program-v2.0-wp1-distributed-runtime.test.ts	h:arena/01a0814b-iips-production-market-data h:arena/01a0853d-iips-production-market-data h:arena/01a0a438-iips-production-market-data h:arena/01a0ae80-iips-production-market-data h:arena/01a0bdb5-iips-production-market-data h:arena/01a0c440-iips-production-market-data h:arena/01a0c86d-iips-production-market-data h:arena/01a0cf86-iips-production-market-data h:arena/01a0d1d3-iips-production-market-data h:arena/01a0d33d-iips-production-market-data h:m1-ad4-repair h:windows/d114-stage5-banking-repl	-,NO
2942e17de6a8164c07a6be294e54ecb86fcfba72	iips-platform/tests/regression/program-v2.0-wp10-observability.test.ts	h:arena/01a0814b-iips-production-market-data h:arena/01a0853d-iips-production-market-data h:arena/01a0a438-iips-production-market-data h:arena/01a0ae80-iips-production-market-data h:arena/01a0bdb5-iips-production-market-data h:arena/01a0c440-iips-production-market-data h:arena/01a0c86d-iips-production-market-data h:m1-ad4-repair h:windows/d114-stage5-banking-replay-observation t:p14-r7-65b78f7 t:portfolio-option-a-cb969b6 t:post-cleanup-baseline-b46b4f4 t:temporary-cleanup-caf73ba	-,NO
69196bc99ed1c649d82bce84ed322e60adadef9d	iips-platform/tests/regression/program-v2.0-wp11-performance.test.ts	h:arena/01a0814b-iips-production-market-data h:arena/01a0853d-iips-production-market-data h:arena/01a0a438-iips-production-market-data h:arena/01a0ae80-iips-production-market-data h:arena/01a0bdb5-iips-production-market-data h:arena/01a0c440-iips-production-market-data h:arena/01a0c86d-iips-production-market-data h:arena/01a0cf86-iips-production-market-data h:arena/01a0d1d3-iips-production-market-data h:arena/01a0d33d-iips-production-market-data h:m1-ad4-repair h:windows/d114-stage5-banking-repl	-,NO
b4fb3a2c2f926d8932f37974f3d82961a89b45e8	iips-platform/tests/regression/program-v2.0-wp12-data-governance.test.ts	h:arena/01a0814b-iips-production-market-data h:arena/01a0853d-iips-production-market-data h:arena/01a0a438-iips-production-market-data h:arena/01a0ae80-iips-production-market-data h:arena/01a0bdb5-iips-production-market-data h:arena/01a0c440-iips-production-market-data h:arena/01a0c86d-iips-production-market-data h:arena/01a0cf86-iips-production-market-data h:arena/01a0d1d3-iips-production-market-data h:arena/01a0d33d-iips-production-market-data h:m1-ad4-repair h:windows/d114-stage5-banking-repl	-,NO
a36a982f61921411d8c4ee1d79b50bccbc581817	iips-platform/tests/regression/program-v2.0-wp13-dr.test.ts	h:arena/01a0814b-iips-production-market-data h:arena/01a0853d-iips-production-market-data h:arena/01a0a438-iips-production-market-data h:arena/01a0ae80-iips-production-market-data h:arena/01a0bdb5-iips-production-market-data h:arena/01a0c440-iips-production-market-data h:arena/01a0c86d-iips-production-market-data h:arena/01a0cf86-iips-production-market-data h:arena/01a0d1d3-iips-production-market-data h:arena/01a0d33d-iips-production-market-data h:m1-ad4-repair h:windows/d114-stage5-banking-repl	-,NO
70a29e2010c03e64fb67c65b75db8227d10959bf	iips-platform/tests/regression/program-v2.0-wp14-migration.test.ts	h:arena/01a0814b-iips-production-market-data h:arena/01a0853d-iips-production-market-data h:arena/01a0a438-iips-production-market-data h:arena/01a0ae80-iips-production-market-data h:arena/01a0bdb5-iips-production-market-data h:arena/01a0c440-iips-production-market-data h:arena/01a0c86d-iips-production-market-data h:arena/01a0cf86-iips-production-market-data h:arena/01a0d1d3-iips-production-market-data h:arena/01a0d33d-iips-production-market-data h:m1-ad4-repair h:windows/d114-stage5-banking-repl	-,NO
a0fe4c76226e75dbdde4340a47cab68ae7db2808	iips-platform/tests/regression/program-v2.0-wp15-security.test.ts	h:arena/01a0814b-iips-production-market-data h:arena/01a0853d-iips-production-market-data h:arena/01a0a438-iips-production-market-data h:arena/01a0ae80-iips-production-market-data h:arena/01a0bdb5-iips-production-market-data h:arena/01a0c440-iips-production-market-data h:arena/01a0c86d-iips-production-market-data h:arena/01a0cf86-iips-production-market-data h:arena/01a0d1d3-iips-production-market-data h:arena/01a0d33d-iips-production-market-data h:m1-ad4-repair h:windows/d114-stage5-banking-repl	-,NO
6b02391fa8d08e1df1f4b219647266b5fadc87db	iips-platform/tests/regression/program-v2.0-wp2-cloud-ha.test.ts	h:arena/01a0814b-iips-production-market-data h:arena/01a0853d-iips-production-market-data h:arena/01a0a438-iips-production-market-data h:arena/01a0ae80-iips-production-market-data h:arena/01a0bdb5-iips-production-market-data h:arena/01a0c440-iips-production-market-data h:arena/01a0c86d-iips-production-market-data h:arena/01a0cf86-iips-production-market-data h:arena/01a0d1d3-iips-production-market-data h:arena/01a0d33d-iips-production-market-data h:m1-ad4-repair h:windows/d114-stage5-banking-repl	-,NO
1b3460435d92e67c92b79d18c7263075fbcaef7a	iips-platform/tests/regression/program-v2.0-wp3-live-data.test.ts	h:arena/01a0814b-iips-production-market-data h:arena/01a0853d-iips-production-market-data h:arena/01a0a438-iips-production-market-data h:arena/01a0ae80-iips-production-market-data h:arena/01a0bdb5-iips-production-market-data h:arena/01a0c440-iips-production-market-data h:arena/01a0c86d-iips-production-market-data h:m1-ad4-repair h:windows/d114-stage5-banking-replay-observation t:p14-r7-65b78f7 t:portfolio-option-a-cb969b6 t:post-cleanup-baseline-b46b4f4 t:temporary-cleanup-caf73ba	-,NO
2ac7d7f2afff02725ac69a087d9d5b740af5d010	iips-platform/tests/regression/program-v2.0-wp4-enterprise.test.ts	h:arena/01a0814b-iips-production-market-data h:arena/01a0853d-iips-production-market-data h:arena/01a0a438-iips-production-market-data h:arena/01a0ae80-iips-production-market-data h:arena/01a0bdb5-iips-production-market-data h:arena/01a0c440-iips-production-market-data h:arena/01a0c86d-iips-production-market-data h:arena/01a0cf86-iips-production-market-data h:arena/01a0d1d3-iips-production-market-data h:arena/01a0d33d-iips-production-market-data h:m1-ad4-repair h:windows/d114-stage5-banking-repl	-,NO
6527c97f65444667d71cf5e09eed0a748e602b76	iips-platform/tests/regression/program-v2.0-wp5-ai.test.ts	h:arena/01a0814b-iips-production-market-data h:arena/01a0853d-iips-production-market-data h:arena/01a0a438-iips-production-market-data h:arena/01a0ae80-iips-production-market-data h:arena/01a0bdb5-iips-production-market-data h:arena/01a0c440-iips-production-market-data h:arena/01a0c86d-iips-production-market-data h:arena/01a0cf86-iips-production-market-data h:arena/01a0d1d3-iips-production-market-data h:arena/01a0d33d-iips-production-market-data h:m1-ad4-repair h:windows/d114-stage5-banking-repl	-,NO
e4fe693b4fe3da0b0eb89ecbc5b858c1ac7ac7b6	iips-platform/tests/regression/program-v2.0-wp6-marketplace.test.ts	h:arena/01a0814b-iips-production-market-data h:arena/01a0853d-iips-production-market-data h:arena/01a0a438-iips-production-market-data h:arena/01a0ae80-iips-production-market-data h:arena/01a0bdb5-iips-production-market-data h:arena/01a0c440-iips-production-market-data h:arena/01a0c86d-iips-production-market-data h:arena/01a0cf86-iips-production-market-data h:arena/01a0d1d3-iips-production-market-data h:arena/01a0d33d-iips-production-market-data h:m1-ad4-repair h:windows/d114-stage5-banking-repl	-,NO
831ac825e691b8b91deee1eaac5aa977168a7319	iips-platform/tests/regression/program-v2.0-wp7-workflow.test.ts	h:arena/01a0814b-iips-production-market-data h:arena/01a0853d-iips-production-market-data h:arena/01a0a438-iips-production-market-data h:arena/01a0ae80-iips-production-market-data h:arena/01a0bdb5-iips-production-market-data h:arena/01a0c440-iips-production-market-data h:arena/01a0c86d-iips-production-market-data h:arena/01a0cf86-iips-production-market-data h:arena/01a0d1d3-iips-production-market-data h:arena/01a0d33d-iips-production-market-data h:m1-ad4-repair h:windows/d114-stage5-banking-repl	-,NO
86e3ac8bad1136e63d57d9ab42857f0542248a74	iips-platform/tests/regression/program-v2.0-wp8-sdk.test.ts	h:arena/01a0814b-iips-production-market-data h:arena/01a0853d-iips-production-market-data h:arena/01a0a438-iips-production-market-data h:arena/01a0ae80-iips-production-market-data h:arena/01a0bdb5-iips-production-market-data h:arena/01a0c440-iips-production-market-data h:arena/01a0c86d-iips-production-market-data h:arena/01a0cf86-iips-production-market-data h:arena/01a0d1d3-iips-production-market-data h:arena/01a0d33d-iips-production-market-data h:m1-ad4-repair h:windows/d114-stage5-banking-repl	-,NO
8ef2c99e14d48896e0606a738e14f475cabf0bac	iips-platform/tests/regression/registry-immutability.test.ts	h:arena/01a0814b-iips-production-market-data h:arena/01a0853d-iips-production-market-data h:arena/01a0a438-iips-production-market-data h:arena/01a0ae80-iips-production-market-data h:arena/01a0bdb5-iips-production-market-data h:arena/01a0c440-iips-production-market-data h:arena/01a0c86d-iips-production-market-data h:arena/01a0cf86-iips-production-market-data h:arena/01a0d1d3-iips-production-market-data h:arena/01a0d33d-iips-production-market-data h:m1-ad4-repair h:windows/d114-stage5-banking-repl	-,NO
fe13c8e9e9fbfd0aedc4587e7660318b698c1e5a	iips-platform/tests/regression/runtime-lifecycle.test.ts	h:arena/01a0814b-iips-production-market-data h:arena/01a0853d-iips-production-market-data h:arena/01a0a438-iips-production-market-data h:arena/01a0ae80-iips-production-market-data h:arena/01a0bdb5-iips-production-market-data h:arena/01a0c440-iips-production-market-data h:arena/01a0c86d-iips-production-market-data h:arena/01a0cf86-iips-production-market-data h:arena/01a0d1d3-iips-production-market-data h:arena/01a0d33d-iips-production-market-data h:m1-ad4-repair h:windows/d114-stage5-banking-repl	-,NO
12ca4948d0d1d94b3e1f8275d80dc3855fae79bd	iips-platform/tests/regression/snapshot-replay.test.ts	h:arena/01a0814b-iips-production-market-data h:arena/01a0853d-iips-production-market-data h:arena/01a0a438-iips-production-market-data h:arena/01a0ae80-iips-production-market-data h:arena/01a0bdb5-iips-production-market-data h:arena/01a0c440-iips-production-market-data h:arena/01a0c86d-iips-production-market-data h:arena/01a0cf86-iips-production-market-data h:arena/01a0d1d3-iips-production-market-data h:arena/01a0d33d-iips-production-market-data h:m1-ad4-repair h:windows/d114-stage5-banking-repl	-,NO
f9f35d16a3823bc305bc2012ca965c950041ee5e	iips-platform/tests/regression/technology-acceptance.test.ts	h:arena/01a0814b-iips-production-market-data h:arena/01a0853d-iips-production-market-data h:arena/01a0a438-iips-production-market-data h:arena/01a0ae80-iips-production-market-data h:arena/01a0bdb5-iips-production-market-data h:arena/01a0c440-iips-production-market-data h:arena/01a0c86d-iips-production-market-data h:arena/01a0cf86-iips-production-market-data h:arena/01a0d1d3-iips-production-market-data h:arena/01a0d33d-iips-production-market-data h:m1-ad4-repair h:windows/d114-stage5-banking-repl	-,NO
5f105148399e85cbe9863c6c2a151686ae52b1cc	iips-platform/tests/regression/technology-framework-integration.test.ts	h:arena/01a0814b-iips-production-market-data h:arena/01a0853d-iips-production-market-data h:arena/01a0a438-iips-production-market-data h:arena/01a0ae80-iips-production-market-data h:arena/01a0bdb5-iips-production-market-data h:arena/01a0c440-iips-production-market-data h:arena/01a0c86d-iips-production-market-data h:arena/01a0cf86-iips-production-market-data h:arena/01a0d1d3-iips-production-market-data h:arena/01a0d33d-iips-production-market-data h:m1-ad4-repair h:windows/d114-stage5-banking-repl	-,NO
6001f007b7dc3e7dbc0cbd0149da85e8f15cbcd6	iips-platform/tests/regression/technology-reuse-verification.test.ts	h:arena/01a0814b-iips-production-market-data h:arena/01a0853d-iips-production-market-data h:arena/01a0a438-iips-production-market-data h:arena/01a0ae80-iips-production-market-data h:arena/01a0bdb5-iips-production-market-data h:arena/01a0c440-iips-production-market-data h:arena/01a0c86d-iips-production-market-data h:arena/01a0cf86-iips-production-market-data h:arena/01a0d1d3-iips-production-market-data h:arena/01a0d33d-iips-production-market-data h:m1-ad4-repair h:windows/d114-stage5-banking-repl	-,NO
e90a973a7ff15d29ff2602122d5192f4c4e4eb27	iips-platform/tests/regression/technology-wp4-validation.test.ts	h:arena/01a0814b-iips-production-market-data h:arena/01a0853d-iips-production-market-data h:arena/01a0a438-iips-production-market-data h:arena/01a0ae80-iips-production-market-data h:arena/01a0bdb5-iips-production-market-data h:arena/01a0c440-iips-production-market-data h:arena/01a0c86d-iips-production-market-data h:arena/01a0cf86-iips-production-market-data h:arena/01a0d1d3-iips-production-market-data h:arena/01a0d33d-iips-production-market-data h:m1-ad4-repair h:windows/d114-stage5-banking-repl	-,NO
86cf4b3ff9433d20fa9c8d46d2bc1273f40dd285	iips-platform/tests/regression/telecommunications-acceptance.test.ts	h:arena/01a0814b-iips-production-market-data h:arena/01a0853d-iips-production-market-data h:arena/01a0a438-iips-production-market-data h:arena/01a0ae80-iips-production-market-data h:arena/01a0bdb5-iips-production-market-data h:arena/01a0c440-iips-production-market-data h:arena/01a0c86d-iips-production-market-data h:arena/01a0cf86-iips-production-market-data h:arena/01a0d1d3-iips-production-market-data h:arena/01a0d33d-iips-production-market-data h:m1-ad4-repair h:windows/d114-stage5-banking-repl	-,NO
e9950b5636c6284713ed61404276d4cdd98a016f	iips-platform/tests/regression/telecommunications-framework-integration.test.ts	h:arena/01a0814b-iips-production-market-data h:arena/01a0853d-iips-production-market-data h:arena/01a0a438-iips-production-market-data h:arena/01a0ae80-iips-production-market-data h:arena/01a0bdb5-iips-production-market-data h:arena/01a0c440-iips-production-market-data h:arena/01a0c86d-iips-production-market-data h:arena/01a0cf86-iips-production-market-data h:arena/01a0d1d3-iips-production-market-data h:arena/01a0d33d-iips-production-market-data h:m1-ad4-repair h:windows/d114-stage5-banking-repl	-,NO
ec70fc39c0206057e2d90d4c183055b484f5accd	iips-platform/tests/regression/telecommunications-reuse-verification.test.ts	h:arena/01a0814b-iips-production-market-data h:arena/01a0853d-iips-production-market-data h:arena/01a0a438-iips-production-market-data h:arena/01a0ae80-iips-production-market-data h:arena/01a0bdb5-iips-production-market-data h:arena/01a0c440-iips-production-market-data h:arena/01a0c86d-iips-production-market-data h:arena/01a0cf86-iips-production-market-data h:arena/01a0d1d3-iips-production-market-data h:arena/01a0d33d-iips-production-market-data h:m1-ad4-repair h:windows/d114-stage5-banking-repl	-,NO
ac5521cd5e9f16048402b120d516bc3ae63e657a	iips-platform/tests/regression/telecommunications-wp4-validation.test.ts	h:arena/01a0814b-iips-production-market-data h:arena/01a0853d-iips-production-market-data h:arena/01a0a438-iips-production-market-data h:arena/01a0ae80-iips-production-market-data h:arena/01a0bdb5-iips-production-market-data h:arena/01a0c440-iips-production-market-data h:arena/01a0c86d-iips-production-market-data h:arena/01a0cf86-iips-production-market-data h:arena/01a0d1d3-iips-production-market-data h:arena/01a0d33d-iips-production-market-data h:m1-ad4-repair h:windows/d114-stage5-banking-repl	-,NO
019e0baa0a3cc63de16e9a5280038046b41f3905	iips-platform/tests/regression/utilities-acceptance.test.ts	h:arena/01a0814b-iips-production-market-data h:arena/01a0853d-iips-production-market-data h:arena/01a0a438-iips-production-market-data h:arena/01a0ae80-iips-production-market-data h:arena/01a0bdb5-iips-production-market-data h:arena/01a0c440-iips-production-market-data h:arena/01a0c86d-iips-production-market-data h:arena/01a0cf86-iips-production-market-data h:arena/01a0d1d3-iips-production-market-data h:arena/01a0d33d-iips-production-market-data h:m1-ad4-repair h:windows/d114-stage5-banking-repl	-,NO
4251621c10c3c9271ec0aaa9ebe8f6642d2251d1	iips-platform/tests/regression/utilities-framework-integration.test.ts	h:arena/01a0814b-iips-production-market-data h:arena/01a0853d-iips-production-market-data h:arena/01a0a438-iips-production-market-data h:arena/01a0ae80-iips-production-market-data h:arena/01a0bdb5-iips-production-market-data h:arena/01a0c440-iips-production-market-data h:arena/01a0c86d-iips-production-market-data h:arena/01a0cf86-iips-production-market-data h:arena/01a0d1d3-iips-production-market-data h:arena/01a0d33d-iips-production-market-data h:m1-ad4-repair h:windows/d114-stage5-banking-repl	-,NO
ba41b7bfb847eb374c65790dba140b36384fe835	iips-platform/tests/regression/utilities-reuse-verification.test.ts	h:arena/01a0814b-iips-production-market-data h:arena/01a0853d-iips-production-market-data h:arena/01a0a438-iips-production-market-data h:arena/01a0ae80-iips-production-market-data h:arena/01a0bdb5-iips-production-market-data h:arena/01a0c440-iips-production-market-data h:arena/01a0c86d-iips-production-market-data h:arena/01a0cf86-iips-production-market-data h:arena/01a0d1d3-iips-production-market-data h:arena/01a0d33d-iips-production-market-data h:m1-ad4-repair h:windows/d114-stage5-banking-repl	-,NO
6d0d635c41d6f907e22039dc6338d107d1f190a1	iips-platform/tests/regression/utilities-wp4-validation.test.ts	h:arena/01a0814b-iips-production-market-data h:arena/01a0853d-iips-production-market-data h:arena/01a0a438-iips-production-market-data h:arena/01a0ae80-iips-production-market-data h:arena/01a0bdb5-iips-production-market-data h:arena/01a0c440-iips-production-market-data h:arena/01a0c86d-iips-production-market-data h:arena/01a0cf86-iips-production-market-data h:arena/01a0d1d3-iips-production-market-data h:arena/01a0d33d-iips-production-market-data h:m1-ad4-repair h:windows/d114-stage5-banking-repl	-,NO
d88518bea85afd4f8a94d7875bd506b7232a0934	iips-platform/tsconfig.json	h:arena/01a0814b-iips-production-market-data h:arena/01a0853d-iips-production-market-data h:arena/01a0a438-iips-production-market-data h:arena/01a0ae80-iips-production-market-data h:arena/01a0bdb5-iips-production-market-data h:arena/01a0c440-iips-production-market-data h:arena/01a0c86d-iips-production-market-data h:arena/01a0cf86-iips-production-market-data h:arena/01a0d1d3-iips-production-market-data h:arena/01a0d33d-iips-production-market-data h:m1-ad4-repair h:windows/d114-stage5-banking-repl	-,NO
116d9ab15ce8391529a012213425a3ff6610a37f	p05/evidence-p05-02/00-INDEX.json	h:arena/01a0814b-iips-production-market-data h:arena/01a0853c-iips-production-market-data h:arena/01a0853d h:arena/01a0853d-iips-production-market-data h:arena/01a0a438-iips-production-market-data h:arena/01a0ae80-iips-production-market-data h:arena/01a0bdb5-iips-production-market-data h:arena/01a0c440-iips-production-market-data h:arena/01a0c86d-iips-production-market-data h:p14-implementation-recovered h:windows/d114-stage5-banking-replay-observation t:p14-r7-65b78f7 t:portfolio-option-a-cb969	-,NO
05a6d105839f89367766dde5adc25253a9f2a3cb	p05/evidence-p05-02/01-contract-manifest.json	h:arena/01a0814b-iips-production-market-data h:arena/01a0853c-iips-production-market-data h:arena/01a0853d h:arena/01a0853d-iips-production-market-data h:arena/01a0a438-iips-production-market-data h:arena/01a0ae80-iips-production-market-data h:arena/01a0bdb5-iips-production-market-data h:arena/01a0c440-iips-production-market-data h:arena/01a0c86d-iips-production-market-data h:p14-implementation-recovered h:windows/d114-stage5-banking-replay-observation t:p14-r7-65b78f7 t:portfolio-option-a-cb969	-,NO
dbe8cbdeda46f84ed106b39fe04f77006aa5024a	p05/evidence-p05-02/02-canonical-envelope.json	h:arena/01a0814b-iips-production-market-data h:arena/01a0853c-iips-production-market-data h:arena/01a0853d h:arena/01a0853d-iips-production-market-data h:arena/01a0a438-iips-production-market-data h:arena/01a0ae80-iips-production-market-data h:arena/01a0bdb5-iips-production-market-data h:arena/01a0c440-iips-production-market-data h:arena/01a0c86d-iips-production-market-data h:p14-implementation-recovered h:windows/d114-stage5-banking-replay-observation t:p14-r7-65b78f7 t:portfolio-option-a-cb969	-,NO
66467f9bb2db99ee3fc029f136795b68402ded09	p05/evidence-p05-02/03-field-mapping-boundary.json	h:arena/01a0814b-iips-production-market-data h:arena/01a0853c-iips-production-market-data h:arena/01a0853d h:arena/01a0853d-iips-production-market-data h:arena/01a0a438-iips-production-market-data h:arena/01a0ae80-iips-production-market-data h:arena/01a0bdb5-iips-production-market-data h:arena/01a0c440-iips-production-market-data h:arena/01a0c86d-iips-production-market-data h:p14-implementation-recovered h:windows/d114-stage5-banking-replay-observation t:p14-r7-65b78f7 t:portfolio-option-a-cb969	-,NO
28cb5b116a30d0ce033d20dab9f8024ee1c4960c	p05/evidence-p05-02/04-error-mapping.json	h:arena/01a0814b-iips-production-market-data h:arena/01a0853c-iips-production-market-data h:arena/01a0853d h:arena/01a0853d-iips-production-market-data h:arena/01a0a438-iips-production-market-data h:arena/01a0ae80-iips-production-market-data h:arena/01a0bdb5-iips-production-market-data h:arena/01a0c440-iips-production-market-data h:arena/01a0c86d-iips-production-market-data h:p14-implementation-recovered h:windows/d114-stage5-banking-replay-observation t:p14-r7-65b78f7 t:portfolio-option-a-cb969	-,NO
29fc5eaf551db31986839da71f90f31f8aa4ba5f	p05/evidence-p05-02/05-provenance-asof-version.json	h:arena/01a0814b-iips-production-market-data h:arena/01a0853c-iips-production-market-data h:arena/01a0853d h:arena/01a0853d-iips-production-market-data h:arena/01a0a438-iips-production-market-data h:arena/01a0ae80-iips-production-market-data h:arena/01a0bdb5-iips-production-market-data h:arena/01a0c440-iips-production-market-data h:arena/01a0c86d-iips-production-market-data h:p14-implementation-recovered h:windows/d114-stage5-banking-replay-observation t:p14-r7-65b78f7 t:portfolio-option-a-cb969	-,NO
47153d1943a7ec11ec940cc85503da617c26776e	p05/evidence-p05-02/06-identity-mapping-venue-lifecycle.json	h:arena/01a0814b-iips-production-market-data h:arena/01a0853c-iips-production-market-data h:arena/01a0853d h:arena/01a0853d-iips-production-market-data h:arena/01a0a438-iips-production-market-data h:arena/01a0ae80-iips-production-market-data h:arena/01a0bdb5-iips-production-market-data h:arena/01a0c440-iips-production-market-data h:arena/01a0c86d-iips-production-market-data h:p14-implementation-recovered h:windows/d114-stage5-banking-replay-observation t:p14-r7-65b78f7 t:portfolio-option-a-cb969	-,NO
f419885d7e97bd06e4b68f947f280172f8a23c5e	p05/evidence-p05-02/07-namespace.json	h:arena/01a0814b-iips-production-market-data h:arena/01a0853c-iips-production-market-data h:arena/01a0853d h:arena/01a0853d-iips-production-market-data h:arena/01a0a438-iips-production-market-data h:arena/01a0ae80-iips-production-market-data h:arena/01a0bdb5-iips-production-market-data h:arena/01a0c440-iips-production-market-data h:arena/01a0c86d-iips-production-market-data h:p14-implementation-recovered h:windows/d114-stage5-banking-replay-observation t:p14-r7-65b78f7 t:portfolio-option-a-cb969	-,NO
760c48b7c2a1fba31ef5a9abad246fa807665fe0	p05/evidence-p05-02/08-entitlement-credential-abstraction.json	h:arena/01a0814b-iips-production-market-data h:arena/01a0853c-iips-production-market-data h:arena/01a0853d h:arena/01a0853d-iips-production-market-data h:arena/01a0a438-iips-production-market-data h:arena/01a0ae80-iips-production-market-data h:arena/01a0bdb5-iips-production-market-data h:arena/01a0c440-iips-production-market-data h:arena/01a0c86d-iips-production-market-data h:p14-implementation-recovered h:windows/d114-stage5-banking-replay-observation t:p14-r7-65b78f7 t:portfolio-option-a-cb969	-,NO
902e4d0faead3509a496224cf64166f8ff386bad	p05/evidence-p05-02/09-capability-and-conformance.json	h:arena/01a0814b-iips-production-market-data h:arena/01a0853c-iips-production-market-data h:arena/01a0853d h:arena/01a0853d-iips-production-market-data h:arena/01a0a438-iips-production-market-data h:arena/01a0ae80-iips-production-market-data h:arena/01a0bdb5-iips-production-market-data h:arena/01a0c440-iips-production-market-data h:arena/01a0c86d-iips-production-market-data h:p14-implementation-recovered h:windows/d114-stage5-banking-replay-observation t:p14-r7-65b78f7 t:portfolio-option-a-cb969	-,NO
54b5db642b11449e77c865610a2f7b1b73245fdd	p05/evidence-p05-02/10-determinism-repeatability.json	h:arena/01a0814b-iips-production-market-data h:arena/01a0853c-iips-production-market-data h:arena/01a0853d h:arena/01a0853d-iips-production-market-data h:arena/01a0a438-iips-production-market-data h:arena/01a0ae80-iips-production-market-data h:arena/01a0bdb5-iips-production-market-data h:arena/01a0c440-iips-production-market-data h:arena/01a0c86d-iips-production-market-data h:p14-implementation-recovered h:windows/d114-stage5-banking-replay-observation t:p14-r7-65b78f7 t:portfolio-option-a-cb969	-,NO
72c55b9e1a0b8a7cdcea02f1b0d9b79bca8cf832	p05/evidence-p05-02/11-blocked-provider-dependent-items.json	h:arena/01a0814b-iips-production-market-data h:arena/01a0853c-iips-production-market-data h:arena/01a0853d h:arena/01a0853d-iips-production-market-data h:arena/01a0a438-iips-production-market-data h:arena/01a0ae80-iips-production-market-data h:arena/01a0bdb5-iips-production-market-data h:arena/01a0c440-iips-production-market-data h:arena/01a0c86d-iips-production-market-data h:p14-implementation-recovered h:windows/d114-stage5-banking-replay-observation t:p14-r7-65b78f7 t:portfolio-option-a-cb969	-,NO
fd7a304d0fc9a354bcce8c8f2608207e60949377	p05/evidence-p05-02/12-boundary-attestations.json	h:arena/01a0814b-iips-production-market-data h:arena/01a0853c-iips-production-market-data h:arena/01a0853d h:arena/01a0853d-iips-production-market-data h:arena/01a0a438-iips-production-market-data h:arena/01a0ae80-iips-production-market-data h:arena/01a0bdb5-iips-production-market-data h:arena/01a0c440-iips-production-market-data h:arena/01a0c86d-iips-production-market-data h:p14-implementation-recovered h:windows/d114-stage5-banking-replay-observation t:p14-r7-65b78f7 t:portfolio-option-a-cb969	-,NO
6d16b7595dac81635ac6aa4038d45351db3dac58	p05/evidence-p05-03/00-INDEX.json	h:arena/01a0814b-iips-production-market-data h:arena/01a0853c-iips-production-market-data h:arena/01a0853d h:arena/01a0853d-iips-production-market-data h:arena/01a0a438-iips-production-market-data h:arena/01a0ae80-iips-production-market-data h:arena/01a0bdb5-iips-production-market-data h:arena/01a0c440-iips-production-market-data h:arena/01a0c86d-iips-production-market-data h:p14-implementation-recovered h:windows/d114-stage5-banking-replay-observation t:p14-r7-65b78f7 t:portfolio-option-a-cb969	-,NO
7e751f29ad9e543ff03202f1908cd00626a3bb19	p05/evidence-p05-03/01-contract-manifest.json	h:arena/01a0814b-iips-production-market-data h:arena/01a0853c-iips-production-market-data h:arena/01a0853d h:arena/01a0853d-iips-production-market-data h:arena/01a0a438-iips-production-market-data h:arena/01a0ae80-iips-production-market-data h:arena/01a0bdb5-iips-production-market-data h:arena/01a0c440-iips-production-market-data h:arena/01a0c86d-iips-production-market-data h:p14-implementation-recovered h:windows/d114-stage5-banking-replay-observation t:p14-r7-65b78f7 t:portfolio-option-a-cb969	-,NO
1378ec5dfa975018d2373185aa82c8cb3b24ab02	p05/evidence-p05-03/02-capability-and-conformance.json	h:arena/01a0814b-iips-production-market-data h:arena/01a0853c-iips-production-market-data h:arena/01a0853d h:arena/01a0853d-iips-production-market-data h:arena/01a0a438-iips-production-market-data h:arena/01a0ae80-iips-production-market-data h:arena/01a0bdb5-iips-production-market-data h:arena/01a0c440-iips-production-market-data h:arena/01a0c86d-iips-production-market-data h:p14-implementation-recovered h:windows/d114-stage5-banking-replay-observation t:p14-r7-65b78f7 t:portfolio-option-a-cb969	-,NO
95f71f8a6b68c129a16ff99cff9cceb9450386a7	p05/evidence-p05-03/03-range-semantics.json	h:arena/01a0814b-iips-production-market-data h:arena/01a0853c-iips-production-market-data h:arena/01a0853d h:arena/01a0853d-iips-production-market-data h:arena/01a0a438-iips-production-market-data h:arena/01a0ae80-iips-production-market-data h:arena/01a0bdb5-iips-production-market-data h:arena/01a0c440-iips-production-market-data h:arena/01a0c86d-iips-production-market-data h:p14-implementation-recovered h:windows/d114-stage5-banking-replay-observation t:p14-r7-65b78f7 t:portfolio-option-a-cb969	-,NO
b7906a12a216d2dfd3cb09e22b1618031ba1049a	p05/evidence-p05-03/04-gaps-and-load-reconciliation.json	h:arena/01a0814b-iips-production-market-data h:arena/01a0853c-iips-production-market-data h:arena/01a0853d h:arena/01a0853d-iips-production-market-data h:arena/01a0a438-iips-production-market-data h:arena/01a0ae80-iips-production-market-data h:arena/01a0bdb5-iips-production-market-data h:arena/01a0c440-iips-production-market-data h:arena/01a0c86d-iips-production-market-data h:p14-implementation-recovered h:windows/d114-stage5-banking-replay-observation t:p14-r7-65b78f7 t:portfolio-option-a-cb969	-,NO
90800843cd73b943f97b3e89531c4eadbe60f096	p05/evidence-p05-03/05-reproducibility.json	h:arena/01a0814b-iips-production-market-data h:arena/01a0853c-iips-production-market-data h:arena/01a0853d h:arena/01a0853d-iips-production-market-data h:arena/01a0a438-iips-production-market-data h:arena/01a0ae80-iips-production-market-data h:arena/01a0bdb5-iips-production-market-data h:arena/01a0c440-iips-production-market-data h:arena/01a0c86d-iips-production-market-data h:p14-implementation-recovered h:windows/d114-stage5-banking-replay-observation t:p14-r7-65b78f7 t:portfolio-option-a-cb969	-,NO
ab96338408026fdae9bcba1671b4ccec726668a0	p05/evidence-p05-03/06-corrections-and-revisions.json	h:arena/01a0814b-iips-production-market-data h:arena/01a0853c-iips-production-market-data h:arena/01a0853d h:arena/01a0853d-iips-production-market-data h:arena/01a0a438-iips-production-market-data h:arena/01a0ae80-iips-production-market-data h:arena/01a0bdb5-iips-production-market-data h:arena/01a0c440-iips-production-market-data h:arena/01a0c86d-iips-production-market-data h:p14-implementation-recovered h:windows/d114-stage5-banking-replay-observation t:p14-r7-65b78f7 t:portfolio-option-a-cb969	-,NO
50bfe316d263420b50a1c84e8cd583fb894feabb	p05/evidence-p05-03/07-adjustment-declarations.json	h:arena/01a0814b-iips-production-market-data h:arena/01a0853c-iips-production-market-data h:arena/01a0853d h:arena/01a0853d-iips-production-market-data h:arena/01a0a438-iips-production-market-data h:arena/01a0ae80-iips-production-market-data h:arena/01a0bdb5-iips-production-market-data h:arena/01a0c440-iips-production-market-data h:arena/01a0c86d-iips-production-market-data h:p14-implementation-recovered h:windows/d114-stage5-banking-replay-observation t:p14-r7-65b78f7 t:portfolio-option-a-cb969	-,NO
8fc4a4ec1ff71fbe409bcf7705e563f85354e3a8	p05/evidence-p05-03/08-identity-stability.json	h:arena/01a0814b-iips-production-market-data h:arena/01a0853c-iips-production-market-data h:arena/01a0853d h:arena/01a0853d-iips-production-market-data h:arena/01a0a438-iips-production-market-data h:arena/01a0ae80-iips-production-market-data h:arena/01a0bdb5-iips-production-market-data h:arena/01a0c440-iips-production-market-data h:arena/01a0c86d-iips-production-market-data h:p14-implementation-recovered h:windows/d114-stage5-banking-replay-observation t:p14-r7-65b78f7 t:portfolio-option-a-cb969	-,NO
6f133916c9087943f660dcd5d9d5375bdfcda947	p05/evidence-p05-03/09-namespace-and-d02-fields.json	h:arena/01a0814b-iips-production-market-data h:arena/01a0853c-iips-production-market-data h:arena/01a0853d h:arena/01a0853d-iips-production-market-data h:arena/01a0a438-iips-production-market-data h:arena/01a0ae80-iips-production-market-data h:arena/01a0bdb5-iips-production-market-data h:arena/01a0c440-iips-production-market-data h:arena/01a0c86d-iips-production-market-data h:p14-implementation-recovered h:windows/d114-stage5-banking-replay-observation t:p14-r7-65b78f7 t:portfolio-option-a-cb969	-,NO
20f590e959bbea5518364a3f74235abc09fc3853	p05/evidence-p05-03/10-determinism-repeatability.json	h:arena/01a0814b-iips-production-market-data h:arena/01a0853c-iips-production-market-data h:arena/01a0853d h:arena/01a0853d-iips-production-market-data h:arena/01a0a438-iips-production-market-data h:arena/01a0ae80-iips-production-market-data h:arena/01a0bdb5-iips-production-market-data h:arena/01a0c440-iips-production-market-data h:arena/01a0c86d-iips-production-market-data h:p14-implementation-recovered h:windows/d114-stage5-banking-replay-observation t:p14-r7-65b78f7 t:portfolio-option-a-cb969	-,NO
514c668871a782e506feafab04d19f69c8035cee	p05/evidence-p05-03/11-blocked-and-open-items.json	h:arena/01a0814b-iips-production-market-data h:arena/01a0853c-iips-production-market-data h:arena/01a0853d h:arena/01a0853d-iips-production-market-data h:arena/01a0a438-iips-production-market-data h:arena/01a0ae80-iips-production-market-data h:arena/01a0bdb5-iips-production-market-data h:arena/01a0c440-iips-production-market-data h:arena/01a0c86d-iips-production-market-data h:p14-implementation-recovered h:windows/d114-stage5-banking-replay-observation t:p14-r7-65b78f7 t:portfolio-option-a-cb969	-,NO
9c25115a44b1a9c2ed7e90c5c07b9e5e7785f66b	p05/evidence-p05-03/12-boundary-attestations.json	h:arena/01a0814b-iips-production-market-data h:arena/01a0853c-iips-production-market-data h:arena/01a0853d h:arena/01a0853d-iips-production-market-data h:arena/01a0a438-iips-production-market-data h:arena/01a0ae80-iips-production-market-data h:arena/01a0bdb5-iips-production-market-data h:arena/01a0c440-iips-production-market-data h:arena/01a0c86d-iips-production-market-data h:p14-implementation-recovered h:windows/d114-stage5-banking-replay-observation t:p14-r7-65b78f7 t:portfolio-option-a-cb969	-,NO
7a321302fc699f7a7d4d1f14e676deaf554f9ea9	p05/evidence-p05-04/00-INDEX.json	h:arena/01a0814b-iips-production-market-data h:arena/01a0853c-iips-production-market-data h:arena/01a0853d h:arena/01a0853d-iips-production-market-data h:arena/01a0a438-iips-production-market-data h:arena/01a0ae80-iips-production-market-data h:arena/01a0bdb5-iips-production-market-data h:arena/01a0c440-iips-production-market-data h:arena/01a0c86d-iips-production-market-data h:p14-implementation-recovered h:windows/d114-stage5-banking-replay-observation t:p14-r7-65b78f7 t:portfolio-option-a-cb969	-,NO
18bc0669057a2da63988523f2c20323c740e3301	p05/evidence-p05-04/01-run-plan.json	h:arena/01a0814b-iips-production-market-data h:arena/01a0853c-iips-production-market-data h:arena/01a0853d h:arena/01a0853d-iips-production-market-data h:arena/01a0a438-iips-production-market-data h:arena/01a0ae80-iips-production-market-data h:arena/01a0bdb5-iips-production-market-data h:arena/01a0c440-iips-production-market-data h:arena/01a0c86d-iips-production-market-data h:p14-implementation-recovered h:windows/d114-stage5-banking-replay-observation t:p14-r7-65b78f7 t:portfolio-option-a-cb969	-,NO
247ac9fd7f3ed2123b5489d130598c2ca8d40df4	p05/evidence-p05-04/02-run-log-baseline.json	h:arena/01a0814b-iips-production-market-data h:arena/01a0853c-iips-production-market-data h:arena/01a0853d h:arena/01a0853d-iips-production-market-data h:arena/01a0a438-iips-production-market-data h:arena/01a0ae80-iips-production-market-data h:arena/01a0bdb5-iips-production-market-data h:arena/01a0c440-iips-production-market-data h:arena/01a0c86d-iips-production-market-data h:p14-implementation-recovered h:windows/d114-stage5-banking-replay-observation t:p14-r7-65b78f7 t:portfolio-option-a-cb969	-,NO
6ff66c5bfc917904c864c94286645e886e233438	p05/evidence-p05-04/03-run-log-with-failures.json	h:arena/01a0814b-iips-production-market-data h:arena/01a0853c-iips-production-market-data h:arena/01a0853d h:arena/01a0853d-iips-production-market-data h:arena/01a0a438-iips-production-market-data h:arena/01a0ae80-iips-production-market-data h:arena/01a0bdb5-iips-production-market-data h:arena/01a0c440-iips-production-market-data h:arena/01a0c86d-iips-production-market-data h:p14-implementation-recovered h:windows/d114-stage5-banking-replay-observation t:p14-r7-65b78f7 t:portfolio-option-a-cb969	-,NO
9b9e45450fe0861f6756731643a1410a532ac034	p05/evidence-p05-04/04-exit-criterion-replay-no-duplication.json	h:arena/01a0814b-iips-production-market-data h:arena/01a0853c-iips-production-market-data h:arena/01a0853d h:arena/01a0853d-iips-production-market-data h:arena/01a0a438-iips-production-market-data h:arena/01a0ae80-iips-production-market-data h:arena/01a0bdb5-iips-production-market-data h:arena/01a0c440-iips-production-market-data h:arena/01a0c86d-iips-production-market-data h:p14-implementation-recovered h:windows/d114-stage5-banking-replay-observation t:p14-r7-65b78f7 t:portfolio-option-a-cb969	-,NO
8a836da5d9fce8a2db814a00eae23b38c61d08e6	p05/evidence-p05-04/05-checkpoint-resume-after-interruption.json	h:arena/01a0814b-iips-production-market-data h:arena/01a0853c-iips-production-market-data h:arena/01a0853d h:arena/01a0853d-iips-production-market-data h:arena/01a0a438-iips-production-market-data h:arena/01a0ae80-iips-production-market-data h:arena/01a0bdb5-iips-production-market-data h:arena/01a0c440-iips-production-market-data h:arena/01a0c86d-iips-production-market-data h:p14-implementation-recovered h:windows/d114-stage5-banking-replay-observation t:p14-r7-65b78f7 t:portfolio-option-a-cb969	-,NO
173bebd890921000ed23c716d97ac82dae4180f9	p05/evidence-p05-04/06-retry-classification.json	h:arena/01a0814b-iips-production-market-data h:arena/01a0853c-iips-production-market-data h:arena/01a0853d h:arena/01a0853d-iips-production-market-data h:arena/01a0a438-iips-production-market-data h:arena/01a0ae80-iips-production-market-data h:arena/01a0bdb5-iips-production-market-data h:arena/01a0c440-iips-production-market-data h:arena/01a0c86d-iips-production-market-data h:p14-implementation-recovered h:windows/d114-stage5-banking-replay-observation t:p14-r7-65b78f7 t:portfolio-option-a-cb969	-,NO
efea68022429aa71d22757654f15ae218a00eb9c	p05/evidence-p05-04/07-boundary-attestations.json	h:arena/01a0814b-iips-production-market-data h:arena/01a0853c-iips-production-market-data h:arena/01a0853d h:arena/01a0853d-iips-production-market-data h:arena/01a0a438-iips-production-market-data h:arena/01a0ae80-iips-production-market-data h:arena/01a0bdb5-iips-production-market-data h:arena/01a0c440-iips-production-market-data h:arena/01a0c86d-iips-production-market-data h:p14-implementation-recovered h:windows/d114-stage5-banking-replay-observation t:p14-r7-65b78f7 t:portfolio-option-a-cb969	-,NO
0f6815049c9f2474fa5bcfd6ce759b2c549c0245	p05/evidence-p05-04/08-limitations-and-open-items.json	h:arena/01a0814b-iips-production-market-data h:arena/01a0853c-iips-production-market-data h:arena/01a0853d h:arena/01a0853d-iips-production-market-data h:arena/01a0a438-iips-production-market-data h:arena/01a0ae80-iips-production-market-data h:arena/01a0bdb5-iips-production-market-data h:arena/01a0c440-iips-production-market-data h:arena/01a0c86d-iips-production-market-data h:p14-implementation-recovered h:windows/d114-stage5-banking-replay-observation t:p14-r7-65b78f7 t:portfolio-option-a-cb969	-,NO
ea16f9a135c05852f48a86d4a50f8d957bc67f35	p05/evidence/00-INDEX.json	h:arena/01a0814b-iips-production-market-data h:arena/01a0853c-iips-production-market-data h:arena/01a0853d h:arena/01a0853d-iips-production-market-data h:arena/01a0a438-iips-production-market-data h:arena/01a0ae80-iips-production-market-data h:arena/01a0bdb5-iips-production-market-data h:arena/01a0c440-iips-production-market-data h:arena/01a0c86d-iips-production-market-data h:p14-implementation-recovered h:windows/d114-stage5-banking-replay-observation t:p14-r7-65b78f7 t:portfolio-option-a-cb969	-,NO
24d8fd61bccbfd568dcd56af813bf830d96f77e3	p05/evidence/01-fixture-manifest.json	h:arena/01a0814b-iips-production-market-data h:arena/01a0853c-iips-production-market-data h:arena/01a0853d h:arena/01a0853d-iips-production-market-data h:arena/01a0a438-iips-production-market-data h:arena/01a0ae80-iips-production-market-data h:arena/01a0bdb5-iips-production-market-data h:arena/01a0c440-iips-production-market-data h:arena/01a0c86d-iips-production-market-data h:p14-implementation-recovered h:windows/d114-stage5-banking-replay-observation t:p14-r7-65b78f7 t:portfolio-option-a-cb969	-,NO
47898623b0fbedcad605ef1c1b1a81d09eeabb87	p05/evidence/02-input-payloads.json	h:arena/01a0814b-iips-production-market-data h:arena/01a0853c-iips-production-market-data h:arena/01a0853d h:arena/01a0853d-iips-production-market-data h:arena/01a0a438-iips-production-market-data h:arena/01a0ae80-iips-production-market-data h:arena/01a0bdb5-iips-production-market-data h:arena/01a0c440-iips-production-market-data h:arena/01a0c86d-iips-production-market-data h:p14-implementation-recovered h:windows/d114-stage5-banking-replay-observation t:p14-r7-65b78f7 t:portfolio-option-a-cb969	-,NO
96065c0c74a681b97a60af9cf54ccb39efa1bdf5	p05/evidence/03-canonical-output.json	h:arena/01a0814b-iips-production-market-data h:arena/01a0853c-iips-production-market-data h:arena/01a0853d h:arena/01a0853d-iips-production-market-data h:arena/01a0a438-iips-production-market-data h:arena/01a0ae80-iips-production-market-data h:arena/01a0bdb5-iips-production-market-data h:arena/01a0c440-iips-production-market-data h:arena/01a0c86d-iips-production-market-data h:p14-implementation-recovered h:windows/d114-stage5-banking-replay-observation t:p14-r7-65b78f7 t:portfolio-option-a-cb969	-,NO
1906fc86a236b10b15113337ed54d7944fdba6c2	p05/evidence/04-provenance.json	h:arena/01a0814b-iips-production-market-data h:arena/01a0853c-iips-production-market-data h:arena/01a0853d h:arena/01a0853d-iips-production-market-data h:arena/01a0a438-iips-production-market-data h:arena/01a0ae80-iips-production-market-data h:arena/01a0bdb5-iips-production-market-data h:arena/01a0c440-iips-production-market-data h:arena/01a0c86d-iips-production-market-data h:p14-implementation-recovered h:windows/d114-stage5-banking-replay-observation t:p14-r7-65b78f7 t:portfolio-option-a-cb969	-,NO
4d049aa09f531970a50c34ce073274c083f95750	p05/evidence/05-asof-and-version.json	h:arena/01a0814b-iips-production-market-data h:arena/01a0853c-iips-production-market-data h:arena/01a0853d h:arena/01a0853d-iips-production-market-data h:arena/01a0a438-iips-production-market-data h:arena/01a0ae80-iips-production-market-data h:arena/01a0bdb5-iips-production-market-data h:arena/01a0c440-iips-production-market-data h:arena/01a0c86d-iips-production-market-data h:p14-implementation-recovered h:windows/d114-stage5-banking-replay-observation t:p14-r7-65b78f7 t:portfolio-option-a-cb969	-,NO
4d7ab16bb696843df51993f96c9231a52b7236a2	p05/evidence/06-replay.json	h:arena/01a0814b-iips-production-market-data h:arena/01a0853c-iips-production-market-data h:arena/01a0853d h:arena/01a0853d-iips-production-market-data h:arena/01a0a438-iips-production-market-data h:arena/01a0ae80-iips-production-market-data h:arena/01a0bdb5-iips-production-market-data h:arena/01a0c440-iips-production-market-data h:arena/01a0c86d-iips-production-market-data h:p14-implementation-recovered h:windows/d114-stage5-banking-replay-observation t:p14-r7-65b78f7 t:portfolio-option-a-cb969	-,NO
a693862639d16fff372f9d748e77049c569ea175	p05/evidence/07-idempotency.json	h:arena/01a0814b-iips-production-market-data h:arena/01a0853c-iips-production-market-data h:arena/01a0853d h:arena/01a0853d-iips-production-market-data h:arena/01a0a438-iips-production-market-data h:arena/01a0ae80-iips-production-market-data h:arena/01a0bdb5-iips-production-market-data h:arena/01a0c440-iips-production-market-data h:arena/01a0c86d-iips-production-market-data h:p14-implementation-recovered h:windows/d114-stage5-banking-replay-observation t:p14-r7-65b78f7 t:portfolio-option-a-cb969	-,NO
326ac604ce4889bf54a085d63234404e8fac8707	p05/evidence/08-negative-and-error.json	h:arena/01a0814b-iips-production-market-data h:arena/01a0853c-iips-production-market-data h:arena/01a0853d h:arena/01a0853d-iips-production-market-data h:arena/01a0a438-iips-production-market-data h:arena/01a0ae80-iips-production-market-data h:arena/01a0bdb5-iips-production-market-data h:arena/01a0c440-iips-production-market-data h:arena/01a0c86d-iips-production-market-data h:p14-implementation-recovered h:windows/d114-stage5-banking-replay-observation t:p14-r7-65b78f7 t:portfolio-option-a-cb969	-,NO
353e7fcb64f92f39a1c23daa3b9963e6b953ae56	p05/evidence/09-namespace-identity.json	h:arena/01a0814b-iips-production-market-data h:arena/01a0853c-iips-production-market-data h:arena/01a0853d h:arena/01a0853d-iips-production-market-data h:arena/01a0a438-iips-production-market-data h:arena/01a0ae80-iips-production-market-data h:arena/01a0bdb5-iips-production-market-data h:arena/01a0c440-iips-production-market-data h:arena/01a0c86d-iips-production-market-data h:p14-implementation-recovered h:windows/d114-stage5-banking-replay-observation t:p14-r7-65b78f7 t:portfolio-option-a-cb969	-,NO
81141ed7c159c13be4779ed3bed91784b827e78b	p05/evidence/10-repeatability.json	h:arena/01a0814b-iips-production-market-data h:arena/01a0853c-iips-production-market-data h:arena/01a0853d h:arena/01a0853d-iips-production-market-data h:arena/01a0a438-iips-production-market-data h:arena/01a0ae80-iips-production-market-data h:arena/01a0bdb5-iips-production-market-data h:arena/01a0c440-iips-production-market-data h:arena/01a0c86d-iips-production-market-data h:p14-implementation-recovered h:windows/d114-stage5-banking-replay-observation t:p14-r7-65b78f7 t:portfolio-option-a-cb969	-,NO
a4072fd7a47b59577788cad08b9bc87cdad8b52e	p05/evidence/11-vintage-drift.json	h:arena/01a0814b-iips-production-market-data h:arena/01a0853c-iips-production-market-data h:arena/01a0853d h:arena/01a0853d-iips-production-market-data h:arena/01a0a438-iips-production-market-data h:arena/01a0ae80-iips-production-market-data h:arena/01a0bdb5-iips-production-market-data h:arena/01a0c440-iips-production-market-data h:arena/01a0c86d-iips-production-market-data h:p14-implementation-recovered h:windows/d114-stage5-banking-replay-observation t:p14-r7-65b78f7 t:portfolio-option-a-cb969	-,NO
7ed0ada107dc3397cf1f89517b714b0c387796d3	p05/evidence/12-existing-iips-boundary.json	h:arena/01a0814b-iips-production-market-data h:arena/01a0853c-iips-production-market-data h:arena/01a0853d h:arena/01a0853d-iips-production-market-data h:arena/01a0a438-iips-production-market-data h:arena/01a0ae80-iips-production-market-data h:arena/01a0bdb5-iips-production-market-data h:arena/01a0c440-iips-production-market-data h:arena/01a0c86d-iips-production-market-data h:p14-implementation-recovered h:windows/d114-stage5-banking-replay-observation t:p14-r7-65b78f7 t:portfolio-option-a-cb969	-,NO
1aab5adbf481a2d838541751e9797a60a22e4aa0	p05/fixtures/adapter-contract-fixtures.json	h:arena/01a0814b-iips-production-market-data h:arena/01a0853c-iips-production-market-data h:arena/01a0853d h:arena/01a0853d-iips-production-market-data h:arena/01a0a438-iips-production-market-data h:arena/01a0ae80-iips-production-market-data h:arena/01a0bdb5-iips-production-market-data h:arena/01a0c440-iips-production-market-data h:arena/01a0c86d-iips-production-market-data h:p14-implementation-recovered h:windows/d114-stage5-banking-replay-observation t:p14-r7-65b78f7 t:portfolio-option-a-cb969	-,NO
1e136c8e7a00e3cac45ac15fabe532c7858cfe9e	p05/fixtures/feed-fixtures.json	h:arena/01a0814b-iips-production-market-data h:arena/01a0853c-iips-production-market-data h:arena/01a0853d h:arena/01a0853d-iips-production-market-data h:arena/01a0a438-iips-production-market-data h:arena/01a0ae80-iips-production-market-data h:arena/01a0bdb5-iips-production-market-data h:arena/01a0c440-iips-production-market-data h:arena/01a0c86d-iips-production-market-data h:p14-implementation-recovered h:windows/d114-stage5-banking-replay-observation t:p14-r7-65b78f7 t:portfolio-option-a-cb969	-,NO
d9e4bfe573b2dc1e2ffa5b6b22f613a693ca77a8	p05/fixtures/historical-contract-fixtures.json	h:arena/01a0814b-iips-production-market-data h:arena/01a0853c-iips-production-market-data h:arena/01a0853d h:arena/01a0853d-iips-production-market-data h:arena/01a0a438-iips-production-market-data h:arena/01a0ae80-iips-production-market-data h:arena/01a0bdb5-iips-production-market-data h:arena/01a0c440-iips-production-market-data h:arena/01a0c86d-iips-production-market-data h:p14-implementation-recovered h:windows/d114-stage5-banking-replay-observation t:p14-r7-65b78f7 t:portfolio-option-a-cb969	-,NO
5f3a092299c197767678b0d30634aa9e26ab2f8f	p05/fixtures/identity-fixtures.json	h:arena/01a0814b-iips-production-market-data h:arena/01a0853c-iips-production-market-data h:arena/01a0853d h:arena/01a0853d-iips-production-market-data h:arena/01a0a438-iips-production-market-data h:arena/01a0ae80-iips-production-market-data h:arena/01a0bdb5-iips-production-market-data h:arena/01a0c440-iips-production-market-data h:arena/01a0c86d-iips-production-market-data h:p14-implementation-recovered h:windows/d114-stage5-banking-replay-observation t:p14-r7-65b78f7 t:portfolio-option-a-cb969	-,NO
91f6439ce7a5804fa90fb4e698579fbc300634ad	p05/fixtures/provider-register.json	h:arena/01a0814b-iips-production-market-data h:arena/01a0853c-iips-production-market-data h:arena/01a0853d h:arena/01a0853d-iips-production-market-data h:arena/01a0a438-iips-production-market-data h:arena/01a0ae80-iips-production-market-data h:arena/01a0bdb5-iips-production-market-data h:arena/01a0c440-iips-production-market-data h:arena/01a0c86d-iips-production-market-data h:p14-implementation-recovered h:windows/d114-stage5-banking-replay-observation t:p14-r7-65b78f7 t:portfolio-option-a-cb969	-,NO
fdc0ab4b434ae036f6a56bc93aaf2c412d365d7c	p05/package.json	h:arena/01a0814b-iips-production-market-data h:arena/01a0853c-iips-production-market-data h:arena/01a0853d h:arena/01a0853d-iips-production-market-data h:arena/01a0a438-iips-production-market-data h:arena/01a0ae80-iips-production-market-data h:arena/01a0bdb5-iips-production-market-data h:arena/01a0c440-iips-production-market-data h:arena/01a0c86d-iips-production-market-data h:p14-implementation-recovered h:windows/d114-stage5-banking-replay-observation t:p14-r7-65b78f7 t:portfolio-option-a-cb969	-,NO
6056d7c1aa626f5de370f3e08af14518ddad24c9	p05/scripts/generate-evidence.js	h:arena/01a0814b-iips-production-market-data h:arena/01a0853c-iips-production-market-data h:arena/01a0853d h:arena/01a0853d-iips-production-market-data h:arena/01a0a438-iips-production-market-data h:arena/01a0ae80-iips-production-market-data h:arena/01a0bdb5-iips-production-market-data h:arena/01a0c440-iips-production-market-data h:arena/01a0c86d-iips-production-market-data h:p14-implementation-recovered h:windows/d114-stage5-banking-replay-observation t:p14-r7-65b78f7 t:portfolio-option-a-cb969	-,NO
5903dcc642f8920bc7e92199424303ea464f63c4	p05/scripts/generate-p05-02-evidence.js	h:arena/01a0814b-iips-production-market-data h:arena/01a0853c-iips-production-market-data h:arena/01a0853d h:arena/01a0853d-iips-production-market-data h:arena/01a0a438-iips-production-market-data h:arena/01a0ae80-iips-production-market-data h:arena/01a0bdb5-iips-production-market-data h:arena/01a0c440-iips-production-market-data h:arena/01a0c86d-iips-production-market-data h:p14-implementation-recovered h:windows/d114-stage5-banking-replay-observation t:p14-r7-65b78f7 t:portfolio-option-a-cb969	-,NO
f44f2ab65d41c8b89b249092e818f260f90d53eb	p05/scripts/generate-p05-03-evidence.js	h:arena/01a0814b-iips-production-market-data h:arena/01a0853c-iips-production-market-data h:arena/01a0853d h:arena/01a0853d-iips-production-market-data h:arena/01a0a438-iips-production-market-data h:arena/01a0ae80-iips-production-market-data h:arena/01a0bdb5-iips-production-market-data h:arena/01a0c440-iips-production-market-data h:arena/01a0c86d-iips-production-market-data h:p14-implementation-recovered h:windows/d114-stage5-banking-replay-observation t:p14-r7-65b78f7 t:portfolio-option-a-cb969	-,NO
dd8e3c712315f37f3609073103df2c951ff37eaa	p05/scripts/generate-p05-04-evidence.js	h:arena/01a0814b-iips-production-market-data h:arena/01a0853c-iips-production-market-data h:arena/01a0853d h:arena/01a0853d-iips-production-market-data h:arena/01a0a438-iips-production-market-data h:arena/01a0ae80-iips-production-market-data h:arena/01a0bdb5-iips-production-market-data h:arena/01a0c440-iips-production-market-data h:arena/01a0c86d-iips-production-market-data h:p14-implementation-recovered h:windows/d114-stage5-banking-replay-observation t:p14-r7-65b78f7 t:portfolio-option-a-cb969	-,NO
25dd45860cd080e94e649fc9bf00a28b4f639caa	p05/src/contract.js	h:arena/01a0814b-iips-production-market-data h:arena/01a0853c-iips-production-market-data h:arena/01a0853d h:arena/01a0853d-iips-production-market-data h:arena/01a0a438-iips-production-market-data h:arena/01a0a4a1-iips-production-market-data h:arena/01a0ae80-iips-production-market-data h:arena/01a0bdb5-iips-production-market-data h:arena/01a0c440-iips-production-market-data h:arena/01a0c86d-iips-production-market-data h:p14-implementation-recovered h:windows/d114-stage5-banking-replay-observatio	-,NO
533107ee3c2fdc6656402ce54c8c3676767c69dd	p05/src/errors.js	h:arena/01a0814b-iips-production-market-data h:arena/01a0853c-iips-production-market-data h:arena/01a0853d h:arena/01a0853d-iips-production-market-data h:arena/01a0a438-iips-production-market-data h:arena/01a0ae80-iips-production-market-data h:arena/01a0bdb5-iips-production-market-data h:arena/01a0c440-iips-production-market-data h:arena/01a0c86d-iips-production-market-data h:p14-implementation-recovered h:windows/d114-stage5-banking-replay-observation t:p14-r7-65b78f7 t:portfolio-option-a-cb969	-,NO
8c7a0a48a55f0f9fdc15eb60d446541fed0ebc1a	p05/src/historicalAdapterContract.js	h:arena/01a0814b-iips-production-market-data h:arena/01a0853c-iips-production-market-data h:arena/01a0853d h:arena/01a0853d-iips-production-market-data h:arena/01a0a438-iips-production-market-data h:arena/01a0ae80-iips-production-market-data h:arena/01a0bdb5-iips-production-market-data h:arena/01a0c440-iips-production-market-data h:arena/01a0c86d-iips-production-market-data h:p14-implementation-recovered h:windows/d114-stage5-banking-replay-observation t:p14-r7-65b78f7 t:portfolio-option-a-cb969	-,NO
914245a7e8e8cfacff68a2f5a83da4114b3cf2b1	p05/src/identity.js	h:arena/01a0814b-iips-production-market-data h:arena/01a0853c-iips-production-market-data h:arena/01a0853d h:arena/01a0853d-iips-production-market-data h:arena/01a0a438-iips-production-market-data h:arena/01a0a4a1-iips-production-market-data h:arena/01a0ae80-iips-production-market-data h:arena/01a0bdb5-iips-production-market-data h:arena/01a0c440-iips-production-market-data h:arena/01a0c86d-iips-production-market-data h:p14-implementation-recovered h:windows/d114-stage5-banking-replay-observatio	-,NO
8e4c660f4f649afea85a315d7da68e8ad42259fb	p05/src/ingestionOrchestrator.js	h:arena/01a0814b-iips-production-market-data h:arena/01a0853c-iips-production-market-data h:arena/01a0853d h:arena/01a0853d-iips-production-market-data h:arena/01a0a438-iips-production-market-data h:arena/01a0ae80-iips-production-market-data h:arena/01a0bdb5-iips-production-market-data h:arena/01a0c440-iips-production-market-data h:arena/01a0c86d-iips-production-market-data h:p14-implementation-recovered h:windows/d114-stage5-banking-replay-observation t:p14-r7-65b78f7 t:portfolio-option-a-cb969	-,NO
12ac42889b128900ce6a814ec7f8834bb7187da5	p05/src/liveAdapterContract.js	h:arena/01a0814b-iips-production-market-data h:arena/01a0853c-iips-production-market-data h:arena/01a0853d h:arena/01a0853d-iips-production-market-data h:arena/01a0a438-iips-production-market-data h:arena/01a0ae80-iips-production-market-data h:arena/01a0bdb5-iips-production-market-data h:arena/01a0c440-iips-production-market-data h:arena/01a0c86d-iips-production-market-data h:p14-implementation-recovered h:windows/d114-stage5-banking-replay-observation t:p14-r7-65b78f7 t:portfolio-option-a-cb969	-,NO
757fbce5590ae0c5d7b26c78f29a8d354cece6f7	p05/src/localFeed.js	h:arena/01a0814b-iips-production-market-data h:arena/01a0853c-iips-production-market-data h:arena/01a0853d h:arena/01a0853d-iips-production-market-data h:arena/01a0a438-iips-production-market-data h:arena/01a0ae80-iips-production-market-data h:arena/01a0bdb5-iips-production-market-data h:arena/01a0c440-iips-production-market-data h:arena/01a0c86d-iips-production-market-data h:p14-implementation-recovered h:windows/d114-stage5-banking-replay-observation t:p14-r7-65b78f7 t:portfolio-option-a-cb969	-,NO
2a2f975923723af6aad0fc3a9993971b799208ea	p05/src/namespace.js	h:arena/01a0814b-iips-production-market-data h:arena/01a0853c-iips-production-market-data h:arena/01a0853d h:arena/01a0853d-iips-production-market-data h:arena/01a0a438-iips-production-market-data h:arena/01a0a4a1-iips-production-market-data h:arena/01a0ae80-iips-production-market-data h:arena/01a0bdb5-iips-production-market-data h:arena/01a0c440-iips-production-market-data h:arena/01a0c86d-iips-production-market-data h:p14-implementation-recovered h:windows/d114-stage5-banking-replay-observatio	-,NO
b83d67c7481ede53804610392512f6ddb790d699	p05/src/replay.js	h:arena/01a0814b-iips-production-market-data h:arena/01a0853c-iips-production-market-data h:arena/01a0853d h:arena/01a0853d-iips-production-market-data h:arena/01a0a438-iips-production-market-data h:arena/01a0ae80-iips-production-market-data h:arena/01a0bdb5-iips-production-market-data h:arena/01a0c440-iips-production-market-data h:arena/01a0c86d-iips-production-market-data h:p14-implementation-recovered h:windows/d114-stage5-banking-replay-observation t:p14-r7-65b78f7 t:portfolio-option-a-cb969	-,NO
531e69cb099d50c0af4896eb3e4da753f2c112ca	p05/src/serialize.js	h:arena/01a0814b-iips-production-market-data h:arena/01a0853c-iips-production-market-data h:arena/01a0853d h:arena/01a0853d-iips-production-market-data h:arena/01a0a438-iips-production-market-data h:arena/01a0a4a1-iips-production-market-data h:arena/01a0ae80-iips-production-market-data h:arena/01a0bdb5-iips-production-market-data h:arena/01a0c440-iips-production-market-data h:arena/01a0c86d-iips-production-market-data h:p14-implementation-recovered h:windows/d114-stage5-banking-replay-observatio	-,NO
3bbc492ad8b2b0cbfd2bcd8323c502b4efe08e6c	p05/src/validate.js	h:arena/01a0814b-iips-production-market-data h:arena/01a0853c-iips-production-market-data h:arena/01a0853d h:arena/01a0853d-iips-production-market-data h:arena/01a0a438-iips-production-market-data h:arena/01a0ae80-iips-production-market-data h:arena/01a0bdb5-iips-production-market-data h:arena/01a0c440-iips-production-market-data h:arena/01a0c86d-iips-production-market-data h:p14-implementation-recovered h:windows/d114-stage5-banking-replay-observation t:p14-r7-65b78f7 t:portfolio-option-a-cb969	-,NO
aa270d144d8423e4649db4e691472d32601c1aa5	p05/tests/adapter-contract.test.js	h:arena/01a0814b-iips-production-market-data h:arena/01a0853c-iips-production-market-data h:arena/01a0853d h:arena/01a0853d-iips-production-market-data h:arena/01a0a438-iips-production-market-data h:arena/01a0ae80-iips-production-market-data h:arena/01a0bdb5-iips-production-market-data h:arena/01a0c440-iips-production-market-data h:arena/01a0c86d-iips-production-market-data h:p14-implementation-recovered h:windows/d114-stage5-banking-replay-observation t:p14-r7-65b78f7 t:portfolio-option-a-cb969	-,NO
eb9c8b180a50fd47a22a7912184fcac45c7f98da	p05/tests/determinism.test.js	h:arena/01a0814b-iips-production-market-data h:arena/01a0853c-iips-production-market-data h:arena/01a0853d h:arena/01a0853d-iips-production-market-data h:arena/01a0a438-iips-production-market-data h:arena/01a0ae80-iips-production-market-data h:arena/01a0bdb5-iips-production-market-data h:arena/01a0c440-iips-production-market-data h:arena/01a0c86d-iips-production-market-data h:p14-implementation-recovered h:windows/d114-stage5-banking-replay-observation t:p14-r7-65b78f7 t:portfolio-option-a-cb969	-,NO
2079a35968ab99dd7d43af780dff21d373909f4c	p05/tests/existing-iips-boundary.test.js	h:arena/01a0814b-iips-production-market-data h:arena/01a0853d-iips-production-market-data h:arena/01a0a438-iips-production-market-data h:arena/01a0ae80-iips-production-market-data h:arena/01a0bdb5-iips-production-market-data h:arena/01a0c440-iips-production-market-data h:arena/01a0c86d-iips-production-market-data h:p14-implementation-recovered h:windows/d114-stage5-banking-replay-observation t:p14-r7-65b78f7 t:portfolio-option-a-cb969b6 t:post-cleanup-baseline-b46b4f4 t:temporary-cleanup-caf73ba	-,NO
f323516c0213eeb031bab2221dd8ce0b5d76e491	p05/tests/helpers.js	h:arena/01a0814b-iips-production-market-data h:arena/01a0853c-iips-production-market-data h:arena/01a0853d h:arena/01a0853d-iips-production-market-data h:arena/01a0a438-iips-production-market-data h:arena/01a0ae80-iips-production-market-data h:arena/01a0bdb5-iips-production-market-data h:arena/01a0c440-iips-production-market-data h:arena/01a0c86d-iips-production-market-data h:p14-implementation-recovered h:windows/d114-stage5-banking-replay-observation t:p14-r7-65b78f7 t:portfolio-option-a-cb969	-,NO
e3993d10e1c082e4d18f951e65939f8038a520f2	p05/tests/historical-adapter-contract.test.js	h:arena/01a0814b-iips-production-market-data h:arena/01a0853c-iips-production-market-data h:arena/01a0853d h:arena/01a0853d-iips-production-market-data h:arena/01a0a438-iips-production-market-data h:arena/01a0ae80-iips-production-market-data h:arena/01a0bdb5-iips-production-market-data h:arena/01a0c440-iips-production-market-data h:arena/01a0c86d-iips-production-market-data h:p14-implementation-recovered h:windows/d114-stage5-banking-replay-observation t:p14-r7-65b78f7 t:portfolio-option-a-cb969	-,NO
478699632f6ea4523d163d418e63f8815300e0ff	p05/tests/identity-collision.test.js	h:arena/01a0814b-iips-production-market-data h:arena/01a0853c-iips-production-market-data h:arena/01a0853d h:arena/01a0853d-iips-production-market-data h:arena/01a0a438-iips-production-market-data h:arena/01a0ae80-iips-production-market-data h:arena/01a0bdb5-iips-production-market-data h:arena/01a0c440-iips-production-market-data h:arena/01a0c86d-iips-production-market-data h:p14-implementation-recovered h:windows/d114-stage5-banking-replay-observation t:p14-r7-65b78f7 t:portfolio-option-a-cb969	-,NO
00fd99d09edab110df862850b62acbed0cd5609a	p05/tests/mockLiveAdapter.js	h:arena/01a0814b-iips-production-market-data h:arena/01a0853c-iips-production-market-data h:arena/01a0853d h:arena/01a0853d-iips-production-market-data h:arena/01a0a438-iips-production-market-data h:arena/01a0ae80-iips-production-market-data h:arena/01a0bdb5-iips-production-market-data h:arena/01a0c440-iips-production-market-data h:arena/01a0c86d-iips-production-market-data h:p14-implementation-recovered h:windows/d114-stage5-banking-replay-observation t:p14-r7-65b78f7 t:portfolio-option-a-cb969	-,NO
ab84b14d2c93b477bd238c587590e676ded3e02a	p05/tests/namespace.test.js	h:arena/01a0814b-iips-production-market-data h:arena/01a0853c-iips-production-market-data h:arena/01a0853d h:arena/01a0853d-iips-production-market-data h:arena/01a0a438-iips-production-market-data h:arena/01a0ae80-iips-production-market-data h:arena/01a0bdb5-iips-production-market-data h:arena/01a0c440-iips-production-market-data h:arena/01a0c86d-iips-production-market-data h:p14-implementation-recovered h:windows/d114-stage5-banking-replay-observation t:p14-r7-65b78f7 t:portfolio-option-a-cb969	-,NO
7e622bd20c2c187387d7f8ddab77dc0564c1752f	p05/tests/negative.test.js	h:arena/01a0814b-iips-production-market-data h:arena/01a0853c-iips-production-market-data h:arena/01a0853d h:arena/01a0853d-iips-production-market-data h:arena/01a0a438-iips-production-market-data h:arena/01a0ae80-iips-production-market-data h:arena/01a0bdb5-iips-production-market-data h:arena/01a0c440-iips-production-market-data h:arena/01a0c86d-iips-production-market-data h:p14-implementation-recovered h:windows/d114-stage5-banking-replay-observation t:p14-r7-65b78f7 t:portfolio-option-a-cb969	-,NO
05b45fddfe0f710c95fe1514ff2dd75e3ccc6667	p05/tests/no-provider-dependency.test.js	h:arena/01a0814b-iips-production-market-data h:arena/01a0853c-iips-production-market-data h:arena/01a0853d h:arena/01a0853d-iips-production-market-data h:arena/01a0a438-iips-production-market-data h:arena/01a0ae80-iips-production-market-data h:arena/01a0bdb5-iips-production-market-data h:arena/01a0c440-iips-production-market-data h:arena/01a0c86d-iips-production-market-data h:p14-implementation-recovered h:windows/d114-stage5-banking-replay-observation t:p14-r7-65b78f7 t:portfolio-option-a-cb969	-,NO
078122fa33075945e34d8780daae01601778600e	p05/tests/orchestration.test.js	h:arena/01a0814b-iips-production-market-data h:arena/01a0853c-iips-production-market-data h:arena/01a0853d h:arena/01a0853d-iips-production-market-data h:arena/01a0a438-iips-production-market-data h:arena/01a0ae80-iips-production-market-data h:arena/01a0bdb5-iips-production-market-data h:arena/01a0c440-iips-production-market-data h:arena/01a0c86d-iips-production-market-data h:p14-implementation-recovered h:windows/d114-stage5-banking-replay-observation t:p14-r7-65b78f7 t:portfolio-option-a-cb969	-,NO
a9d315a8829814de532efa0b96525390a778d3ae	p05/tests/provenance.test.js	h:arena/01a0814b-iips-production-market-data h:arena/01a0853c-iips-production-market-data h:arena/01a0853d h:arena/01a0853d-iips-production-market-data h:arena/01a0a438-iips-production-market-data h:arena/01a0ae80-iips-production-market-data h:arena/01a0bdb5-iips-production-market-data h:arena/01a0c440-iips-production-market-data h:arena/01a0c86d-iips-production-market-data h:p14-implementation-recovered h:windows/d114-stage5-banking-replay-observation t:p14-r7-65b78f7 t:portfolio-option-a-cb969	-,NO
53a4a396f4fdb4a409679cacf2137c81db6733c2	p05/tests/replay-idempotency.test.js	h:arena/01a0814b-iips-production-market-data h:arena/01a0853c-iips-production-market-data h:arena/01a0853d h:arena/01a0853d-iips-production-market-data h:arena/01a0a438-iips-production-market-data h:arena/01a0ae80-iips-production-market-data h:arena/01a0bdb5-iips-production-market-data h:arena/01a0c440-iips-production-market-data h:arena/01a0c86d-iips-production-market-data h:p14-implementation-recovered h:windows/d114-stage5-banking-replay-observation t:p14-r7-65b78f7 t:portfolio-option-a-cb969	-,NO
89963eff5ede80fcdafc0947e7ef9958daf0459a	p06/evidence-p06-01/00-INDEX.json	h:arena/01a0814b-iips-production-market-data h:arena/01a0853c-iips-production-market-data h:arena/01a0853d h:arena/01a0853d-iips-production-market-data h:arena/01a0a438-iips-production-market-data h:arena/01a0ae80-iips-production-market-data h:arena/01a0bdb5-iips-production-market-data h:arena/01a0c440-iips-production-market-data h:arena/01a0c86d-iips-production-market-data h:p14-implementation-recovered h:windows/d114-stage5-banking-replay-observation t:p14-r7-65b78f7 t:portfolio-option-a-cb969	-,NO
20af026e6aa888afc6cf58da1288c862dc7f3b16	p06/evidence-p06-01/01-declared-mappings.json	h:arena/01a0814b-iips-production-market-data h:arena/01a0853c-iips-production-market-data h:arena/01a0853d h:arena/01a0853d-iips-production-market-data h:arena/01a0a438-iips-production-market-data h:arena/01a0ae80-iips-production-market-data h:arena/01a0bdb5-iips-production-market-data h:arena/01a0c440-iips-production-market-data h:arena/01a0c86d-iips-production-market-data h:p14-implementation-recovered h:windows/d114-stage5-banking-replay-observation t:p14-r7-65b78f7 t:portfolio-option-a-cb969	-,NO
928242cf3c6406639270dc5f37ddc590c6ade5b0	p06/evidence-p06-01/02-canonical-fixtures.json	h:arena/01a0814b-iips-production-market-data h:arena/01a0853c-iips-production-market-data h:arena/01a0853d h:arena/01a0853d-iips-production-market-data h:arena/01a0a438-iips-production-market-data h:arena/01a0ae80-iips-production-market-data h:arena/01a0bdb5-iips-production-market-data h:arena/01a0c440-iips-production-market-data h:arena/01a0c86d-iips-production-market-data h:p14-implementation-recovered h:windows/d114-stage5-banking-replay-observation t:p14-r7-65b78f7 t:portfolio-option-a-cb969	-,NO
227b8960cd0a74ff31fff9c309643c32f36feef1	p06/evidence-p06-01/03-exit-criterion-determinism.json	h:arena/01a0814b-iips-production-market-data h:arena/01a0853c-iips-production-market-data h:arena/01a0853d h:arena/01a0853d-iips-production-market-data h:arena/01a0a438-iips-production-market-data h:arena/01a0ae80-iips-production-market-data h:arena/01a0bdb5-iips-production-market-data h:arena/01a0c440-iips-production-market-data h:arena/01a0c86d-iips-production-market-data h:p14-implementation-recovered h:windows/d114-stage5-banking-replay-observation t:p14-r7-65b78f7 t:portfolio-option-a-cb969	-,NO
a9eb7a6f9385e98928869bfda24478778e218e71	p06/evidence-p06-01/04-containment-namespace-identity.json	h:arena/01a0814b-iips-production-market-data h:arena/01a0853c-iips-production-market-data h:arena/01a0853d h:arena/01a0853d-iips-production-market-data h:arena/01a0a438-iips-production-market-data h:arena/01a0ae80-iips-production-market-data h:arena/01a0bdb5-iips-production-market-data h:arena/01a0c440-iips-production-market-data h:arena/01a0c86d-iips-production-market-data h:p14-implementation-recovered h:windows/d114-stage5-banking-replay-observation t:p14-r7-65b78f7 t:portfolio-option-a-cb969	-,NO
c6ca2b6bcbd8a33250d91224587aa522bd2b36ff	p06/evidence-p06-01/05-engine-boundary.json	h:arena/01a0814b-iips-production-market-data h:arena/01a0853c-iips-production-market-data h:arena/01a0853d h:arena/01a0853d-iips-production-market-data h:arena/01a0a438-iips-production-market-data h:arena/01a0ae80-iips-production-market-data h:arena/01a0bdb5-iips-production-market-data h:arena/01a0c440-iips-production-market-data h:arena/01a0c86d-iips-production-market-data h:p14-implementation-recovered h:windows/d114-stage5-banking-replay-observation t:p14-r7-65b78f7 t:portfolio-option-a-cb969	-,NO
34486e8e93d255fc19cea3594c32eb9e53c5bdf3	p06/evidence-p06-01/06-negative-fail-closed.json	h:arena/01a0814b-iips-production-market-data h:arena/01a0853c-iips-production-market-data h:arena/01a0853d h:arena/01a0853d-iips-production-market-data h:arena/01a0a438-iips-production-market-data h:arena/01a0ae80-iips-production-market-data h:arena/01a0bdb5-iips-production-market-data h:arena/01a0c440-iips-production-market-data h:arena/01a0c86d-iips-production-market-data h:p14-implementation-recovered h:windows/d114-stage5-banking-replay-observation t:p14-r7-65b78f7 t:portfolio-option-a-cb969	-,NO
9412860d18d6e5d3f543181fcb8da889c43b7e57	p06/evidence-p06-01/07-scope-boundary.json	h:arena/01a0814b-iips-production-market-data h:arena/01a0853c-iips-production-market-data h:arena/01a0853d h:arena/01a0853d-iips-production-market-data h:arena/01a0a438-iips-production-market-data h:arena/01a0ae80-iips-production-market-data h:arena/01a0bdb5-iips-production-market-data h:arena/01a0c440-iips-production-market-data h:arena/01a0c86d-iips-production-market-data h:p14-implementation-recovered h:windows/d114-stage5-banking-replay-observation t:p14-r7-65b78f7 t:portfolio-option-a-cb969	-,NO
aba51ae2c8a75fb5d0ff062cafd0e79701da709a	p06/evidence-p06-01/08-limitations-and-open-items.json	h:arena/01a0814b-iips-production-market-data h:arena/01a0853c-iips-production-market-data h:arena/01a0853d h:arena/01a0853d-iips-production-market-data h:arena/01a0a438-iips-production-market-data h:arena/01a0ae80-iips-production-market-data h:arena/01a0bdb5-iips-production-market-data h:arena/01a0c440-iips-production-market-data h:arena/01a0c86d-iips-production-market-data h:p14-implementation-recovered h:windows/d114-stage5-banking-replay-observation t:p14-r7-65b78f7 t:portfolio-option-a-cb969	-,NO
dde9ae8d14fc6fc4d01a35715c24e1c0299f809d	p06/evidence-p06-02/00-INDEX.json	h:arena/01a0814b-iips-production-market-data h:arena/01a0853c-iips-production-market-data h:arena/01a0853d h:arena/01a0853d-iips-production-market-data h:arena/01a0a438-iips-production-market-data h:arena/01a0ae80-iips-production-market-data h:arena/01a0bdb5-iips-production-market-data h:arena/01a0c440-iips-production-market-data h:arena/01a0c86d-iips-production-market-data h:p14-implementation-recovered h:windows/d114-stage5-banking-replay-observation t:p14-r7-65b78f7 t:portfolio-option-a-cb969	-,NO
b01c63dd0c20023a79a942e219b6631ed8507cc2	p06/evidence-p06-02/01-bypass-inventory-before.json	h:arena/01a0814b-iips-production-market-data h:arena/01a0853c-iips-production-market-data h:arena/01a0853d h:arena/01a0853d-iips-production-market-data h:arena/01a0a438-iips-production-market-data h:arena/01a0ae80-iips-production-market-data h:arena/01a0bdb5-iips-production-market-data h:arena/01a0c440-iips-production-market-data h:arena/01a0c86d-iips-production-market-data h:p14-implementation-recovered h:windows/d114-stage5-banking-replay-observation t:p14-r7-65b78f7 t:portfolio-option-a-cb969	-,NO
b088aec5f6d7948b81f4d5c951836ede65772f25	p06/evidence-p06-02/02-governed-path.json	h:arena/01a0814b-iips-production-market-data h:arena/01a0853c-iips-production-market-data h:arena/01a0853d h:arena/01a0853d-iips-production-market-data h:arena/01a0a438-iips-production-market-data h:arena/01a0ae80-iips-production-market-data h:arena/01a0bdb5-iips-production-market-data h:arena/01a0c440-iips-production-market-data h:arena/01a0c86d-iips-production-market-data h:p14-implementation-recovered h:windows/d114-stage5-banking-replay-observation t:p14-r7-65b78f7 t:portfolio-option-a-cb969	-,NO
868c1c0141129a972397205d1792992a29c5a670	p06/evidence-p06-02/03-bypass-results.json	h:arena/01a0814b-iips-production-market-data h:arena/01a0853c-iips-production-market-data h:arena/01a0853d h:arena/01a0853d-iips-production-market-data h:arena/01a0a438-iips-production-market-data h:arena/01a0ae80-iips-production-market-data h:arena/01a0bdb5-iips-production-market-data h:arena/01a0c440-iips-production-market-data h:arena/01a0c86d-iips-production-market-data h:p14-implementation-recovered h:windows/d114-stage5-banking-replay-observation t:p14-r7-65b78f7 t:portfolio-option-a-cb969	-,NO
f528f2720ffa682467a454abe871894a352ac417	p06/evidence-p06-02/04-scope-boundary.json	h:arena/01a0814b-iips-production-market-data h:arena/01a0853c-iips-production-market-data h:arena/01a0853d h:arena/01a0853d-iips-production-market-data h:arena/01a0a438-iips-production-market-data h:arena/01a0ae80-iips-production-market-data h:arena/01a0bdb5-iips-production-market-data h:arena/01a0c440-iips-production-market-data h:arena/01a0c86d-iips-production-market-data h:p14-implementation-recovered h:windows/d114-stage5-banking-replay-observation t:p14-r7-65b78f7 t:portfolio-option-a-cb969	-,NO
8a28a214181eeae275045fff1861fa530ad5d6f9	p06/evidence-p06-02/05-limitations-and-open-items.json	h:arena/01a0814b-iips-production-market-data h:arena/01a0853c-iips-production-market-data h:arena/01a0853d h:arena/01a0853d-iips-production-market-data h:arena/01a0a438-iips-production-market-data h:arena/01a0ae80-iips-production-market-data h:arena/01a0bdb5-iips-production-market-data h:arena/01a0c440-iips-production-market-data h:arena/01a0c86d-iips-production-market-data h:p14-implementation-recovered h:windows/d114-stage5-banking-replay-observation t:p14-r7-65b78f7 t:portfolio-option-a-cb969	-,NO
b906d027f26384c402961f9705d6c5051bd0c5fc	p06/evidence-p06-03/00-INDEX.json	h:arena/01a0814b-iips-production-market-data h:arena/01a0853c-iips-production-market-data h:arena/01a0853d h:arena/01a0853d-iips-production-market-data h:arena/01a0a438-iips-production-market-data h:arena/01a0ae80-iips-production-market-data h:arena/01a0bdb5-iips-production-market-data h:arena/01a0c440-iips-production-market-data h:arena/01a0c86d-iips-production-market-data h:p14-implementation-recovered h:windows/d114-stage5-banking-replay-observation t:p14-r7-65b78f7 t:portfolio-option-a-cb969	-,NO
fe153c595197d231d9bddf97706e956651132db0	p06/evidence-p06-03/01-deduplication-rules.json	h:arena/01a0814b-iips-production-market-data h:arena/01a0853c-iips-production-market-data h:arena/01a0853d h:arena/01a0853d-iips-production-market-data h:arena/01a0a438-iips-production-market-data h:arena/01a0ae80-iips-production-market-data h:arena/01a0bdb5-iips-production-market-data h:arena/01a0c440-iips-production-market-data h:arena/01a0c86d-iips-production-market-data h:p14-implementation-recovered h:windows/d114-stage5-banking-replay-observation t:p14-r7-65b78f7 t:portfolio-option-a-cb969	-,NO
9e34802987ba9baf4b541389ae1b3dc7b8bd80f2	p06/evidence-p06-03/02-exit-criterion-repeated-ingestion-stable.json	h:arena/01a0814b-iips-production-market-data h:arena/01a0853c-iips-production-market-data h:arena/01a0853d h:arena/01a0853d-iips-production-market-data h:arena/01a0a438-iips-production-market-data h:arena/01a0ae80-iips-production-market-data h:arena/01a0bdb5-iips-production-market-data h:arena/01a0c440-iips-production-market-data h:arena/01a0c86d-iips-production-market-data h:p14-implementation-recovered h:windows/d114-stage5-banking-replay-observation t:p14-r7-65b78f7 t:portfolio-option-a-cb969	-,NO
2fa0ff1e3197e2cf77bcd415a190d057755dcdf6	p06/evidence-p06-03/03-requirement-axes.json	h:arena/01a0814b-iips-production-market-data h:arena/01a0853c-iips-production-market-data h:arena/01a0853d h:arena/01a0853d-iips-production-market-data h:arena/01a0a438-iips-production-market-data h:arena/01a0ae80-iips-production-market-data h:arena/01a0bdb5-iips-production-market-data h:arena/01a0c440-iips-production-market-data h:arena/01a0c86d-iips-production-market-data h:p14-implementation-recovered h:windows/d114-stage5-banking-replay-observation t:p14-r7-65b78f7 t:portfolio-option-a-cb969	-,NO
fa7fb242ebba630328890d14de6aa410d96aba18	p06/evidence-p06-03/04-distinctness-conflicts-bypass.json	h:arena/01a0814b-iips-production-market-data h:arena/01a0853c-iips-production-market-data h:arena/01a0853d h:arena/01a0853d-iips-production-market-data h:arena/01a0a438-iips-production-market-data h:arena/01a0ae80-iips-production-market-data h:arena/01a0bdb5-iips-production-market-data h:arena/01a0c440-iips-production-market-data h:arena/01a0c86d-iips-production-market-data h:p14-implementation-recovered h:windows/d114-stage5-banking-replay-observation t:p14-r7-65b78f7 t:portfolio-option-a-cb969	-,NO
9333c06c8eb38c7829ebf4ca5d76f9ef0586687a	p06/evidence-p06-03/05-scope-and-limitations.json	h:arena/01a0814b-iips-production-market-data h:arena/01a0853c-iips-production-market-data h:arena/01a0853d h:arena/01a0853d-iips-production-market-data h:arena/01a0a438-iips-production-market-data h:arena/01a0ae80-iips-production-market-data h:arena/01a0bdb5-iips-production-market-data h:arena/01a0c440-iips-production-market-data h:arena/01a0c86d-iips-production-market-data h:p14-implementation-recovered h:windows/d114-stage5-banking-replay-observation t:p14-r7-65b78f7 t:portfolio-option-a-cb969	-,NO
8c010500604c448fd6636fb049b7f9fda52232a9	p06/fixtures/normalization-fixtures.json	h:arena/01a0814b-iips-production-market-data h:arena/01a0853c-iips-production-market-data h:arena/01a0853d h:arena/01a0853d-iips-production-market-data h:arena/01a0a438-iips-production-market-data h:arena/01a0ae80-iips-production-market-data h:arena/01a0bdb5-iips-production-market-data h:arena/01a0c440-iips-production-market-data h:arena/01a0c86d-iips-production-market-data h:p14-implementation-recovered h:windows/d114-stage5-banking-replay-observation t:p14-r7-65b78f7 t:portfolio-option-a-cb969	-,NO
aeeae3bf924a1d41040738a8f5e9eb3725ae5657	p06/package.json	h:arena/01a0814b-iips-production-market-data h:arena/01a0853c-iips-production-market-data h:arena/01a0853d h:arena/01a0853d-iips-production-market-data h:arena/01a0a438-iips-production-market-data h:arena/01a0ae80-iips-production-market-data h:arena/01a0bdb5-iips-production-market-data h:arena/01a0c440-iips-production-market-data h:arena/01a0c86d-iips-production-market-data h:p14-implementation-recovered h:windows/d114-stage5-banking-replay-observation t:p14-r7-65b78f7 t:portfolio-option-a-cb969	-,NO
76b4e7dc44b1ed700b8c0368f426f9ee18c40f5d	p06/scripts/generate-p06-01-evidence.js	h:arena/01a0814b-iips-production-market-data h:arena/01a0853c-iips-production-market-data h:arena/01a0853d h:arena/01a0853d-iips-production-market-data h:arena/01a0a438-iips-production-market-data h:arena/01a0ae80-iips-production-market-data h:arena/01a0bdb5-iips-production-market-data h:arena/01a0c440-iips-production-market-data h:arena/01a0c86d-iips-production-market-data h:p14-implementation-recovered h:windows/d114-stage5-banking-replay-observation t:p14-r7-65b78f7 t:portfolio-option-a-cb969	-,NO
5e478d5593ff3db504c78e456312e5d0ded76380	p06/scripts/generate-p06-02-evidence.js	h:arena/01a0814b-iips-production-market-data h:arena/01a0853c-iips-production-market-data h:arena/01a0853d h:arena/01a0853d-iips-production-market-data h:arena/01a0a438-iips-production-market-data h:arena/01a0ae80-iips-production-market-data h:arena/01a0bdb5-iips-production-market-data h:arena/01a0c440-iips-production-market-data h:arena/01a0c86d-iips-production-market-data h:p14-implementation-recovered h:windows/d114-stage5-banking-replay-observation t:p14-r7-65b78f7 t:portfolio-option-a-cb969	-,NO
91d2dd79e956c1de0161955b1799f41f1b09d537	p06/scripts/generate-p06-03-evidence.js	h:arena/01a0814b-iips-production-market-data h:arena/01a0853c-iips-production-market-data h:arena/01a0853d h:arena/01a0853d-iips-production-market-data h:arena/01a0a438-iips-production-market-data h:arena/01a0ae80-iips-production-market-data h:arena/01a0bdb5-iips-production-market-data h:arena/01a0c440-iips-production-market-data h:arena/01a0c86d-iips-production-market-data h:p14-implementation-recovered h:windows/d114-stage5-banking-replay-observation t:p14-r7-65b78f7 t:portfolio-option-a-cb969	-,NO
257b99e0456fb2648c91f5b19759ef02b932c7c8	p06/src/deduplicationRules.js	h:arena/01a0814b-iips-production-market-data h:arena/01a0853c-iips-production-market-data h:arena/01a0853d h:arena/01a0853d-iips-production-market-data h:arena/01a0a438-iips-production-market-data h:arena/01a0ae80-iips-production-market-data h:arena/01a0bdb5-iips-production-market-data h:arena/01a0c440-iips-production-market-data h:arena/01a0c86d-iips-production-market-data h:p14-implementation-recovered h:windows/d114-stage5-banking-replay-observation t:p14-r7-65b78f7 t:portfolio-option-a-cb969	-,NO
f1a5389a348b18351e8d2bacaf5d1179c9426816	p06/src/identityResolution.js	h:arena/01a0814b-iips-production-market-data h:arena/01a0853c-iips-production-market-data h:arena/01a0853d h:arena/01a0853d-iips-production-market-data h:arena/01a0a438-iips-production-market-data h:arena/01a0ae80-iips-production-market-data h:arena/01a0bdb5-iips-production-market-data h:arena/01a0c440-iips-production-market-data h:arena/01a0c86d-iips-production-market-data h:p14-implementation-recovered h:windows/d114-stage5-banking-replay-observation t:p14-r7-65b78f7 t:portfolio-option-a-cb969	-,NO
7b816034eb2c7536d438a5eb836a9b54c9eeb13d	p06/src/mappingDeclaration.js	h:arena/01a0814b-iips-production-market-data h:arena/01a0853c-iips-production-market-data h:arena/01a0853d h:arena/01a0853d-iips-production-market-data h:arena/01a0a438-iips-production-market-data h:arena/01a0ae80-iips-production-market-data h:arena/01a0bdb5-iips-production-market-data h:arena/01a0c440-iips-production-market-data h:arena/01a0c86d-iips-production-market-data h:p14-implementation-recovered h:windows/d114-stage5-banking-replay-observation t:p14-r7-65b78f7 t:portfolio-option-a-cb969	-,NO
70524298386835a24c48d82fc8457ddd9d881c75	p06/src/normalizationPipeline.js	h:arena/01a0814b-iips-production-market-data h:arena/01a0853c-iips-production-market-data h:arena/01a0853d h:arena/01a0853d-iips-production-market-data h:arena/01a0a438-iips-production-market-data h:arena/01a0ae80-iips-production-market-data h:arena/01a0bdb5-iips-production-market-data h:arena/01a0c440-iips-production-market-data h:arena/01a0c86d-iips-production-market-data h:p14-implementation-recovered h:windows/d114-stage5-banking-replay-observation t:p14-r7-65b78f7 t:portfolio-option-a-cb969	-,NO
696feef205f40f47d73da142dffc98b43b4f0c57	p06/src/rawCanonicalBoundary.js	h:arena/01a0814b-iips-production-market-data h:arena/01a0853c-iips-production-market-data h:arena/01a0853d h:arena/01a0853d-iips-production-market-data h:arena/01a0a438-iips-production-market-data h:arena/01a0ae80-iips-production-market-data h:arena/01a0bdb5-iips-production-market-data h:arena/01a0c440-iips-production-market-data h:arena/01a0c86d-iips-production-market-data h:p14-implementation-recovered h:windows/d114-stage5-banking-replay-observation t:p14-r7-65b78f7 t:portfolio-option-a-cb969	-,NO
f473a06b69e8295e582093001da27d5f6b761ee7	p06/tests/deduplication.test.js	h:arena/01a0814b-iips-production-market-data h:arena/01a0853c-iips-production-market-data h:arena/01a0853d h:arena/01a0853d-iips-production-market-data h:arena/01a0a438-iips-production-market-data h:arena/01a0ae80-iips-production-market-data h:arena/01a0bdb5-iips-production-market-data h:arena/01a0c440-iips-production-market-data h:arena/01a0c86d-iips-production-market-data h:p14-implementation-recovered h:windows/d114-stage5-banking-replay-observation t:p14-r7-65b78f7 t:portfolio-option-a-cb969	-,NO
7007423e2acff0d15b1b29d1cd69edff7ceb0f66	p06/tests/helpers.js	h:arena/01a0814b-iips-production-market-data h:arena/01a0853c-iips-production-market-data h:arena/01a0853d h:arena/01a0853d-iips-production-market-data h:arena/01a0a438-iips-production-market-data h:arena/01a0ae80-iips-production-market-data h:arena/01a0bdb5-iips-production-market-data h:arena/01a0c440-iips-production-market-data h:arena/01a0c86d-iips-production-market-data h:p14-implementation-recovered h:windows/d114-stage5-banking-replay-observation t:p14-r7-65b78f7 t:portfolio-option-a-cb969	-,NO
ca57fd3e7691619bec9be5c98510dd21f69df349	p06/tests/normalization.test.js	h:arena/01a0814b-iips-production-market-data h:arena/01a0853c-iips-production-market-data h:arena/01a0853d h:arena/01a0853d-iips-production-market-data h:arena/01a0a438-iips-production-market-data h:arena/01a0ae80-iips-production-market-data h:arena/01a0bdb5-iips-production-market-data h:arena/01a0c440-iips-production-market-data h:arena/01a0c86d-iips-production-market-data h:p14-implementation-recovered h:windows/d114-stage5-banking-replay-observation t:p14-r7-65b78f7 t:portfolio-option-a-cb969	-,NO
7140a9cc563e04c51826c225140e967086311d9f	p06/tests/rawCanonicalBoundary.test.js	h:arena/01a0814b-iips-production-market-data h:arena/01a0853c-iips-production-market-data h:arena/01a0853d h:arena/01a0853d-iips-production-market-data h:arena/01a0a438-iips-production-market-data h:arena/01a0ae80-iips-production-market-data h:arena/01a0bdb5-iips-production-market-data h:arena/01a0c440-iips-production-market-data h:arena/01a0c86d-iips-production-market-data h:p14-implementation-recovered h:windows/d114-stage5-banking-replay-observation t:p14-r7-65b78f7 t:portfolio-option-a-cb969	-,NO
2b26144284108c83c1915367487b19fc384db05c	p07/package.json	h:arena/01a0814b-iips-production-market-data h:arena/01a0853d h:arena/01a0853d-iips-production-market-data h:arena/01a0a438-iips-production-market-data h:arena/01a0ae80-iips-production-market-data h:arena/01a0bdb5-iips-production-market-data h:arena/01a0c440-iips-production-market-data h:arena/01a0c86d-iips-production-market-data h:p14-implementation-recovered h:windows/d114-stage5-banking-replay-observation t:p14-r7-65b78f7 t:portfolio-option-a-cb969b6 t:post-cleanup-baseline-b46b4f4 t:temporar	-,NO
cf11b8025796f02419ac5975bd44cce6904e38aa	p07/src/degradedStateContract.js	h:arena/01a0814b-iips-production-market-data h:arena/01a0853d h:arena/01a0853d-iips-production-market-data h:arena/01a0a438-iips-production-market-data h:arena/01a0ae80-iips-production-market-data h:arena/01a0bdb5-iips-production-market-data h:arena/01a0c440-iips-production-market-data h:arena/01a0c86d-iips-production-market-data h:p14-implementation-recovered h:windows/d114-stage5-banking-replay-observation t:p14-r7-65b78f7 t:portfolio-option-a-cb969b6 t:post-cleanup-baseline-b46b4f4 t:temporar	-,NO
d6531ed2d6648ed0d42b8ab8676a6f958c7fe0aa	p07/src/freshnessEvaluation.js	h:arena/01a0814b-iips-production-market-data h:arena/01a0853d h:arena/01a0853d-iips-production-market-data h:arena/01a0a438-iips-production-market-data h:arena/01a0ae80-iips-production-market-data h:arena/01a0bdb5-iips-production-market-data h:arena/01a0c440-iips-production-market-data h:arena/01a0c86d-iips-production-market-data h:p14-implementation-recovered h:windows/d114-stage5-banking-replay-observation t:p14-r7-65b78f7 t:portfolio-option-a-cb969b6 t:post-cleanup-baseline-b46b4f4 t:temporar	-,NO
f516b1e6a4c6e11956a35fb994b7ed2957895e3f	p07/src/providerReconciliation.js	h:arena/01a0814b-iips-production-market-data h:arena/01a0853d h:arena/01a0853d-iips-production-market-data h:arena/01a0a438-iips-production-market-data h:arena/01a0ae80-iips-production-market-data h:arena/01a0bdb5-iips-production-market-data h:arena/01a0c440-iips-production-market-data h:arena/01a0c86d-iips-production-market-data h:p14-implementation-recovered h:windows/d114-stage5-banking-replay-observation t:p14-r7-65b78f7 t:portfolio-option-a-cb969b6 t:post-cleanup-baseline-b46b4f4 t:temporar	-,NO
8f3d861c98881e9411c15bbaf7be5ca03ad5b52a	p07/src/qualityRuleFramework.js	h:arena/01a0814b-iips-production-market-data h:arena/01a0853d h:arena/01a0853d-iips-production-market-data h:arena/01a0a438-iips-production-market-data h:arena/01a0ae80-iips-production-market-data h:arena/01a0bdb5-iips-production-market-data h:arena/01a0c440-iips-production-market-data h:arena/01a0c86d-iips-production-market-data h:p14-implementation-recovered h:windows/d114-stage5-banking-replay-observation t:p14-r7-65b78f7 t:portfolio-option-a-cb969b6 t:post-cleanup-baseline-b46b4f4 t:temporar	-,NO
cc0ba4d23d4af2ab633ce4e0607863ce0fdb03fa	p07/tests/degradedStateContract.test.js	h:arena/01a0814b-iips-production-market-data h:arena/01a0853d h:arena/01a0853d-iips-production-market-data h:arena/01a0a438-iips-production-market-data h:arena/01a0ae80-iips-production-market-data h:arena/01a0bdb5-iips-production-market-data h:arena/01a0c440-iips-production-market-data h:arena/01a0c86d-iips-production-market-data h:p14-implementation-recovered h:windows/d114-stage5-banking-replay-observation t:p14-r7-65b78f7 t:portfolio-option-a-cb969b6 t:post-cleanup-baseline-b46b4f4 t:temporar	-,NO
f6af9c48ccb9ef92c26407a4f78a06ade83b2532	p07/tests/freshnessEvaluation.test.js	h:arena/01a0814b-iips-production-market-data h:arena/01a0853d h:arena/01a0853d-iips-production-market-data h:arena/01a0a438-iips-production-market-data h:arena/01a0ae80-iips-production-market-data h:arena/01a0bdb5-iips-production-market-data h:arena/01a0c440-iips-production-market-data h:arena/01a0c86d-iips-production-market-data h:p14-implementation-recovered h:windows/d114-stage5-banking-replay-observation t:p14-r7-65b78f7 t:portfolio-option-a-cb969b6 t:post-cleanup-baseline-b46b4f4 t:temporar	-,NO
5d469b62e414e47431f3c3b4bd19ec24b3ae6811	p07/tests/helpers.js	h:arena/01a0814b-iips-production-market-data h:arena/01a0853d h:arena/01a0853d-iips-production-market-data h:arena/01a0a438-iips-production-market-data h:arena/01a0ae80-iips-production-market-data h:arena/01a0bdb5-iips-production-market-data h:arena/01a0c440-iips-production-market-data h:arena/01a0c86d-iips-production-market-data h:p14-implementation-recovered h:windows/d114-stage5-banking-replay-observation t:p14-r7-65b78f7 t:portfolio-option-a-cb969b6 t:post-cleanup-baseline-b46b4f4 t:temporar	-,NO
1d8e806a69445e18505590c23bb7c0594d8b5d66	p07/tests/providerReconciliation.test.js	h:arena/01a0814b-iips-production-market-data h:arena/01a0853d h:arena/01a0853d-iips-production-market-data h:arena/01a0a438-iips-production-market-data h:arena/01a0ae80-iips-production-market-data h:arena/01a0bdb5-iips-production-market-data h:arena/01a0c440-iips-production-market-data h:arena/01a0c86d-iips-production-market-data h:p14-implementation-recovered h:windows/d114-stage5-banking-replay-observation t:p14-r7-65b78f7 t:portfolio-option-a-cb969b6 t:post-cleanup-baseline-b46b4f4 t:temporar	-,NO
a57d3633284dfc3dedd75a40444c9825f14577b1	p07/tests/qualityRuleFramework.test.js	h:arena/01a0814b-iips-production-market-data h:arena/01a0853d h:arena/01a0853d-iips-production-market-data h:arena/01a0a438-iips-production-market-data h:arena/01a0ae80-iips-production-market-data h:arena/01a0bdb5-iips-production-market-data h:arena/01a0c440-iips-production-market-data h:arena/01a0c86d-iips-production-market-data h:p14-implementation-recovered h:windows/d114-stage5-banking-replay-observation t:p14-r7-65b78f7 t:portfolio-option-a-cb969b6 t:post-cleanup-baseline-b46b4f4 t:temporar	-,NO
4fd1b601f84b50a3ad68d6f4b90a19175e9d7fca	p08/package.json	h:arena/01a0814b-iips-production-market-data h:arena/01a0853d-iips-production-market-data h:arena/01a0a438-iips-production-market-data h:arena/01a0ae80-iips-production-market-data h:arena/01a0bdb5-iips-production-market-data h:arena/01a0c440-iips-production-market-data h:arena/01a0c86d-iips-production-market-data h:p14-implementation-recovered h:windows/d114-stage5-banking-replay-observation t:p14-r7-65b78f7 t:portfolio-option-a-cb969b6 t:post-cleanup-baseline-b46b4f4 t:temporary-cleanup-caf73ba	-,NO
a14ccd6385cfb40f9950c5aeefb7aebdede567be	p08/src/adjustedSeriesProjection.js	h:arena/01a0814b-iips-production-market-data h:arena/01a0853d-iips-production-market-data h:arena/01a0a438-iips-production-market-data h:arena/01a0ae80-iips-production-market-data h:arena/01a0bdb5-iips-production-market-data h:arena/01a0c440-iips-production-market-data h:arena/01a0c86d-iips-production-market-data h:p14-implementation-recovered h:windows/d114-stage5-banking-replay-observation t:p14-r7-65b78f7 t:portfolio-option-a-cb969b6 t:post-cleanup-baseline-b46b4f4 t:temporary-cleanup-caf73ba	-,NO
3de428e2ebd19c09f01aaba23530d2c2ff8c0cbf	p08/src/corporateActionIngestion.js	h:arena/01a0814b-iips-production-market-data h:arena/01a0853d-iips-production-market-data h:arena/01a0a438-iips-production-market-data h:arena/01a0ae80-iips-production-market-data h:arena/01a0bdb5-iips-production-market-data h:arena/01a0c440-iips-production-market-data h:arena/01a0c86d-iips-production-market-data h:p14-implementation-recovered h:windows/d114-stage5-banking-replay-observation t:p14-r7-65b78f7 t:portfolio-option-a-cb969b6 t:post-cleanup-baseline-b46b4f4 t:temporary-cleanup-caf73ba	-,NO
e14cf1cc64f7a566b89f56a72d0269805136427c	p08/src/pitStorageModel.js	h:arena/01a0814b-iips-production-market-data h:arena/01a0853d-iips-production-market-data h:arena/01a0a438-iips-production-market-data h:arena/01a0ae80-iips-production-market-data h:arena/01a0bdb5-iips-production-market-data h:arena/01a0c440-iips-production-market-data h:arena/01a0c86d-iips-production-market-data h:p14-implementation-recovered h:windows/d114-stage5-banking-replay-observation t:p14-r7-65b78f7 t:portfolio-option-a-cb969b6 t:post-cleanup-baseline-b46b4f4 t:temporary-cleanup-caf73ba	-,NO
a6061b57d5fce1f7909e2630f97b2f9c8f254128	p08/tests/adjustedSeriesProjection.test.js	h:arena/01a0814b-iips-production-market-data h:arena/01a0853d-iips-production-market-data h:arena/01a0a438-iips-production-market-data h:arena/01a0ae80-iips-production-market-data h:arena/01a0bdb5-iips-production-market-data h:arena/01a0c440-iips-production-market-data h:arena/01a0c86d-iips-production-market-data h:p14-implementation-recovered h:windows/d114-stage5-banking-replay-observation t:p14-r7-65b78f7 t:portfolio-option-a-cb969b6 t:post-cleanup-baseline-b46b4f4 t:temporary-cleanup-caf73ba	-,NO
c58a6930da38beeff9c0a32ee82d87e3a0dc3e23	p08/tests/corporateActionIngestion.test.js	h:arena/01a0814b-iips-production-market-data h:arena/01a0853d-iips-production-market-data h:arena/01a0a438-iips-production-market-data h:arena/01a0ae80-iips-production-market-data h:arena/01a0bdb5-iips-production-market-data h:arena/01a0c440-iips-production-market-data h:arena/01a0c86d-iips-production-market-data h:p14-implementation-recovered h:windows/d114-stage5-banking-replay-observation t:p14-r7-65b78f7 t:portfolio-option-a-cb969b6 t:post-cleanup-baseline-b46b4f4 t:temporary-cleanup-caf73ba	-,NO
d1a3da065522a7bdc57f3200270c8bb61a7a125a	p08/tests/helpers.js	h:arena/01a0814b-iips-production-market-data h:arena/01a0853d-iips-production-market-data h:arena/01a0a438-iips-production-market-data h:arena/01a0ae80-iips-production-market-data h:arena/01a0bdb5-iips-production-market-data h:arena/01a0c440-iips-production-market-data h:arena/01a0c86d-iips-production-market-data h:p14-implementation-recovered h:windows/d114-stage5-banking-replay-observation t:p14-r7-65b78f7 t:portfolio-option-a-cb969b6 t:post-cleanup-baseline-b46b4f4 t:temporary-cleanup-caf73ba	-,NO
433bfc05ae6ce994b2922f7956ebbb6ddb83ff81	p08/tests/pitStorageModel.test.js	h:arena/01a0814b-iips-production-market-data h:arena/01a0853d-iips-production-market-data h:arena/01a0a438-iips-production-market-data h:arena/01a0ae80-iips-production-market-data h:arena/01a0bdb5-iips-production-market-data h:arena/01a0c440-iips-production-market-data h:arena/01a0c86d-iips-production-market-data h:p14-implementation-recovered h:windows/d114-stage5-banking-replay-observation t:p14-r7-65b78f7 t:portfolio-option-a-cb969b6 t:post-cleanup-baseline-b46b4f4 t:temporary-cleanup-caf73ba	-,NO
4cfba7a79b40fbdd1f3a9dddbe1cc88f85425c32	p09/package.json	h:arena/01a0814b-iips-production-market-data h:arena/01a0853d-iips-production-market-data h:arena/01a0a438-iips-production-market-data h:arena/01a0ae80-iips-production-market-data h:arena/01a0bdb5-iips-production-market-data h:arena/01a0c440-iips-production-market-data h:arena/01a0c86d-iips-production-market-data h:p14-implementation-recovered h:windows/d114-stage5-banking-replay-observation t:p14-r7-65b78f7 t:portfolio-option-a-cb969b6 t:post-cleanup-baseline-b46b4f4 t:temporary-cleanup-caf73ba	-,NO
868b2c437b88f0667577e02422004ce8c0731ace	p09/src/fundamentalsLineage.js	h:arena/01a0814b-iips-production-market-data h:arena/01a0853d-iips-production-market-data h:arena/01a0a438-iips-production-market-data h:arena/01a0ae80-iips-production-market-data h:arena/01a0bdb5-iips-production-market-data h:arena/01a0c440-iips-production-market-data h:arena/01a0c86d-iips-production-market-data h:p14-implementation-recovered h:windows/d114-stage5-banking-replay-observation t:p14-r7-65b78f7 t:portfolio-option-a-cb969b6 t:post-cleanup-baseline-b46b4f4 t:temporary-cleanup-caf73ba	-,NO
1d6f797d3d2d61d6ec029b17a08a7f722b4ae5bc	p09/src/fundamentalsModel.js	h:arena/01a0814b-iips-production-market-data h:arena/01a0853d-iips-production-market-data h:arena/01a0a438-iips-production-market-data h:arena/01a0ae80-iips-production-market-data h:arena/01a0bdb5-iips-production-market-data h:arena/01a0c440-iips-production-market-data h:arena/01a0c86d-iips-production-market-data h:p14-implementation-recovered h:windows/d114-stage5-banking-replay-observation t:p14-r7-65b78f7 t:portfolio-option-a-cb969b6 t:post-cleanup-baseline-b46b4f4 t:temporary-cleanup-caf73ba	-,NO
9f8d45db6ae60e1139e47027fbce58c6742c4e18	p09/src/fundamentalsPitModel.js	h:arena/01a0814b-iips-production-market-data h:arena/01a0853d-iips-production-market-data h:arena/01a0a438-iips-production-market-data h:arena/01a0ae80-iips-production-market-data h:arena/01a0bdb5-iips-production-market-data h:arena/01a0c440-iips-production-market-data h:arena/01a0c86d-iips-production-market-data h:p14-implementation-recovered h:windows/d114-stage5-banking-replay-observation t:p14-r7-65b78f7 t:portfolio-option-a-cb969b6 t:post-cleanup-baseline-b46b4f4 t:temporary-cleanup-caf73ba	-,NO
70189a1c49495883574886db6d7f8ccc327227e1	p09/src/publicationEffectiveTime.js	h:arena/01a0814b-iips-production-market-data h:arena/01a0853d-iips-production-market-data h:arena/01a0a438-iips-production-market-data h:arena/01a0ae80-iips-production-market-data h:arena/01a0bdb5-iips-production-market-data h:arena/01a0c440-iips-production-market-data h:arena/01a0c86d-iips-production-market-data h:p14-implementation-recovered h:windows/d114-stage5-banking-replay-observation t:p14-r7-65b78f7 t:portfolio-option-a-cb969b6 t:post-cleanup-baseline-b46b4f4 t:temporary-cleanup-caf73ba	-,NO
b3646b231e08c938fcc22fc9e42d8f0852ef8375	p09/tests/fundamentalsLineage.test.js	h:arena/01a0814b-iips-production-market-data h:arena/01a0853d-iips-production-market-data h:arena/01a0a438-iips-production-market-data h:arena/01a0ae80-iips-production-market-data h:arena/01a0bdb5-iips-production-market-data h:arena/01a0c440-iips-production-market-data h:arena/01a0c86d-iips-production-market-data h:p14-implementation-recovered h:windows/d114-stage5-banking-replay-observation t:p14-r7-65b78f7 t:portfolio-option-a-cb969b6 t:post-cleanup-baseline-b46b4f4 t:temporary-cleanup-caf73ba	-,NO
c5e3033984521dc9d7e3a96785c1a859d3df8b35	p09/tests/fundamentalsModel.test.js	h:arena/01a0814b-iips-production-market-data h:arena/01a0853d-iips-production-market-data h:arena/01a0a438-iips-production-market-data h:arena/01a0ae80-iips-production-market-data h:arena/01a0bdb5-iips-production-market-data h:arena/01a0c440-iips-production-market-data h:arena/01a0c86d-iips-production-market-data h:p14-implementation-recovered h:windows/d114-stage5-banking-replay-observation t:p14-r7-65b78f7 t:portfolio-option-a-cb969b6 t:post-cleanup-baseline-b46b4f4 t:temporary-cleanup-caf73ba	-,NO
74d5846aaefb4652dfb74c47798ae0de3c6910a3	p09/tests/fundamentalsPitModel.test.js	h:arena/01a0814b-iips-production-market-data h:arena/01a0853d-iips-production-market-data h:arena/01a0a438-iips-production-market-data h:arena/01a0ae80-iips-production-market-data h:arena/01a0bdb5-iips-production-market-data h:arena/01a0c440-iips-production-market-data h:arena/01a0c86d-iips-production-market-data h:p14-implementation-recovered h:windows/d114-stage5-banking-replay-observation t:p14-r7-65b78f7 t:portfolio-option-a-cb969b6 t:post-cleanup-baseline-b46b4f4 t:temporary-cleanup-caf73ba	-,NO
9692674432c315163b654957f4d4b27632557eb0	p09/tests/helpers.js	h:arena/01a0814b-iips-production-market-data h:arena/01a0853d-iips-production-market-data h:arena/01a0a438-iips-production-market-data h:arena/01a0ae80-iips-production-market-data h:arena/01a0bdb5-iips-production-market-data h:arena/01a0c440-iips-production-market-data h:arena/01a0c86d-iips-production-market-data h:p14-implementation-recovered h:windows/d114-stage5-banking-replay-observation t:p14-r7-65b78f7 t:portfolio-option-a-cb969b6 t:post-cleanup-baseline-b46b4f4 t:temporary-cleanup-caf73ba	-,NO
db41908f88f2108e36c2fd9bcb7281ddf7d17f07	p09/tests/publicationEffectiveTime.test.js	h:arena/01a0814b-iips-production-market-data h:arena/01a0853d-iips-production-market-data h:arena/01a0a438-iips-production-market-data h:arena/01a0ae80-iips-production-market-data h:arena/01a0bdb5-iips-production-market-data h:arena/01a0c440-iips-production-market-data h:arena/01a0c86d-iips-production-market-data h:p14-implementation-recovered h:windows/d114-stage5-banking-replay-observation t:p14-r7-65b78f7 t:portfolio-option-a-cb969b6 t:post-cleanup-baseline-b46b4f4 t:temporary-cleanup-caf73ba	-,NO
47f61678704b99babbb7ecd5081259fd9bc30ded	p10/package.json	h:arena/01a0814b-iips-production-market-data h:arena/01a0853d-iips-production-market-data h:arena/01a0a438-iips-production-market-data h:arena/01a0ae80-iips-production-market-data h:arena/01a0bdb5-iips-production-market-data h:arena/01a0c440-iips-production-market-data h:arena/01a0c86d-iips-production-market-data h:p14-implementation-recovered h:windows/d114-stage5-banking-replay-observation t:p14-r7-65b78f7 t:portfolio-option-a-cb969b6 t:post-cleanup-baseline-b46b4f4 t:temporary-cleanup-caf73ba	-,NO
36f56981fd3153f61f751ae5be3270a1c1322cb2	p10/src/alternativeDataModel.js	h:arena/01a0814b-iips-production-market-data h:arena/01a0853d-iips-production-market-data h:arena/01a0a438-iips-production-market-data h:arena/01a0ae80-iips-production-market-data h:arena/01a0bdb5-iips-production-market-data h:arena/01a0c440-iips-production-market-data h:arena/01a0c86d-iips-production-market-data h:p14-implementation-recovered h:windows/d114-stage5-banking-replay-observation t:p14-r7-65b78f7 t:portfolio-option-a-cb969b6 t:post-cleanup-baseline-b46b4f4 t:temporary-cleanup-caf73ba	-,NO
a59a6b103f8cf744bc7adbbb7e25692a6c5c9847	p10/src/estimatesConsensusModel.js	h:arena/01a0814b-iips-production-market-data h:arena/01a0853d-iips-production-market-data h:arena/01a0a438-iips-production-market-data h:arena/01a0ae80-iips-production-market-data h:arena/01a0bdb5-iips-production-market-data h:arena/01a0c440-iips-production-market-data h:arena/01a0c86d-iips-production-market-data h:p14-implementation-recovered h:windows/d114-stage5-banking-replay-observation t:p14-r7-65b78f7 t:portfolio-option-a-cb969b6 t:post-cleanup-baseline-b46b4f4 t:temporary-cleanup-caf73ba	-,NO
fc0ae6b76af3fd458f309a2cbf555a6a71c8817b	p10/src/macroDataModel.js	h:arena/01a0814b-iips-production-market-data h:arena/01a0853d-iips-production-market-data h:arena/01a0a438-iips-production-market-data h:arena/01a0ae80-iips-production-market-data h:arena/01a0bdb5-iips-production-market-data h:arena/01a0c440-iips-production-market-data h:arena/01a0c86d-iips-production-market-data h:p14-implementation-recovered h:windows/d114-stage5-banking-replay-observation t:p14-r7-65b78f7 t:portfolio-option-a-cb969b6 t:post-cleanup-baseline-b46b4f4 t:temporary-cleanup-caf73ba	-,NO
1ee657310b29f379545a901d2a0c9877b466da2b	p10/src/newsEventsModel.js	h:arena/01a0814b-iips-production-market-data h:arena/01a0853d-iips-production-market-data h:arena/01a0a438-iips-production-market-data h:arena/01a0ae80-iips-production-market-data h:arena/01a0bdb5-iips-production-market-data h:arena/01a0c440-iips-production-market-data h:arena/01a0c86d-iips-production-market-data h:p14-implementation-recovered h:windows/d114-stage5-banking-replay-observation t:p14-r7-65b78f7 t:portfolio-option-a-cb969b6 t:post-cleanup-baseline-b46b4f4 t:temporary-cleanup-caf73ba	-,NO
c33f6fb5cabbe0db01e631615fb8b16c9241fc90	p10/tests/alternativeDataModel.test.js	h:arena/01a0814b-iips-production-market-data h:arena/01a0853d-iips-production-market-data h:arena/01a0a438-iips-production-market-data h:arena/01a0ae80-iips-production-market-data h:arena/01a0bdb5-iips-production-market-data h:arena/01a0c440-iips-production-market-data h:arena/01a0c86d-iips-production-market-data h:p14-implementation-recovered h:windows/d114-stage5-banking-replay-observation t:p14-r7-65b78f7 t:portfolio-option-a-cb969b6 t:post-cleanup-baseline-b46b4f4 t:temporary-cleanup-caf73ba	-,NO
816c49686b70e00f1d7afd3313029e09ed27731f	p10/tests/estimatesConsensusModel.test.js	h:arena/01a0814b-iips-production-market-data h:arena/01a0853d-iips-production-market-data h:arena/01a0a438-iips-production-market-data h:arena/01a0ae80-iips-production-market-data h:arena/01a0bdb5-iips-production-market-data h:arena/01a0c440-iips-production-market-data h:arena/01a0c86d-iips-production-market-data h:p14-implementation-recovered h:windows/d114-stage5-banking-replay-observation t:p14-r7-65b78f7 t:portfolio-option-a-cb969b6 t:post-cleanup-baseline-b46b4f4 t:temporary-cleanup-caf73ba	-,NO
1231348e42995c9d69e1a4068bc217e6807e8d86	p10/tests/helpers.js	h:arena/01a0814b-iips-production-market-data h:arena/01a0853d-iips-production-market-data h:arena/01a0a438-iips-production-market-data h:arena/01a0ae80-iips-production-market-data h:arena/01a0bdb5-iips-production-market-data h:arena/01a0c440-iips-production-market-data h:arena/01a0c86d-iips-production-market-data h:p14-implementation-recovered h:windows/d114-stage5-banking-replay-observation t:p14-r7-65b78f7 t:portfolio-option-a-cb969b6 t:post-cleanup-baseline-b46b4f4 t:temporary-cleanup-caf73ba	-,NO
452eb49875f286d6893476880af634dd37a02fff	p10/tests/macroDataModel.test.js	h:arena/01a0814b-iips-production-market-data h:arena/01a0853d-iips-production-market-data h:arena/01a0a438-iips-production-market-data h:arena/01a0ae80-iips-production-market-data h:arena/01a0bdb5-iips-production-market-data h:arena/01a0c440-iips-production-market-data h:arena/01a0c86d-iips-production-market-data h:p14-implementation-recovered h:windows/d114-stage5-banking-replay-observation t:p14-r7-65b78f7 t:portfolio-option-a-cb969b6 t:post-cleanup-baseline-b46b4f4 t:temporary-cleanup-caf73ba	-,NO
376153eabfb710e79e82079e33ab154b3ef5e465	p10/tests/newsEventsModel.test.js	h:arena/01a0814b-iips-production-market-data h:arena/01a0853d-iips-production-market-data h:arena/01a0a438-iips-production-market-data h:arena/01a0ae80-iips-production-market-data h:arena/01a0bdb5-iips-production-market-data h:arena/01a0c440-iips-production-market-data h:arena/01a0c86d-iips-production-market-data h:p14-implementation-recovered h:windows/d114-stage5-banking-replay-observation t:p14-r7-65b78f7 t:portfolio-option-a-cb969b6 t:post-cleanup-baseline-b46b4f4 t:temporary-cleanup-caf73ba	-,NO
3463a49791298904614a52bc3549454e26c96580	p11/package.json	h:arena/01a0814b-iips-production-market-data h:arena/01a0853d-iips-production-market-data h:arena/01a0a438-iips-production-market-data h:arena/01a0ae80-iips-production-market-data h:arena/01a0bdb5-iips-production-market-data h:arena/01a0c440-iips-production-market-data h:arena/01a0c86d-iips-production-market-data h:p14-implementation-recovered h:windows/d114-stage5-banking-replay-observation t:p14-r7-65b78f7 t:portfolio-option-a-cb969b6 t:post-cleanup-baseline-b46b4f4 t:temporary-cleanup-caf73ba	-,NO
4baed0fa88040d291d6c57888cc0c23d52fc0f88	p11/src/engineIngressPath.js	h:arena/01a0814b-iips-production-market-data h:arena/01a0853d-iips-production-market-data h:arena/01a0a438-iips-production-market-data h:arena/01a0ae80-iips-production-market-data h:arena/01a0bdb5-iips-production-market-data h:arena/01a0c440-iips-production-market-data h:arena/01a0c86d-iips-production-market-data h:p14-implementation-recovered h:windows/d114-stage5-banking-replay-observation t:p14-r7-65b78f7 t:portfolio-option-a-cb969b6 t:post-cleanup-baseline-b46b4f4 t:temporary-cleanup-caf73ba	-,NO
dca52609a71eb651dd9a8a7b7601b3080cd2777b	p11/src/engineRegistry.js	h:arena/01a0814b-iips-production-market-data h:arena/01a0853d-iips-production-market-data h:arena/01a0a438-iips-production-market-data h:arena/01a0ae80-iips-production-market-data h:arena/01a0bdb5-iips-production-market-data h:arena/01a0c440-iips-production-market-data h:arena/01a0c86d-iips-production-market-data h:p14-implementation-recovered h:windows/d114-stage5-banking-replay-observation t:p14-r7-65b78f7 t:portfolio-option-a-cb969b6 t:post-cleanup-baseline-b46b4f4 t:temporary-cleanup-caf73ba	-,NO
35610884d58d0ff44abcc3e3b9d433a085681f77	p11/src/evidenceSnapshotReplay.js	h:arena/01a0814b-iips-production-market-data h:arena/01a0853d-iips-production-market-data h:arena/01a0a438-iips-production-market-data h:arena/01a0ae80-iips-production-market-data h:arena/01a0bdb5-iips-production-market-data h:arena/01a0c440-iips-production-market-data h:arena/01a0c86d-iips-production-market-data h:p14-implementation-recovered h:windows/d114-stage5-banking-replay-observation t:p14-r7-65b78f7 t:portfolio-option-a-cb969b6 t:post-cleanup-baseline-b46b4f4 t:temporary-cleanup-caf73ba	-,NO
91c8b3f0a7dfc81355d4ae4f1b0abe749a27a502	p11/src/namespaceCollisionGuard.js	h:arena/01a0814b-iips-production-market-data h:arena/01a0853d-iips-production-market-data h:arena/01a0a438-iips-production-market-data h:arena/01a0ae80-iips-production-market-data h:arena/01a0bdb5-iips-production-market-data h:arena/01a0c440-iips-production-market-data h:arena/01a0c86d-iips-production-market-data h:p14-implementation-recovered h:windows/d114-stage5-banking-replay-observation t:p14-r7-65b78f7 t:portfolio-option-a-cb969b6 t:post-cleanup-baseline-b46b4f4 t:temporary-cleanup-caf73ba	-,NO
4605a2e2dcb94d8dcd0240ad9c8679a3236b0959	p11/tests/engineIngressPath.test.js	h:arena/01a0814b-iips-production-market-data h:arena/01a0853d-iips-production-market-data h:arena/01a0a438-iips-production-market-data h:arena/01a0ae80-iips-production-market-data h:arena/01a0bdb5-iips-production-market-data h:arena/01a0c440-iips-production-market-data h:arena/01a0c86d-iips-production-market-data h:p14-implementation-recovered h:windows/d114-stage5-banking-replay-observation t:p14-r7-65b78f7 t:portfolio-option-a-cb969b6 t:post-cleanup-baseline-b46b4f4 t:temporary-cleanup-caf73ba	-,NO
79a670e4a3ba70cfc80134dbb3e5153a7afe97c9	p11/tests/engineRegistry.test.js	h:arena/01a0814b-iips-production-market-data h:arena/01a0853d-iips-production-market-data h:arena/01a0a438-iips-production-market-data h:arena/01a0ae80-iips-production-market-data h:arena/01a0bdb5-iips-production-market-data h:arena/01a0c440-iips-production-market-data h:arena/01a0c86d-iips-production-market-data h:p14-implementation-recovered h:windows/d114-stage5-banking-replay-observation t:p14-r7-65b78f7 t:portfolio-option-a-cb969b6 t:post-cleanup-baseline-b46b4f4 t:temporary-cleanup-caf73ba	-,NO
48edae10bb8e66ec71a14d0a3c5857ee9dcbc3a7	p11/tests/evidenceSnapshotReplay.test.js	h:arena/01a0814b-iips-production-market-data h:arena/01a0853d-iips-production-market-data h:arena/01a0a438-iips-production-market-data h:arena/01a0ae80-iips-production-market-data h:arena/01a0bdb5-iips-production-market-data h:arena/01a0c440-iips-production-market-data h:arena/01a0c86d-iips-production-market-data h:p14-implementation-recovered h:windows/d114-stage5-banking-replay-observation t:p14-r7-65b78f7 t:portfolio-option-a-cb969b6 t:post-cleanup-baseline-b46b4f4 t:temporary-cleanup-caf73ba	-,NO
f5330c322647a0a7ae14c9471aedd508b2526e60	p11/tests/helpers.js	h:arena/01a0814b-iips-production-market-data h:arena/01a0853d-iips-production-market-data h:arena/01a0a438-iips-production-market-data h:arena/01a0ae80-iips-production-market-data h:arena/01a0bdb5-iips-production-market-data h:arena/01a0c440-iips-production-market-data h:arena/01a0c86d-iips-production-market-data h:p14-implementation-recovered h:windows/d114-stage5-banking-replay-observation t:p14-r7-65b78f7 t:portfolio-option-a-cb969b6 t:post-cleanup-baseline-b46b4f4 t:temporary-cleanup-caf73ba	-,NO
8b53bb68768aa9a7a82a7ecbd426b7d0941cbf87	p11/tests/namespaceCollisionGuard.test.js	h:arena/01a0814b-iips-production-market-data h:arena/01a0853d-iips-production-market-data h:arena/01a0a438-iips-production-market-data h:arena/01a0ae80-iips-production-market-data h:arena/01a0bdb5-iips-production-market-data h:arena/01a0c440-iips-production-market-data h:arena/01a0c86d-iips-production-market-data h:p14-implementation-recovered h:windows/d114-stage5-banking-replay-observation t:p14-r7-65b78f7 t:portfolio-option-a-cb969b6 t:post-cleanup-baseline-b46b4f4 t:temporary-cleanup-caf73ba	-,NO
dab6d46bf308a5a6993285f077b173245a5c665e	p12/package.json	h:arena/01a0814b-iips-production-market-data h:arena/01a0853d-iips-production-market-data h:arena/01a0a438-iips-production-market-data h:arena/01a0ae80-iips-production-market-data h:arena/01a0bdb5-iips-production-market-data h:arena/01a0c440-iips-production-market-data h:arena/01a0c86d-iips-production-market-data h:p14-implementation-recovered h:windows/d114-stage5-banking-replay-observation t:p14-r7-65b78f7 t:portfolio-option-a-cb969b6 t:post-cleanup-baseline-b46b4f4 t:temporary-cleanup-caf73ba	-,NO
a2c3f719e6f8572940109b85c3f6cb781e4a0336	p12/src/dataProvenanceDto.js	h:arena/01a0814b-iips-production-market-data h:arena/01a0853d-iips-production-market-data h:arena/01a0a438-iips-production-market-data h:arena/01a0a4a1-iips-production-market-data h:arena/01a0ae80-iips-production-market-data h:arena/01a0bdb5-iips-production-market-data h:arena/01a0c440-iips-production-market-data h:arena/01a0c86d-iips-production-market-data h:p14-implementation-recovered h:windows/d114-stage5-banking-replay-observation t:p14-r7-65b78f7 t:portfolio-option-a-cb969b6 t:post-cleanup	-,NO
dd84a6d5cb302418885bd69596eaa8d5dab9cf59	p12/src/endpointDelta.js	h:arena/01a0814b-iips-production-market-data h:arena/01a0853d-iips-production-market-data h:arena/01a0a438-iips-production-market-data h:arena/01a0a4a1-iips-production-market-data h:arena/01a0ae80-iips-production-market-data h:arena/01a0bdb5-iips-production-market-data h:arena/01a0c440-iips-production-market-data h:arena/01a0c86d-iips-production-market-data h:p14-implementation-recovered h:windows/d114-stage5-banking-replay-observation t:p14-r7-65b78f7 t:portfolio-option-a-cb969b6 t:post-cleanup	-,NO
73843b831c2239493216e37d343a122071bb207b	p12/src/evidenceReplayLinkage.js	h:arena/01a0814b-iips-production-market-data h:arena/01a0a438-iips-production-market-data h:arena/01a0ae80-iips-production-market-data h:arena/01a0bdb5-iips-production-market-data h:arena/01a0c440-iips-production-market-data h:arena/01a0c86d-iips-production-market-data h:windows/d114-stage5-banking-replay-observation t:p14-r7-65b78f7 t:portfolio-option-a-cb969b6 t:post-cleanup-baseline-b46b4f4 t:temporary-cleanup-caf73ba	-,NO
6da64578a1163320817575b937b3aa8fa86eb5be	p12/src/objectResolutionContract.js	h:arena/01a0814b-iips-production-market-data h:arena/01a0853d-iips-production-market-data h:arena/01a0a438-iips-production-market-data h:arena/01a0a4a1-iips-production-market-data h:arena/01a0ae80-iips-production-market-data h:arena/01a0bdb5-iips-production-market-data h:arena/01a0c440-iips-production-market-data h:arena/01a0c86d-iips-production-market-data h:p14-implementation-recovered h:windows/d114-stage5-banking-replay-observation t:p14-r7-65b78f7 t:portfolio-option-a-cb969b6 t:post-cleanup	-,NO
85ac549659079bce0e33f9bf51cc15857feacd47	p12/src/qualityPropagation.js	h:arena/01a0814b-iips-production-market-data h:arena/01a0853d-iips-production-market-data h:arena/01a0a438-iips-production-market-data h:arena/01a0a4a1-iips-production-market-data h:arena/01a0ae80-iips-production-market-data h:arena/01a0bdb5-iips-production-market-data h:arena/01a0c440-iips-production-market-data h:arena/01a0c86d-iips-production-market-data h:p14-implementation-recovered h:windows/d114-stage5-banking-replay-observation t:p14-r7-65b78f7 t:portfolio-option-a-cb969b6 t:post-cleanup	-,NO
bd0f3f2f7a70dbb486db629207fcbe0b44cd36e3	p12/src/screenerContract.js	h:arena/01a0814b-iips-production-market-data h:arena/01a0853d-iips-production-market-data h:arena/01a0a438-iips-production-market-data h:arena/01a0a4a1-iips-production-market-data h:arena/01a0ae80-iips-production-market-data h:arena/01a0bdb5-iips-production-market-data h:arena/01a0c440-iips-production-market-data h:arena/01a0c86d-iips-production-market-data h:p14-implementation-recovered h:windows/d114-stage5-banking-replay-observation t:p14-r7-65b78f7 t:portfolio-option-a-cb969b6 t:post-cleanup	-,NO
319a0dddaf5b021161d0bd68e3357aadf86cb38a	p12/src/securityTenantBoundaries.js	h:arena/01a0814b-iips-production-market-data h:arena/01a0853d-iips-production-market-data h:arena/01a0a438-iips-production-market-data h:arena/01a0a4a1-iips-production-market-data h:arena/01a0ae80-iips-production-market-data h:arena/01a0bdb5-iips-production-market-data h:arena/01a0c440-iips-production-market-data h:arena/01a0c86d-iips-production-market-data h:p14-implementation-recovered h:windows/d114-stage5-banking-replay-observation t:p14-r7-65b78f7 t:portfolio-option-a-cb969b6 t:post-cleanup	-,NO
39a2308728e728d1fd94d74cf881a707b7be3958	p12/tests/dataProvenanceDto.test.js	h:arena/01a0814b-iips-production-market-data h:arena/01a0853d-iips-production-market-data h:arena/01a0a438-iips-production-market-data h:arena/01a0ae80-iips-production-market-data h:arena/01a0bdb5-iips-production-market-data h:arena/01a0c440-iips-production-market-data h:arena/01a0c86d-iips-production-market-data h:p14-implementation-recovered h:windows/d114-stage5-banking-replay-observation t:p14-r7-65b78f7 t:portfolio-option-a-cb969b6 t:post-cleanup-baseline-b46b4f4 t:temporary-cleanup-caf73ba	-,NO
d9429f98f828439226d4fddf9cf10366fd0c53c2	p12/tests/endpointDelta.test.js	h:arena/01a0814b-iips-production-market-data h:arena/01a0853d-iips-production-market-data h:arena/01a0a438-iips-production-market-data h:arena/01a0ae80-iips-production-market-data h:arena/01a0bdb5-iips-production-market-data h:arena/01a0c440-iips-production-market-data h:arena/01a0c86d-iips-production-market-data h:p14-implementation-recovered h:windows/d114-stage5-banking-replay-observation t:p14-r7-65b78f7 t:portfolio-option-a-cb969b6 t:post-cleanup-baseline-b46b4f4 t:temporary-cleanup-caf73ba	-,NO
2ad9c80f5742a62b69608e237ab4d79f88160994	p12/tests/evidenceReplayLinkage.test.js	h:arena/01a0814b-iips-production-market-data h:arena/01a0a438-iips-production-market-data h:arena/01a0ae80-iips-production-market-data h:arena/01a0bdb5-iips-production-market-data h:arena/01a0c440-iips-production-market-data h:arena/01a0c86d-iips-production-market-data h:windows/d114-stage5-banking-replay-observation t:p14-r7-65b78f7 t:portfolio-option-a-cb969b6 t:post-cleanup-baseline-b46b4f4 t:temporary-cleanup-caf73ba	-,NO
aada7bd819b26054409abd822a41dc5e28fc4bd7	p12/tests/helpers.js	h:arena/01a0814b-iips-production-market-data h:arena/01a0853d-iips-production-market-data h:arena/01a0a438-iips-production-market-data h:arena/01a0ae80-iips-production-market-data h:arena/01a0bdb5-iips-production-market-data h:arena/01a0c440-iips-production-market-data h:arena/01a0c86d-iips-production-market-data h:p14-implementation-recovered h:windows/d114-stage5-banking-replay-observation t:p14-r7-65b78f7 t:portfolio-option-a-cb969b6 t:post-cleanup-baseline-b46b4f4 t:temporary-cleanup-caf73ba	-,NO
ee942ffa2a77c820e8128d8aa0eb950f3c6cf13c	p12/tests/objectResolutionContract.test.js	h:arena/01a0814b-iips-production-market-data h:arena/01a0853d-iips-production-market-data h:arena/01a0a438-iips-production-market-data h:arena/01a0ae80-iips-production-market-data h:arena/01a0bdb5-iips-production-market-data h:arena/01a0c440-iips-production-market-data h:arena/01a0c86d-iips-production-market-data h:p14-implementation-recovered h:windows/d114-stage5-banking-replay-observation t:p14-r7-65b78f7 t:portfolio-option-a-cb969b6 t:post-cleanup-baseline-b46b4f4 t:temporary-cleanup-caf73ba	-,NO
375cc8216908bf65c34d0aed7d082f80cacb78ba	p12/tests/qualityPropagation.test.js	h:arena/01a0814b-iips-production-market-data h:arena/01a0853d-iips-production-market-data h:arena/01a0a438-iips-production-market-data h:arena/01a0ae80-iips-production-market-data h:arena/01a0bdb5-iips-production-market-data h:arena/01a0c440-iips-production-market-data h:arena/01a0c86d-iips-production-market-data h:p14-implementation-recovered h:windows/d114-stage5-banking-replay-observation t:p14-r7-65b78f7 t:portfolio-option-a-cb969b6 t:post-cleanup-baseline-b46b4f4 t:temporary-cleanup-caf73ba	-,NO
b694628ec0252c9f09452a3b95a0b084e6860aee	p12/tests/screenerContract.test.js	h:arena/01a0814b-iips-production-market-data h:arena/01a0853d-iips-production-market-data h:arena/01a0a438-iips-production-market-data h:arena/01a0ae80-iips-production-market-data h:arena/01a0bdb5-iips-production-market-data h:arena/01a0c440-iips-production-market-data h:arena/01a0c86d-iips-production-market-data h:p14-implementation-recovered h:windows/d114-stage5-banking-replay-observation t:p14-r7-65b78f7 t:portfolio-option-a-cb969b6 t:post-cleanup-baseline-b46b4f4 t:temporary-cleanup-caf73ba	-,NO
de5a6d0ecaa01dda6b6d706b18f46dbb06afe772	p12/tests/securityTenantBoundaries.test.js	h:arena/01a0814b-iips-production-market-data h:arena/01a0853d-iips-production-market-data h:arena/01a0a438-iips-production-market-data h:arena/01a0ae80-iips-production-market-data h:arena/01a0bdb5-iips-production-market-data h:arena/01a0c440-iips-production-market-data h:arena/01a0c86d-iips-production-market-data h:p14-implementation-recovered h:windows/d114-stage5-banking-replay-observation t:p14-r7-65b78f7 t:portfolio-option-a-cb969b6 t:post-cleanup-baseline-b46b4f4 t:temporary-cleanup-caf73ba	-,NO
5356b98a6945a88b025af6068297c06ecb3e5c69	p13/package.json	h:arena/01a0814b-iips-production-market-data h:arena/01a0853d-iips-production-market-data h:arena/01a0a438-iips-production-market-data h:arena/01a0ae80-iips-production-market-data h:arena/01a0bdb5-iips-production-market-data h:arena/01a0c440-iips-production-market-data h:arena/01a0c86d-iips-production-market-data h:p14-implementation-recovered h:windows/d114-stage5-banking-replay-observation t:p14-r7-65b78f7 t:portfolio-option-a-cb969b6 t:post-cleanup-baseline-b46b4f4 t:temporary-cleanup-caf73ba	-,NO
029d2c5e791d059b68a25dc33ae19e2d01360453	p13/src/boundedSurfaces.js	h:arena/01a0814b-iips-production-market-data h:arena/01a0a438-iips-production-market-data h:arena/01a0ae80-iips-production-market-data h:arena/01a0bdb5-iips-production-market-data h:arena/01a0c440-iips-production-market-data h:arena/01a0c86d-iips-production-market-data h:windows/d114-stage5-banking-replay-observation t:p14-r7-65b78f7 t:portfolio-option-a-cb969b6 t:post-cleanup-baseline-b46b4f4 t:temporary-cleanup-caf73ba	-,NO
6c05ef6300bf73408a59f841a988772b89e68714	p13/src/crossSurfaceRules.js	h:arena/01a0814b-iips-production-market-data h:arena/01a0853d-iips-production-market-data h:arena/01a0a438-iips-production-market-data h:arena/01a0ae80-iips-production-market-data h:arena/01a0bdb5-iips-production-market-data h:arena/01a0c440-iips-production-market-data h:arena/01a0c86d-iips-production-market-data h:p14-implementation-recovered h:windows/d114-stage5-banking-replay-observation t:p14-r7-65b78f7 t:portfolio-option-a-cb969b6 t:post-cleanup-baseline-b46b4f4 t:temporary-cleanup-caf73ba	-,NO
94447e539b5be4f100352f85ed34c75f2ec5b234	p13/src/dataSurfaces.js	h:arena/01a0814b-iips-production-market-data h:arena/01a0853d-iips-production-market-data h:arena/01a0a438-iips-production-market-data h:arena/01a0ae80-iips-production-market-data h:arena/01a0bdb5-iips-production-market-data h:arena/01a0c440-iips-production-market-data h:arena/01a0c86d-iips-production-market-data h:p14-implementation-recovered h:windows/d114-stage5-banking-replay-observation t:p14-r7-65b78f7 t:portfolio-option-a-cb969b6 t:post-cleanup-baseline-b46b4f4 t:temporary-cleanup-caf73ba	-,NO
b1b08084f7360bff71536b80ce1bc23eb86e9b74	p13/src/extendSurfaces.js	h:arena/01a0814b-iips-production-market-data h:arena/01a0853d-iips-production-market-data h:arena/01a0a438-iips-production-market-data h:arena/01a0ae80-iips-production-market-data h:arena/01a0bdb5-iips-production-market-data h:arena/01a0c440-iips-production-market-data h:arena/01a0c86d-iips-production-market-data h:p14-implementation-recovered h:windows/d114-stage5-banking-replay-observation t:p14-r7-65b78f7 t:portfolio-option-a-cb969b6 t:post-cleanup-baseline-b46b4f4 t:temporary-cleanup-caf73ba	-,NO
f43bc2cfcbe73e836de5b8e62f43d1afb87cbe1a	p13/src/newSurfaces.js	h:arena/01a0814b-iips-production-market-data h:arena/01a0853d-iips-production-market-data h:arena/01a0a438-iips-production-market-data h:arena/01a0ae80-iips-production-market-data h:arena/01a0bdb5-iips-production-market-data h:arena/01a0c440-iips-production-market-data h:arena/01a0c86d-iips-production-market-data h:p14-implementation-recovered h:windows/d114-stage5-banking-replay-observation t:p14-r7-65b78f7 t:portfolio-option-a-cb969b6 t:post-cleanup-baseline-b46b4f4 t:temporary-cleanup-caf73ba	-,NO
0eeed45a259aa4c599f472b50a5ec22e499d0bc6	p13/src/provenanceView.js	h:arena/01a0814b-iips-production-market-data h:arena/01a0853d-iips-production-market-data h:arena/01a0a438-iips-production-market-data h:arena/01a0ae80-iips-production-market-data h:arena/01a0bdb5-iips-production-market-data h:arena/01a0c440-iips-production-market-data h:arena/01a0c86d-iips-production-market-data h:p14-implementation-recovered h:windows/d114-stage5-banking-replay-observation t:p14-r7-65b78f7 t:portfolio-option-a-cb969b6 t:post-cleanup-baseline-b46b4f4 t:temporary-cleanup-caf73ba	-,NO
3d832d56ff03a8bb032d365984cdb58314e1c6c3	p13/src/resolverSurface.js	h:arena/01a0814b-iips-production-market-data h:arena/01a0853d-iips-production-market-data h:arena/01a0a438-iips-production-market-data h:arena/01a0ae80-iips-production-market-data h:arena/01a0bdb5-iips-production-market-data h:arena/01a0c440-iips-production-market-data h:arena/01a0c86d-iips-production-market-data h:p14-implementation-recovered h:windows/d114-stage5-banking-replay-observation t:p14-r7-65b78f7 t:portfolio-option-a-cb969b6 t:post-cleanup-baseline-b46b4f4 t:temporary-cleanup-caf73ba	-,NO
8dde45ee7cc97fb68312da6575d54aafee7f8f99	p13/src/screenerSurface.js	h:arena/01a0814b-iips-production-market-data h:arena/01a0853d-iips-production-market-data h:arena/01a0a438-iips-production-market-data h:arena/01a0ae80-iips-production-market-data h:arena/01a0bdb5-iips-production-market-data h:arena/01a0c440-iips-production-market-data h:arena/01a0c86d-iips-production-market-data h:p14-implementation-recovered h:windows/d114-stage5-banking-replay-observation t:p14-r7-65b78f7 t:portfolio-option-a-cb969b6 t:post-cleanup-baseline-b46b4f4 t:temporary-cleanup-caf73ba	-,NO
63c4ccadcfbae827baffd16527648978030929d4	p13/tests/boundedSurfaces.test.js	h:arena/01a0814b-iips-production-market-data h:arena/01a0a438-iips-production-market-data h:arena/01a0ae80-iips-production-market-data h:arena/01a0bdb5-iips-production-market-data h:arena/01a0c440-iips-production-market-data h:arena/01a0c86d-iips-production-market-data h:windows/d114-stage5-banking-replay-observation t:p14-r7-65b78f7 t:portfolio-option-a-cb969b6 t:post-cleanup-baseline-b46b4f4 t:temporary-cleanup-caf73ba	-,NO
ee0f25e006ab3f412c5c8c7ca2e5eed9c9a1f8e4	p13/tests/crossSurfaceRules.test.js	h:arena/01a0814b-iips-production-market-data h:arena/01a0853d-iips-production-market-data h:arena/01a0a438-iips-production-market-data h:arena/01a0ae80-iips-production-market-data h:arena/01a0bdb5-iips-production-market-data h:arena/01a0c440-iips-production-market-data h:arena/01a0c86d-iips-production-market-data h:p14-implementation-recovered h:windows/d114-stage5-banking-replay-observation t:p14-r7-65b78f7 t:portfolio-option-a-cb969b6 t:post-cleanup-baseline-b46b4f4 t:temporary-cleanup-caf73ba	-,NO
ec9e2f8a128eefdde7a55a3eb6e809f132c6f077	p13/tests/dataSurfaces.test.js	h:arena/01a0814b-iips-production-market-data h:arena/01a0853d-iips-production-market-data h:arena/01a0a438-iips-production-market-data h:arena/01a0ae80-iips-production-market-data h:arena/01a0bdb5-iips-production-market-data h:arena/01a0c440-iips-production-market-data h:arena/01a0c86d-iips-production-market-data h:p14-implementation-recovered h:windows/d114-stage5-banking-replay-observation t:p14-r7-65b78f7 t:portfolio-option-a-cb969b6 t:post-cleanup-baseline-b46b4f4 t:temporary-cleanup-caf73ba	-,NO
2b33ee21abcc6ce0b91b2593d7b22ae840d8166e	p13/tests/extendSurfaces.test.js	h:arena/01a0814b-iips-production-market-data h:arena/01a0853d-iips-production-market-data h:arena/01a0a438-iips-production-market-data h:arena/01a0ae80-iips-production-market-data h:arena/01a0bdb5-iips-production-market-data h:arena/01a0c440-iips-production-market-data h:arena/01a0c86d-iips-production-market-data h:p14-implementation-recovered h:windows/d114-stage5-banking-replay-observation t:p14-r7-65b78f7 t:portfolio-option-a-cb969b6 t:post-cleanup-baseline-b46b4f4 t:temporary-cleanup-caf73ba	-,NO
0bba827589a7e9e19216d7c463c95c890fec049b	p13/tests/helpers.js	h:arena/01a0814b-iips-production-market-data h:arena/01a0853d-iips-production-market-data h:arena/01a0a438-iips-production-market-data h:arena/01a0ae80-iips-production-market-data h:arena/01a0bdb5-iips-production-market-data h:arena/01a0c440-iips-production-market-data h:arena/01a0c86d-iips-production-market-data h:p14-implementation-recovered h:windows/d114-stage5-banking-replay-observation t:p14-r7-65b78f7 t:portfolio-option-a-cb969b6 t:post-cleanup-baseline-b46b4f4 t:temporary-cleanup-caf73ba	-,NO
ccee47dbaf41288fa4c30b15ba2fbf936e92c79a	p13/tests/newSurfaces.test.js	h:arena/01a0814b-iips-production-market-data h:arena/01a0853d-iips-production-market-data h:arena/01a0a438-iips-production-market-data h:arena/01a0ae80-iips-production-market-data h:arena/01a0bdb5-iips-production-market-data h:arena/01a0c440-iips-production-market-data h:arena/01a0c86d-iips-production-market-data h:p14-implementation-recovered h:windows/d114-stage5-banking-replay-observation t:p14-r7-65b78f7 t:portfolio-option-a-cb969b6 t:post-cleanup-baseline-b46b4f4 t:temporary-cleanup-caf73ba	-,NO
969f135c1ab47e4a80ecce20e671b78fef6663f4	p13/tests/provenanceView.test.js	h:arena/01a0814b-iips-production-market-data h:arena/01a0853d-iips-production-market-data h:arena/01a0a438-iips-production-market-data h:arena/01a0ae80-iips-production-market-data h:arena/01a0bdb5-iips-production-market-data h:arena/01a0c440-iips-production-market-data h:arena/01a0c86d-iips-production-market-data h:p14-implementation-recovered h:windows/d114-stage5-banking-replay-observation t:p14-r7-65b78f7 t:portfolio-option-a-cb969b6 t:post-cleanup-baseline-b46b4f4 t:temporary-cleanup-caf73ba	-,NO
915b64fc18684d4477b2d8f15c2427eba860425f	p13/tests/resolverSurface.test.js	h:arena/01a0814b-iips-production-market-data h:arena/01a0853d-iips-production-market-data h:arena/01a0a438-iips-production-market-data h:arena/01a0ae80-iips-production-market-data h:arena/01a0bdb5-iips-production-market-data h:arena/01a0c440-iips-production-market-data h:arena/01a0c86d-iips-production-market-data h:p14-implementation-recovered h:windows/d114-stage5-banking-replay-observation t:p14-r7-65b78f7 t:portfolio-option-a-cb969b6 t:post-cleanup-baseline-b46b4f4 t:temporary-cleanup-caf73ba	-,NO
4c5c706e3b25cc1f703f53b9e1515674af8ae0aa	p13/tests/screenerSurface.test.js	h:arena/01a0814b-iips-production-market-data h:arena/01a0853d-iips-production-market-data h:arena/01a0a438-iips-production-market-data h:arena/01a0ae80-iips-production-market-data h:arena/01a0bdb5-iips-production-market-data h:arena/01a0c440-iips-production-market-data h:arena/01a0c86d-iips-production-market-data h:p14-implementation-recovered h:windows/d114-stage5-banking-replay-observation t:p14-r7-65b78f7 t:portfolio-option-a-cb969b6 t:post-cleanup-baseline-b46b4f4 t:temporary-cleanup-caf73ba	-,NO
c7f61952665c5d27e16130212b8888a992841f00	p14/evidence/P14_BASELINE_MANIFEST.json	h:arena/01a0814b-iips-production-market-data h:arena/01a0853d-iips-production-market-data h:arena/01a0a438-iips-production-market-data h:arena/01a0ae80-iips-production-market-data h:arena/01a0bdb5-iips-production-market-data h:arena/01a0c440-iips-production-market-data h:arena/01a0c86d-iips-production-market-data h:p14-implementation-recovered h:windows/d114-stage5-banking-replay-observation t:p14-r7-65b78f7 t:portfolio-option-a-cb969b6 t:post-cleanup-baseline-b46b4f4 t:temporary-cleanup-caf73ba	-,NO
500ac3d84193352035cf2d85dcb7760a53270e75	p14/evidence/P14_BROWSER_MATRIX.json	h:arena/01a0814b-iips-production-market-data h:arena/01a0853d-iips-production-market-data h:arena/01a0a438-iips-production-market-data h:arena/01a0ae80-iips-production-market-data h:arena/01a0bdb5-iips-production-market-data h:arena/01a0c440-iips-production-market-data h:arena/01a0c86d-iips-production-market-data h:p14-implementation-recovered h:windows/d114-stage5-banking-replay-observation t:p14-r7-65b78f7 t:portfolio-option-a-cb969b6 t:post-cleanup-baseline-b46b4f4 t:temporary-cleanup-caf73ba	-,NO
b85eaf39168a93b29b40c66c81397b08682362e4	p14/evidence/P14_ORACLE_SPECIFICATION.json	h:arena/01a0814b-iips-production-market-data h:arena/01a0853d-iips-production-market-data h:arena/01a0a438-iips-production-market-data h:arena/01a0ae80-iips-production-market-data h:arena/01a0bdb5-iips-production-market-data h:arena/01a0c440-iips-production-market-data h:arena/01a0c86d-iips-production-market-data h:p14-implementation-recovered h:windows/d114-stage5-banking-replay-observation t:p14-r7-65b78f7 t:portfolio-option-a-cb969b6 t:post-cleanup-baseline-b46b4f4 t:temporary-cleanup-caf73ba	-,NO
0136f8ccb8e458285c1908ccf9e0d283db4beb9d	p14/package.json	h:arena/01a0814b-iips-production-market-data h:arena/01a0853d-iips-production-market-data h:arena/01a0a438-iips-production-market-data h:arena/01a0ae80-iips-production-market-data h:arena/01a0bdb5-iips-production-market-data h:arena/01a0c440-iips-production-market-data h:arena/01a0c86d-iips-production-market-data h:p14-implementation-recovered h:windows/d114-stage5-banking-replay-observation t:p14-r7-65b78f7 t:portfolio-option-a-cb969b6 t:post-cleanup-baseline-b46b4f4 t:temporary-cleanup-caf73ba	-,NO
693130edb4b6982682bdcf6443bb9e79a3f4ed10	p14/src/accessibilityValidation.js	h:arena/01a0814b-iips-production-market-data h:arena/01a0853d-iips-production-market-data h:arena/01a0a438-iips-production-market-data h:arena/01a0ae80-iips-production-market-data h:arena/01a0bdb5-iips-production-market-data h:arena/01a0c440-iips-production-market-data h:arena/01a0c86d-iips-production-market-data h:p14-implementation-recovered h:windows/d114-stage5-banking-replay-observation t:p14-r7-65b78f7 t:portfolio-option-a-cb969b6 t:post-cleanup-baseline-b46b4f4 t:temporary-cleanup-caf73ba	-,NO
966ee2c9be53d5eab1fefce01a952c533dc18fa1	p14/src/browserCompatibility.js	h:arena/01a0814b-iips-production-market-data h:arena/01a0853d-iips-production-market-data h:arena/01a0a438-iips-production-market-data h:arena/01a0ae80-iips-production-market-data h:arena/01a0bdb5-iips-production-market-data h:arena/01a0c440-iips-production-market-data h:arena/01a0c86d-iips-production-market-data h:p14-implementation-recovered h:windows/d114-stage5-banking-replay-observation t:p14-r7-65b78f7 t:portfolio-option-a-cb969b6 t:post-cleanup-baseline-b46b4f4 t:temporary-cleanup-caf73ba	-,NO
2c39b0e3e8326d3fed7c4e67c53d5b7df7dbef7e	p14/src/nonRegressionOracle.js	h:arena/01a0814b-iips-production-market-data h:arena/01a0853d-iips-production-market-data h:arena/01a0a438-iips-production-market-data h:arena/01a0ae80-iips-production-market-data h:arena/01a0bdb5-iips-production-market-data h:arena/01a0c440-iips-production-market-data h:arena/01a0c86d-iips-production-market-data h:p14-implementation-recovered h:windows/d114-stage5-banking-replay-observation t:p14-r7-65b78f7 t:portfolio-option-a-cb969b6 t:post-cleanup-baseline-b46b4f4 t:temporary-cleanup-caf73ba	-,NO
c05dbda00470efb0d708401d9f2a3fe938d47e95	p14/src/provenanceIntegrity.js	h:arena/01a0814b-iips-production-market-data h:arena/01a0853d-iips-production-market-data h:arena/01a0a438-iips-production-market-data h:arena/01a0ae80-iips-production-market-data h:arena/01a0bdb5-iips-production-market-data h:arena/01a0c440-iips-production-market-data h:arena/01a0c86d-iips-production-market-data h:p14-implementation-recovered h:windows/d114-stage5-banking-replay-observation t:p14-r7-65b78f7 t:portfolio-option-a-cb969b6 t:post-cleanup-baseline-b46b4f4 t:temporary-cleanup-caf73ba	-,NO
6a98a5f26d909197633aa90d439d01c193bc6f9d	p14/src/visualParityBaseline.js	h:arena/01a0814b-iips-production-market-data h:arena/01a0853d-iips-production-market-data h:arena/01a0a438-iips-production-market-data h:arena/01a0ae80-iips-production-market-data h:arena/01a0bdb5-iips-production-market-data h:arena/01a0c440-iips-production-market-data h:arena/01a0c86d-iips-production-market-data h:p14-implementation-recovered h:windows/d114-stage5-banking-replay-observation t:p14-r7-65b78f7 t:portfolio-option-a-cb969b6 t:post-cleanup-baseline-b46b4f4 t:temporary-cleanup-caf73ba	-,NO
06e3c17a7d6c9a0e24d34e957b362772ada811a1	p14/src/visualParityQualification.js	h:arena/01a0814b-iips-production-market-data h:arena/01a0853d-iips-production-market-data h:arena/01a0a438-iips-production-market-data h:arena/01a0ae80-iips-production-market-data h:arena/01a0bdb5-iips-production-market-data h:arena/01a0c440-iips-production-market-data h:arena/01a0c86d-iips-production-market-data h:p14-implementation-recovered h:windows/d114-stage5-banking-replay-observation t:p14-r7-65b78f7 t:portfolio-option-a-cb969b6 t:post-cleanup-baseline-b46b4f4 t:temporary-cleanup-caf73ba	-,NO
ee502f0b9095ef391b603d0c6a1475607f973d85	p14/tests/accessibilityValidation.test.js	h:arena/01a0814b-iips-production-market-data h:arena/01a0853d-iips-production-market-data h:arena/01a0a438-iips-production-market-data h:arena/01a0ae80-iips-production-market-data h:arena/01a0bdb5-iips-production-market-data h:arena/01a0c440-iips-production-market-data h:arena/01a0c86d-iips-production-market-data h:p14-implementation-recovered h:windows/d114-stage5-banking-replay-observation t:p14-r7-65b78f7 t:portfolio-option-a-cb969b6 t:post-cleanup-baseline-b46b4f4 t:temporary-cleanup-caf73ba	-,NO
4cfe013acdb0de4a5d12dd0e340896e9243934dc	p14/tests/browserCompatibility.test.js	h:arena/01a0814b-iips-production-market-data h:arena/01a0853d-iips-production-market-data h:arena/01a0a438-iips-production-market-data h:arena/01a0ae80-iips-production-market-data h:arena/01a0bdb5-iips-production-market-data h:arena/01a0c440-iips-production-market-data h:arena/01a0c86d-iips-production-market-data h:p14-implementation-recovered h:windows/d114-stage5-banking-replay-observation t:p14-r7-65b78f7 t:portfolio-option-a-cb969b6 t:post-cleanup-baseline-b46b4f4 t:temporary-cleanup-caf73ba	-,NO
28961e19aee8b9553656fdf483b68ff33082dd75	p14/tests/helpers.js	h:arena/01a0814b-iips-production-market-data h:arena/01a0853d-iips-production-market-data h:arena/01a0a438-iips-production-market-data h:arena/01a0ae80-iips-production-market-data h:arena/01a0bdb5-iips-production-market-data h:arena/01a0c440-iips-production-market-data h:arena/01a0c86d-iips-production-market-data h:p14-implementation-recovered h:windows/d114-stage5-banking-replay-observation t:p14-r7-65b78f7 t:portfolio-option-a-cb969b6 t:post-cleanup-baseline-b46b4f4 t:temporary-cleanup-caf73ba	-,NO
99ad56f3a97f0221f265207159172552f8540412	p14/tests/nonRegressionOracle.test.js	h:arena/01a0814b-iips-production-market-data h:arena/01a0853d-iips-production-market-data h:arena/01a0a438-iips-production-market-data h:arena/01a0ae80-iips-production-market-data h:arena/01a0bdb5-iips-production-market-data h:arena/01a0c440-iips-production-market-data h:arena/01a0c86d-iips-production-market-data h:p14-implementation-recovered h:windows/d114-stage5-banking-replay-observation t:p14-r7-65b78f7 t:portfolio-option-a-cb969b6 t:post-cleanup-baseline-b46b4f4 t:temporary-cleanup-caf73ba	-,NO
7318220cdd68545469a2a7d35b1d4e84faabef24	p14/tests/provenanceIntegrity.test.js	h:arena/01a0814b-iips-production-market-data h:arena/01a0853d-iips-production-market-data h:arena/01a0a438-iips-production-market-data h:arena/01a0ae80-iips-production-market-data h:arena/01a0bdb5-iips-production-market-data h:arena/01a0c440-iips-production-market-data h:arena/01a0c86d-iips-production-market-data h:p14-implementation-recovered h:windows/d114-stage5-banking-replay-observation t:p14-r7-65b78f7 t:portfolio-option-a-cb969b6 t:post-cleanup-baseline-b46b4f4 t:temporary-cleanup-caf73ba	-,NO
15e510ceda0ee53a66bd8bc65338fb3b1e0a46f3	p14/tests/visualParityBaseline.test.js	h:arena/01a0814b-iips-production-market-data h:arena/01a0853d-iips-production-market-data h:arena/01a0a438-iips-production-market-data h:arena/01a0ae80-iips-production-market-data h:arena/01a0bdb5-iips-production-market-data h:arena/01a0c440-iips-production-market-data h:arena/01a0c86d-iips-production-market-data h:p14-implementation-recovered h:windows/d114-stage5-banking-replay-observation t:p14-r7-65b78f7 t:portfolio-option-a-cb969b6 t:post-cleanup-baseline-b46b4f4 t:temporary-cleanup-caf73ba	-,NO
34bddbe2b7e940decf139c5eb6d12004acbb3fbd	p14/tests/visualParityQualification.test.js	h:arena/01a0814b-iips-production-market-data h:arena/01a0853d-iips-production-market-data h:arena/01a0a438-iips-production-market-data h:arena/01a0ae80-iips-production-market-data h:arena/01a0bdb5-iips-production-market-data h:arena/01a0c440-iips-production-market-data h:arena/01a0c86d-iips-production-market-data h:p14-implementation-recovered h:windows/d114-stage5-banking-replay-observation t:p14-r7-65b78f7 t:portfolio-option-a-cb969b6 t:post-cleanup-baseline-b46b4f4 t:temporary-cleanup-caf73ba	-,NO
63bcd350f2cda2b0337097c25236fd8dbe82d87b	program-v1.1-certification/PROGRAM_v1.1_REPLAY_BASELINE.json	h:arena/01a0814b-iips-production-market-data h:arena/01a0853d-iips-production-market-data h:arena/01a0a438-iips-production-market-data h:arena/01a0ae80-iips-production-market-data h:arena/01a0bdb5-iips-production-market-data h:arena/01a0c440-iips-production-market-data h:arena/01a0c86d-iips-production-market-data h:arena/01a0cf86-iips-production-market-data h:arena/01a0d1d3-iips-production-market-data h:arena/01a0d33d-iips-production-market-data h:m1-ad4-repair h:windows/d114-stage5-banking-repl	-,NO
d48167260c18450da6da10dcf3b3eaf3a4053018	docs/p00/P00_DECISION_LOG.md	h:arena/01a0853c-iips-production-market-data	NO
b88296a5300300bf5736c8a0bb13b99d89615621	docs/p00/P00_GATE_MODEL.md	h:arena/01a0853c-iips-production-market-data h:arena/01a0853d	NO
759f783ce24f31187dbc57220cac3dc4ba8cac57	docs/r2/R2_READINESS_REPORT.md	h:arena/01a0853c-iips-production-market-data	NO
3c119ca10cdded37a592b0b64fffc6e366d044e4	p05/tests/existing-iips-boundary.test.js	h:arena/01a0853c-iips-production-market-data	NO
43ebe0f7a0ac3362d0daa9b949eef83da69e8e0b	r2/fixtures/BhavCopy_NSE_CM_0_0_0_20260102_F_0000.csv	h:arena/01a0853c-iips-production-market-data	NO
05d8dc9a720eceea4095c4e4282aa8a8d6c8df89	r2/fixtures/BhavCopy_NSE_CM_0_0_0_20260105_F_0000.csv	h:arena/01a0853c-iips-production-market-data	NO
6f2236eb701b0cd72a13c69fa2e97f41396bb08e	r2/fixtures/README.md	h:arena/01a0853c-iips-production-market-data	NO
b8280cc1803ca6cc11afe752006c5739a738186a	r2/fixtures/SYNTHETIC_invalid_date_20260107.csv	h:arena/01a0853c-iips-production-market-data	NO
e2488b23dd58f0c04567ffca7c4c2f728d998723	r2/fixtures/SYNTHETIC_legacy_cm_format.csv	h:arena/01a0853c-iips-production-market-data	NO
b65a7cf610e2d3818b3f485d4c52e2e0d93e7365	r2/fixtures/SYNTHETIC_missing_required_tags.csv	h:arena/01a0853c-iips-production-market-data	NO
d7a8a2165f0a1464d7599d9f994a79b66035d7f8	r2/fixtures/SYNTHETIC_quality_cases_20260106.csv	h:arena/01a0853c-iips-production-market-data	NO
ed46e15d4921fe6ddea7dd6f360556d7212b57a6	r2/package.json	h:arena/01a0853c-iips-production-market-data	NO
6b16c5674a067e6342351b51f90eca2a7e7c5880	r2/src/backfill.js	h:arena/01a0853c-iips-production-market-data	NO
f3b0af3d6b80d7aeb78137303b090a24fcf374c3	r2/src/canonicalContract.js	h:arena/01a0853c-iips-production-market-data	NO
fefa23d2b8ff4dd1702fbecdb691da155402d46d	r2/src/cmudiffParser.js	h:arena/01a0853c-iips-production-market-data	NO
9cbec44ff8d900e60e10636cec6a03cd3a2d7b68	r2/src/config.js	h:arena/01a0853c-iips-production-market-data	NO
6f4c95f230ee165073712d1eee7eae392ef55bd5	r2/src/currentStateRefresh.js	h:arena/01a0853c-iips-production-market-data	NO
acd344ffbdd3a25cac5871e1b487c6f9abc506f7	r2/src/eodIngestion.js	h:arena/01a0853c-iips-production-market-data	NO
339ce48d71e559232e0eefad6a7318c45cdcdc5b	r2/src/equityEligibility.js	h:arena/01a0853c-iips-production-market-data	NO
5e6fa9448429dfd1548a7fccb64eb370cf8a26e5	r2/src/errorTaxonomy.js	h:arena/01a0853c-iips-production-market-data	NO
809f0a016703f73fc244dd12d89b300548f8b04a	r2/src/fixtures.js	h:arena/01a0853c-iips-production-market-data	NO
5c36c87b364c75c4deff027facfcadcb115ebd11	r2/src/freshness.js	h:arena/01a0853c-iips-production-market-data	NO
e235429bdf373397d8717e9141c71eab80141a8e	r2/src/mockAdapter.js	h:arena/01a0853c-iips-production-market-data	NO
f97ae3733aec1d3619d370afa3741141ae5632ef	r2/src/normalization.js	h:arena/01a0853c-iips-production-market-data	NO
87bcc2585340f6c4dc1b57bdaa765203707b1f83	r2/src/providerAdapter.js	h:arena/01a0853c-iips-production-market-data	NO
e39968d508d6958c0af24d6bf4901d80e63bdb9c	r2/src/qualityValidation.js	h:arena/01a0853c-iips-production-market-data	NO
f3499d70b61cb0b844ff44a140e410d541138a56	r2/src/reconciliation.js	h:arena/01a0853c-iips-production-market-data	NO
b4c2362aa32567e346b1e1479af2e61e8d39960e	r2/src/scheduler.js	h:arena/01a0853c-iips-production-market-data	NO
8ca8c772412b9e939d5eecf9cd223dbd286373ee	r2/src/storagePort.js	h:arena/01a0853c-iips-production-market-data	NO
924545b629cb913bf56743cc6a54d707fd9d5dcc	r2/src/uiDataContract.js	h:arena/01a0853c-iips-production-market-data	NO
6eca753f11b79131317bb9afff3217197eee59c1	r2/tests/backfill.test.js	h:arena/01a0853c-iips-production-market-data	NO
0c01722d8310a287343d765b4101be8ade8d91b2	r2/tests/canonicalContract.test.js	h:arena/01a0853c-iips-production-market-data	NO
174bc215c3258519766b78f5052e4369dcdf859b	r2/tests/cmudiffParser.test.js	h:arena/01a0853c-iips-production-market-data	NO
df2e22df079238ef4abf0d444be4d1b305ba910d	r2/tests/currentStateRefresh.test.js	h:arena/01a0853c-iips-production-market-data	NO
fa7f95a4edea31878ddf54580155b369f419e5f8	r2/tests/eodIngestion.test.js	h:arena/01a0853c-iips-production-market-data	NO
3fe6c7c0af5535564e5453230e69d3e2d4cee4a3	r2/tests/equityEligibility.test.js	h:arena/01a0853c-iips-production-market-data	NO
06ccde70b99d21854c9febfa3ecbb0723c8a8c06	r2/tests/freshness.test.js	h:arena/01a0853c-iips-production-market-data	NO
cd0e93f95a5f5ebc3b3ad5e03674c098fd2b6dd2	r2/tests/helpers.js	h:arena/01a0853c-iips-production-market-data	NO
0a5596b0d6c43bc029fcd42aba35edf998697a83	r2/tests/normalization.test.js	h:arena/01a0853c-iips-production-market-data	NO
d7f7476d3514518dd918141d7751bde1787dc0e3	r2/tests/providerAdapter.test.js	h:arena/01a0853c-iips-production-market-data	NO
9d4a31209298869768b294fd13319c0a1a97fe3a	r2/tests/qualityValidation.test.js	h:arena/01a0853c-iips-production-market-data	NO
ed16b47e24fd11045b96bf0ea2dd244070cbf644	r2/tests/reconciliation.test.js	h:arena/01a0853c-iips-production-market-data	NO
f349ade8dbce73790e85f0d235b11df750b4ebfb	r2/tests/scheduler.test.js	h:arena/01a0853c-iips-production-market-data	NO
9ae46b7cf569d6ee8dbd245bd6ebd7a24ef6e004	r2/tests/uiDataContract.test.js	h:arena/01a0853c-iips-production-market-data	NO
3fc77960a7efd82dc11124ebe2e1cb712e7ec989	docs/p00/P00_DECISION_LOG.md	h:arena/01a0853d	NO
34dd04897651b7b8cdcf2fee07b88c0f9671b24e	p05/tests/existing-iips-boundary.test.js	h:arena/01a0853d	NO
9fda445f180b45ae8622293a8abd2016b85e81b9	.gitignore	h:arena/01a0853d-iips-production-market-data h:arena/01a0a4a1-iips-production-market-data h:p14-implementation-recovered	NO
6ba977b702d996406dccbf4cbca942b5bcf1b25a	docs/P13B_IMPLEMENTATION_EVIDENCE.md	h:arena/01a0853d-iips-production-market-data	NO
959bb4082e8a45d2853a41389cc72676423cf783	docs/P13_UI_SURFACE_COMPONENT_RECONCILIATION.md	h:arena/01a0853d-iips-production-market-data	NO
a32d485ae4502ac84507ddcd2ea695bd61136bc3	frontend/server/admin-transport.ts	h:arena/01a0853d-iips-production-market-data h:m1-ad4-repair	NO
1bdabb699a31d35dd829ccd564bce10ff1d3b059	frontend/server/executive-transport.ts	h:arena/01a0853d-iips-production-market-data	NO
6c7d6fa2212e32476d34d0978d9ad764e93bf88c	frontend/server/p12-request-handler.ts	h:arena/01a0853d-iips-production-market-data h:arena/01a0a4a1-iips-production-market-data	NO
7b09a5771d3817133136faf532b9b688c354d273	frontend/server/p12-transport.ts	h:arena/01a0853d-iips-production-market-data h:arena/01a0a4a1-iips-production-market-data	NO
9829c328091d8e5636afefa0c84ad346ff51458a	frontend/src/api/portfolio.ts	h:arena/01a0853d-iips-production-market-data h:arena/01a0a4a1-iips-production-market-data h:m1-ad4-repair	NO
c00b6284495b1e7626af7c3a580157485d52016d	frontend/src/app/App.tsx	h:arena/01a0853d-iips-production-market-data h:arena/01a0a4a1-iips-production-market-data	NO
41e4b06cebf634f68136b649965a37c58689a10a	frontend/src/app/navigation.test.ts	h:arena/01a0853d-iips-production-market-data h:m1-ad4-repair	NO
03fcf14d7db9f3dc1c75c8a08efec54d4ee2d4c2	frontend/src/app/navigation.ts	h:arena/01a0853d-iips-production-market-data h:arena/01a0a4a1-iips-production-market-data h:m1-ad4-repair	NO
47cd880ffc7076930cb66c421aa8b18b76672b72	frontend/src/components/evidence/Ad17Disclosure.test.tsx	h:arena/01a0853d-iips-production-market-data	NO
b7da81658f9d10ac1d6edd75c317151ebac84042	frontend/src/components/evidence/Ad17Disclosure.tsx	h:arena/01a0853d-iips-production-market-data h:arena/01a0a4a1-iips-production-market-data	NO
b2192d4cddd3d6543fdafede6e7b7ca349b3570e	frontend/src/components/evidence/EvidenceExplorerComponents.tsx	h:arena/01a0853d-iips-production-market-data h:arena/01a0a4a1-iips-production-market-data	NO
a37daf2ed7f7172aca6a03434fa15455d0e448b4	frontend/src/components/state/StateComponents.test.tsx	h:arena/01a0853d-iips-production-market-data h:m1-ad4-repair	NO
a359daa85148780ef5ff28e0bfc3068010615b27	frontend/src/components/state/StateComponents.tsx	h:arena/01a0853d-iips-production-market-data h:arena/01a0a4a1-iips-production-market-data h:m1-ad4-repair	NO
d0a6e106766544b9d3b66f7816c3e588b7bb2b7a	frontend/src/features/company/CompanyIntelligence.test.tsx	h:arena/01a0853d-iips-production-market-data h:m1-ad4-repair	NO
570471632871bfba230ebe0e69ec9d17a7a2d91c	frontend/src/features/company/CompanyIntelligence.tsx	h:arena/01a0853d-iips-production-market-data h:arena/01a0a4a1-iips-production-market-data h:m1-ad4-repair	NO
a9dd4a92730617bb239b217b2ee3bb9e1b1f362f	frontend/src/features/company/CompanyTrustChain.test.tsx	h:arena/01a0853d-iips-production-market-data h:m1-ad4-repair	NO
0f16dcb01180b9fe2e962df050060a33672952a9	frontend/src/features/company/CompanyTrustChain.tsx	h:arena/01a0853d-iips-production-market-data h:arena/01a0a4a1-iips-production-market-data h:m1-ad4-repair	NO
b09774548091b76b216dc0cbdda7acd28aa670b9	frontend/src/features/cross-sector/CrossSectorIntelligence.test.tsx	h:arena/01a0853d-iips-production-market-data h:m1-ad4-repair	NO
4c770dd7cfe6cbd15e78feefb768192749d73749	frontend/src/features/cross-sector/CrossSectorIntelligence.tsx	h:arena/01a0853d-iips-production-market-data h:arena/01a0a4a1-iips-production-market-data h:m1-ad4-repair	NO
033f42e5167bb451e5e874e575a966cc32a11031	frontend/src/features/decision-matrix/DecisionMatrix.test.tsx	h:arena/01a0853d-iips-production-market-data h:m1-ad4-repair	NO
bb96a540f9a648aa9d594c09e33cd29b8556eadd	frontend/src/features/decision-matrix/DecisionMatrix.tsx	h:arena/01a0853d-iips-production-market-data h:arena/01a0a4a1-iips-production-market-data h:m1-ad4-repair	NO
dea477efc48d60cf89fc45d6b82c7bd685eb6f24	frontend/src/features/executive/ExecutiveDashboard.test.tsx	h:arena/01a0853d-iips-production-market-data h:m1-ad4-repair	NO
eceb778484b95f3205d341e947c8c74d0cc55f94	frontend/src/features/executive/ExecutiveDashboard.tsx	h:arena/01a0853d-iips-production-market-data h:m1-ad4-repair	NO
db4e4007078b0d9f809a592994bc9da31014fb32	frontend/src/features/portfolio/PortfolioWorkspace.test.tsx	h:arena/01a0853d-iips-production-market-data h:m1-ad4-repair	NO
6f83e124424e0b3a5c1a83e6ebbfbd2ed46aa06a	frontend/src/features/portfolio/PortfolioWorkspace.tsx	h:arena/01a0853d-iips-production-market-data h:m1-ad4-repair	NO
f77402fbed15dce1b6fa3a25da753256ac3c62b6	frontend/src/features/replay/ReplayExplorer.tsx	h:arena/01a0853d-iips-production-market-data h:arena/01a0a4a1-iips-production-market-data	NO
5e96a75f0c5e1cc967a8ab5012673f51ca85a802	frontend/src/features/research/SectorIntelligence.test.tsx	h:arena/01a0853d-iips-production-market-data h:m1-ad4-repair	NO
858f1f89fe81e58ffb266bf84c878ee2ced9dc96	frontend/src/features/research/SectorIntelligence.tsx	h:arena/01a0853d-iips-production-market-data h:arena/01a0a4a1-iips-production-market-data h:m1-ad4-repair	NO
c24424355a0bf9c8f1e35bf99f3168ea1da3ded9	p12/src/evidenceReplayLinkage.js	h:arena/01a0853d-iips-production-market-data h:arena/01a0a4a1-iips-production-market-data h:p14-implementation-recovered	NO
842b60e336bf3bbab4123098643661e7a312a92f	p12/tests/evidenceReplayLinkage.test.js	h:arena/01a0853d-iips-production-market-data h:p14-implementation-recovered	NO
793bc19a315a9cb760a7c207ef38a2d9cdd6984e	p13/src/boundedSurfaces.js	h:arena/01a0853d-iips-production-market-data h:p14-implementation-recovered	NO
9fb89d4f00a137cbc697797ab8b3a88b215ba18f	p13/tests/boundedSurfaces.test.js	h:arena/01a0853d-iips-production-market-data h:p14-implementation-recovered	NO
22c07557ae16f09c391b8d9e129b1bfcedf3e697	IIPS_Production_Market_Data_Intelligence_Program_v1.0_TRACKER_INTEGRATION_ALIGNED.xlsx	h:arena/01a0a438-iips-production-market-data	NO
2510a477c3782a4e74adf93b67524532e66aa2b4	docs/D101_PROGRAM_AUTHORITY_ADJUDICATION_OI_P16_06_DHAN.md	h:arena/01a0a438-iips-production-market-data	NO
fcdfa6db19a5a335ce6d49cac462aa4448fe0165	docs/D101_W1_DHAN_PROVIDER_IMPLEMENTATION.md	h:arena/01a0a438-iips-production-market-data	NO
6326dac576d81587b5366c2005529413edd8153b	docs/D102_DHAN_LIVE_CONNECTIVITY_VERIFICATION.md	h:arena/01a0a438-iips-production-market-data	NO
18242995cebda8713462a5124639ba9d4df8b00a	docs/D103_DEMO_W2_NSE_PUBLIC_ARCHIVE_INGESTION_REPORT.md	h:arena/01a0a438-iips-production-market-data	NO
32d111b2ebbdf38b1b7eab679923f861829728ca	docs/D103_W1_LAYER2_NSE_EOD_IMPLEMENTATION.md	h:arena/01a0a438-iips-production-market-data	NO
ef28ebf6ded023c3ed658f217310df599337e71d	docs/D105_PROGRAM_AUTHORITY_ADJUDICATION_OPERATOR_DROP.md	h:arena/01a0a438-iips-production-market-data	NO
4ae9c59d03ceed102fddd5007f45292806d4028b	docs/D106_OPERATOR_DROP_OPERATIONAL_RUNBOOK.md	h:arena/01a0a438-iips-production-market-data	NO
10601697d73f4a16898fa5f2fa7d2813b138b7bf	docs/D107_EOD_PRODUCTION_READINESS_GATE_ADJUDICATION.md	h:arena/01a0a438-iips-production-market-data	NO
614b5058f648c0ddaa3dcb19ca006b752ca0de47	docs/D109_PROGRAM_MILESTONE_SIGNOFF_LAYER1_LAYER2_HARMONIZATION.md	h:arena/01a0a438-iips-production-market-data	NO
e0e22f64b9c6b8d526cf7efcb07c6820f627c05e	docs/D110_LAYER1_RUNTIME_OPERATIONALIZATION_ASSESSMENT.md	h:arena/01a0a438-iips-production-market-data	NO
84d37d5f670f2a9c843db3dbca3d6cca96012df3	docs/D113_ACCEPTANCE_AND_DURABILITY_RECONCILIATION.md	h:arena/01a0a438-iips-production-market-data	NO
e1a31e2410974843cad2d34571bf644ad7d9edab	docs/D113_IMPLEMENTATION_AUTHORITY_PREPARATION.md	h:arena/01a0a438-iips-production-market-data	NO
ab64fcf9026abd73ea1ec95158e8177bb787475f	docs/D113_PROGRAM_AUTHORITY_ADJUDICATION.md	h:arena/01a0a438-iips-production-market-data	NO
551f4aa29cd977b613e65e4bbf8e6711c4282b19	docs/D113_QCAL09_BANKING_DYNAMIC_RUNNER_UNLOCK_ACCEPTANCE_AND_DURABILITY_RECONCILIATION.md	h:arena/01a0a438-iips-production-market-data	NO
bcab4858c321a1eb18f66b5d78d64c16ae9f7d26	docs/D113_QCAL09_BANKING_DYNAMIC_RUNNER_UNLOCK_AUTHORITY_RECONCILIATION_CORRECTION.md	h:arena/01a0a438-iips-production-market-data	NO
0c5effed39299c994195904efc37c3cb4451842b	docs/D113_QCAL09_BANKING_DYNAMIC_RUNNER_UNLOCK_IMPLEMENTATION.md	h:arena/01a0a438-iips-production-market-data	NO
2a39bbc2c5e99dd27d29e9980def2733e4cd0c91	docs/D113_STAGE1_BANKING_ACCEPTANCE_AND_DURABILITY_RECONCILIATION.md	h:arena/01a0a438-iips-production-market-data	NO
e78d296aaf0841ece1dc8e777af1a2120d628be6	docs/D113_STAGE1_BANKING_IMPLEMENTATION_REPORT.md	h:arena/01a0a438-iips-production-market-data	NO
296ad71a5ffde5b887c709ffa7fb143d7b916599	docs/D113_STAGE2_BANKING_CALIBRATION_ACCEPTANCE_AND_DURABILITY_RECONCILIATION.md	h:arena/01a0a438-iips-production-market-data	NO
da7405ab188de0a53c11a3beed0622fd4dba860c	docs/D113_STAGE2_BANKING_CALIBRATION_ADJUDICATION.md	h:arena/01a0a438-iips-production-market-data	NO
480a9f1a93b578400cbf63a12ebea52fe2b3ceb5	docs/D113_STAGE2_BANKING_CALIBRATION_AUTHORITY_PREPARATION.md	h:arena/01a0a438-iips-production-market-data	NO
07a8898f689d99a03296959f0dbe8ded8a8504c0	docs/D113_STAGE2_BANKING_CALIBRATION_IMPLEMENTATION.md	h:arena/01a0a438-iips-production-market-data	NO
8efe72807d8fc429dda39f77886af32e2386ca8f	docs/D113_VALUATION_CALIBRATION_SPECIFICATION.md	h:arena/01a0a438-iips-production-market-data	NO
b8128911287e731f5f0f1de47c1c3c996bf7ce91	docs/D115_GROUP2_INSURANCE_CAPITAL_MARKETS_ADJUDICATION.md	h:arena/01a0a438-iips-production-market-data	NO
8933d6f049ceeb501847cce8a1d69f2e989ea37a	docs/D115_GROUP2_INSURANCE_CAPITAL_MARKETS_AUTHORITY_PREPARATION.md	h:arena/01a0a438-iips-production-market-data	NO
e0d2491d668cc8d26980aedd392c8be28bc4aefc	docs/D115_STAGE1_GROUP2_VALUATION_SCAFFOLD_ACCEPTANCE_AND_DURABILITY_RECONCILIATION.md	h:arena/01a0a438-iips-production-market-data	NO
8c55567397bbe064200cd520e909f4d66e285a35	docs/D115_STAGE1_GROUP2_VALUATION_SCAFFOLD_IMPLEMENTATION.md	h:arena/01a0a438-iips-production-market-data	NO
3333b6ff33be02bdec71b1a7aafe6b774ab454ac	docs/D115_STAGE2_GROUP2_CALIBRATION_ACCEPTANCE_AND_DURABILITY_RECONCILIATION.md	h:arena/01a0a438-iips-production-market-data	NO
b995d18b843bf212e921ff1eeea9153df1f5f0d6	docs/D115_STAGE2_GROUP2_CALIBRATION_ADJUDICATION.md	h:arena/01a0a438-iips-production-market-data	NO
27d522e056f7e9faaf7cebea17b6324750dceff7	docs/D115_STAGE2_GROUP2_CALIBRATION_AUTHORITY_PREPARATION.md	h:arena/01a0a438-iips-production-market-data	NO
820f639c8ce64ee3db8f6363b5666a456fcabf5d	docs/D115_STAGE2_GROUP2_CALIBRATION_IMPLEMENTATION.md	h:arena/01a0a438-iips-production-market-data	NO
dfd5150a904c1d1cee45970b44a94def2ed7d662	docs/D115_STAGE3_GROUP2_OPERATIONAL_RUNNER_UNLOCK_AUTHORITY_PREPARATION.md	h:arena/01a0a438-iips-production-market-data	NO
8b14cec8156514c6d7b0fda9b41f9c890d6607fc	docs/D80_UI12_SETTINGS_RECOVERY_IMPLEMENTATION.md	h:arena/01a0a438-iips-production-market-data	NO
4ac7dc5369e095b3785204be317c84a694525088	docs/D81_UI07_WATCHLISTS_RECOVERY_IMPLEMENTATION.md	h:arena/01a0a438-iips-production-market-data	NO
0af4a09c16f1420e36129b941b48bcbf1dfb19aa	docs/D82_UI08_REPORTS_RECOVERY_IMPLEMENTATION.md	h:arena/01a0a438-iips-production-market-data	NO
c51f2186a91d442fd7fb8ddc82dc78c0e72bc30b	docs/D83_UI10_COLLABORATION_RECOVERY_IMPLEMENTATION.md	h:arena/01a0a438-iips-production-market-data	NO
eb1978ad26bb07ea17876119539dda58277966a5	docs/D84Q_P14_UI_QUALIFICATION_INSTRUMENT.md	h:arena/01a0a438-iips-production-market-data	NO
b9238b975b39bb5abe87c8b60918ec15b5a57069	docs/D85_UI12_PORTFOLIO_DATA_MODE_PROPAGATION.md	h:arena/01a0a438-iips-production-market-data	NO
6edfab73d24c57dc23899bc44e53e4506178d5dc	docs/D89_GLOBAL_UI12_DATA_MODE_PROPAGATION.md	h:arena/01a0a438-iips-production-market-data	NO
100e9956c07bde84faef472d6cff5b6c025ffcc3	docs/D90_GLOBAL_UI12_DATA_MODE_PROPAGATION_PHASE_2.md	h:arena/01a0a438-iips-production-market-data	NO
56edaf308c46e6bd91771d8b13c3e8f4f72f7892	docs/D91_MACRO_LIVE_ONLY_EXEMPTION_DISCLOSURE.md	h:arena/01a0a438-iips-production-market-data	NO
996a0ba1fb2bed778cf726798f805ac054555bc3	docs/D93_EXECUTIVE_DATA_MODE_CONSUMER_FIX.md	h:arena/01a0a438-iips-production-market-data	NO
f63ac6e45fe4962c37500e9cc14a69492b837db0	docs/D96_GLOBAL_UI12_DEGRADED_CONSUMER_REMEDIATION.md	h:arena/01a0a438-iips-production-market-data	NO
d4ce7d058383afde7bfea76d09492c64bbc23a2e	docs/D97_R2_CLOSURE_NSE_PRODUCTION_ACCESS_ADJUDICATION.md	h:arena/01a0a438-iips-production-market-data	NO
20cc699d566182233a05465c77c26bdb15a784b5	docs/D98_PROGRAM_AUTHORITY_ADJUDICATION_THREE_LAYER_MARKET_DATA.md	h:arena/01a0a438-iips-production-market-data	NO
f1037f7fc613146f598619f09f3f21a55e25c0ff	docs/D99_A_PROGRAM_AUTHORITY_ADJUDICATION_OI_P16_05_YFINANCE.md	h:arena/01a0a438-iips-production-market-data	NO
219ea45f6d1af98ef63b70b275f0259f37906c88	docs/IIPS_PRODUCTION_MARKET_DATA_PROGRAM_OPEN_ITEMS_RECONCILIATION.md	h:arena/01a0a438-iips-production-market-data	NO
5a882964b8ce907f8b71d5ca1262612a2c5269b5	docs/PROGRAM_STATE.md	h:arena/01a0a438-iips-production-market-data	NO
9c67f6152114ae2b4e5c36aefe6be01ca15977a8	docs/R2_IMPLEMENTATION_AND_READINESS_REPORT.md	h:arena/01a0a438-iips-production-market-data	NO
ea1a68ed3f13c418ac432fc1e5345e5cb58b4ba7	docs/R2_UI_END_TO_END_ACCEPTANCE_REPORT.md	h:arena/01a0a438-iips-production-market-data	NO
eb09dc8a7a12e3023eb723386c10703c9a3527d3	docs/p00/P00_OPEN_ITEMS_REGISTER.md	h:arena/01a0a438-iips-production-market-data	NO
fe8c098f4cf99e4546b29b8f48e576ebdd43703a	frontend/server/data-mode/data-mode.test.ts	h:arena/01a0a438-iips-production-market-data	NO
a2d62475e0af65802c54caed18db61035354318f	frontend/server/dynamic-runner/dynamic-engine-input-builder.ts	h:arena/01a0a438-iips-production-market-data	NO
a68b4382cbef30312d1dcd1ae236e6f01b592cdd	frontend/server/dynamic-runner/dynamic-engine-runner.test.ts	h:arena/01a0a438-iips-production-market-data	NO
b7990d875750b453bc457c25cb3ac830ffa627c6	frontend/server/dynamic-runner/dynamic-engine-runner.ts	h:arena/01a0a438-iips-production-market-data	NO
fbec53bb21dd2206dcec879e77f6a5483efaeaa6	frontend/server/dynamic-runner/dynamic-runner-contract.ts	h:arena/01a0a438-iips-production-market-data	NO
24d5215e86e4d2ec5f5ccff3add4726e3c99f3e5	frontend/server/dynamic-transport/dynamic-transport-dispatcher.ts	h:arena/01a0a438-iips-production-market-data	NO
2268790495c4a236b94e1b0fb21494a8245a0652	frontend/server/dynamic-transport/dynamic-transport.test.ts	h:arena/01a0a438-iips-production-market-data	NO
da8137fd8128dacd51d596ec73ae852d1cf3e502	frontend/server/executive-transport.ts	h:arena/01a0a438-iips-production-market-data	NO
dd9116cbe7a19f5ee6bc7481a99a0bbc06ee35c8	frontend/server/market-data/archive-extractor.ts	h:arena/01a0a438-iips-production-market-data	NO
8d10c90687c7aade745520228466985fe86f7201	frontend/server/market-data/batch-ingestion-harness.ts	h:arena/01a0a438-iips-production-market-data	NO
59362ce37948cc955f46751c65d71df92703220b	frontend/server/market-data/batch-ingestion.test.ts	h:arena/01a0a438-iips-production-market-data	NO
1d4386489aa211174c88a3bdee9d197f64e741c0	frontend/server/market-data/canonical-contract.ts	h:arena/01a0a438-iips-production-market-data	NO
c16a122ff4badc6cc4a5d21c7ae143f9299a36a0	frontend/server/market-data/cli/batch-ingest.ts	h:arena/01a0a438-iips-production-market-data	NO
9b82d48836851844e42751ac7a1c74179a2723d0	frontend/server/market-data/cm-udiff-parser.test.ts	h:arena/01a0a438-iips-production-market-data	NO
1336fc8cbd95ef6058930c1f3b7bb9d3018be58a	frontend/server/market-data/cm-udiff-parser.ts	h:arena/01a0a438-iips-production-market-data	NO
08d3c1e0c7a6fa2fa5cb5c7d85f88028a31db449	frontend/server/market-data/current-state-scheduler.ts	h:arena/01a0a438-iips-production-market-data	NO
d6723e9ac060b3589461679203630dc59c7dc0d8	frontend/server/market-data/dhan-adapter.test.ts	h:arena/01a0a438-iips-production-market-data	NO
ba0c3163f46643b9dc39f6731b60218cb7ad7e35	frontend/server/market-data/dhan-adapter.ts	h:arena/01a0a438-iips-production-market-data	NO
c40c84c1ae56516b089331ab31bf8e16e0e01c92	frontend/server/market-data/dhan-instrument-master.ts	h:arena/01a0a438-iips-production-market-data	NO
03c1787bda46cfe67fc8eb1582b16bafee0a23c9	frontend/server/market-data/eod-monthly-scheduler.ts	h:arena/01a0a438-iips-production-market-data	NO
b96f2732466431994ccedbe6a8fd9dc17f486601	frontend/server/market-data/eod-pipeline.ts	h:arena/01a0a438-iips-production-market-data	NO
4d9cebd5c305a6ed6e7d3c4b4e9e16da43dd2273	frontend/server/market-data/fixtures/synthetic-fixtures.ts	h:arena/01a0a438-iips-production-market-data	NO
4374a0d0dc14981231f4b0c1c03ab1c243384b9a	frontend/server/market-data/market-data-store.ts	h:arena/01a0a438-iips-production-market-data	NO
0ee0c13aa6cabdb14174b2487bfbe940bd735edc	frontend/server/market-data/market-data-transport.ts	h:arena/01a0a438-iips-production-market-data	NO
283447aa4275c6845deb495843c1ded41baf7a6f	frontend/server/market-data/normalizer.ts	h:arena/01a0a438-iips-production-market-data	NO
0a46c6a76eb35dc02cf317cdd5814b2647ce2ec3	frontend/server/market-data/nse-sftp-adapter.test.ts	h:arena/01a0a438-iips-production-market-data	NO
a0b19e0b4e956bee8a383b7d30a628840fa01465	frontend/server/market-data/nse-sftp-adapter.ts	h:arena/01a0a438-iips-production-market-data	NO
0609ac3e7ccf5d4406de061c81007d278f843f5a	frontend/server/market-data/nse-trading-calendar.ts	h:arena/01a0a438-iips-production-market-data	NO
7fc274546173c3160d46789535d55c1282664227	frontend/server/market-data/operator-drop.test.ts	h:arena/01a0a438-iips-production-market-data	NO
97d39d4327270ba45711608f7acb0d6c614abcc5	frontend/server/market-data/pipeline.test.ts	h:arena/01a0a438-iips-production-market-data	NO
e8b86cf815070909c05581ed3d5c9723b2ffd0e6	frontend/server/market-data/provider-adapter.ts	h:arena/01a0a438-iips-production-market-data	NO
e5fc8869aa0b097000cfe26ba008e59db0cb825a	frontend/server/p12-request-handler.ts	h:arena/01a0a438-iips-production-market-data	NO
5acf1359ec5393df0c1980da9ce07854e95a149d	frontend/server/security-master/security-master-1.0.0.json	h:arena/01a0a438-iips-production-market-data	NO
ebc44ea7ce608c2c39c87ab5ae4ab5a23c3416a2	frontend/server/security-master/security-master-contract.ts	h:arena/01a0a438-iips-production-market-data	NO
54fa396064e9a40ce5e6c5af158d8460a746f344	frontend/server/security-master/security-master-service.ts	h:arena/01a0a438-iips-production-market-data	NO
55078775ac4ff1093462016e9b65f96fc84c5e58	frontend/server/security-master/security-master.test.ts	h:arena/01a0a438-iips-production-market-data	NO
86998e7a1adbaeadc8dd3c65b8b2df8e78d05083	frontend/server/valuation/banking-valuation-calibration.test.ts	h:arena/01a0a438-iips-production-market-data	NO
f7905f32a82c061d2a151ffbe9dbed5204079684	frontend/server/valuation/banking-valuation-scaffold.test.ts	h:arena/01a0a438-iips-production-market-data	NO
35e350775b74d444c375d99d4493424657f425e6	frontend/server/valuation/calibration/banking-valuation-calibration-1.0.0.json	h:arena/01a0a438-iips-production-market-data	NO
8f36d60a5b7abcb0abaf4e7be87bac691feb433a	frontend/server/valuation/calibration/capital-markets-valuation-calibration-1.0.0.json	h:arena/01a0a438-iips-production-market-data	NO
77f2cbe08bc05c6236e107f004a1c9d946c803c3	frontend/server/valuation/calibration/insurance-valuation-calibration-1.0.0.json	h:arena/01a0a438-iips-production-market-data	NO
115759f9f002721f9c4d1aff901f2677d9f2bb4f	frontend/server/valuation/eod-valuation-synthesizer.ts	h:arena/01a0a438-iips-production-market-data	NO
f2bbf21f8d89b89bf0e51ec8b48081757d0252ed	frontend/server/valuation/group2-valuation-calibration.test.ts	h:arena/01a0a438-iips-production-market-data	NO
e2858712286061485cccea3992b1c49d337600cd	frontend/server/valuation/group2-valuation-scaffold.test.ts	h:arena/01a0a438-iips-production-market-data	NO
faf071f6527f43520c6eb0134511dc040bea9cfb	frontend/server/valuation/valuation-contract.ts	h:arena/01a0a438-iips-production-market-data	NO
1cd4e968fb6d3465dbf8a81d03d1b974110cabd6	frontend/server/valuation/valuation-synthesizer.test.ts	h:arena/01a0a438-iips-production-market-data	NO
1366bf422b7f401f0898364f38808cd214d7dd00	frontend/src/api/company.ts	h:arena/01a0a438-iips-production-market-data	NO
617e6f68ef092353789aa4df5f9fae63f3ecb057	frontend/src/api/crossSector.ts	h:arena/01a0a438-iips-production-market-data	NO
5f336b87e1dba13e1f99cb27798e2bd22d80bfc6	frontend/src/api/decisionMatrix.ts	h:arena/01a0a438-iips-production-market-data	NO
34d0ddb3e331277c40bdf1fecfdbbf809f61e40e	frontend/src/api/evidence.ts	h:arena/01a0a438-iips-production-market-data	NO
f0232235909c94444ca90dac6189176cee7a039f	frontend/src/api/executive.ts	h:arena/01a0a438-iips-production-market-data	NO
501d17eb910b381b76c4a8dddba39fc954d0ff4a	frontend/src/api/marketData.ts	h:arena/01a0a438-iips-production-market-data	NO
5be57d69dc5c677b0e3277a1887a312895672b89	frontend/src/api/p12Screener.ts	h:arena/01a0a438-iips-production-market-data	NO
3a8eedc4e5157141cff8e530f4e48e58383e4fb0	frontend/src/api/p12Search.ts	h:arena/01a0a438-iips-production-market-data	NO
fc331eec63f17f743d0c79f771f72ebf4f97ed78	frontend/src/api/replay.ts	h:arena/01a0a438-iips-production-market-data	NO
41904b84cc3270317072415630f422e1ad009c92	frontend/src/app/TopBar.tsx	h:arena/01a0a438-iips-production-market-data	NO
ac4c16e9f1ca7d13a0de2b77cd2cce2de308d089	frontend/src/components/data/MarketDataFreshnessBadge.test.tsx	h:arena/01a0a438-iips-production-market-data	NO
a81b874e07219aeac95a401eb54a7a4f522a7a5c	frontend/src/components/data/MarketDataFreshnessBadge.tsx	h:arena/01a0a438-iips-production-market-data	NO
97f22487e030a50d90fd75fd5cadc806cc9da7d6	frontend/src/features/company/CompanyIntelligence.test.tsx	h:arena/01a0a438-iips-production-market-data	NO
fcad0f1151954f336a4e42a313b005d63e9da7e7	frontend/src/features/company/CompanyIntelligence.tsx	h:arena/01a0a438-iips-production-market-data	NO
51c67caaaaf6e8a3d6d3fdcba478bbfb413e3bc5	frontend/src/features/cross-sector/CrossSectorIntelligence.test.tsx	h:arena/01a0a438-iips-production-market-data	NO
ef48273e253f683061f06ef194c7008c6301966a	frontend/src/features/cross-sector/CrossSectorIntelligence.tsx	h:arena/01a0a438-iips-production-market-data	NO
558bb6720f91169c0101b66c5c97f8d0834f96a8	frontend/src/features/decision-matrix/DecisionMatrix.test.tsx	h:arena/01a0a438-iips-production-market-data	NO
24ed497be1d6a468d6370252e67657af762aac34	frontend/src/features/decision-matrix/DecisionMatrix.tsx	h:arena/01a0a438-iips-production-market-data	NO
2c4122e695da4663d1aa9d8bd156da7324017b6e	frontend/src/features/evidence/EvidenceExplorer.test.tsx	h:arena/01a0a438-iips-production-market-data	NO
b3f29de1800b716be33fc714df1bde42dda64532	frontend/src/features/evidence/EvidenceExplorer.tsx	h:arena/01a0a438-iips-production-market-data	NO
b4649a6af56cf37272e2520d3d470d1dc2dc74b4	frontend/src/features/evidence/EvidenceHub.test.tsx	h:arena/01a0a438-iips-production-market-data	NO
df8a558ba4bcb9b5db4ce8d5612073740f8fc079	frontend/src/features/evidence/EvidenceHub.tsx	h:arena/01a0a438-iips-production-market-data	NO
0482127cff8882b12bd3cb60ae83870622e77bb1	frontend/src/features/executive/ExecutiveDashboard.test.tsx	h:arena/01a0a438-iips-production-market-data	NO
c7c8dd442d84e8c6216255aa88c8e142ebe3ae33	frontend/src/features/executive/ExecutiveDashboard.tsx	h:arena/01a0a438-iips-production-market-data	NO
9bc7dd7602127a906c3364d27dfa95786c417bf6	frontend/src/features/intelligence/IntelligenceHub.test.tsx	h:arena/01a0a438-iips-production-market-data	NO
f25c3e404a22facab1b6fab72b20b20a6a76bd1e	frontend/src/features/intelligence/IntelligenceHub.tsx	h:arena/01a0a438-iips-production-market-data	NO
0f8f440f235f8feb4f4e89cd24dc778d81293953	frontend/src/features/portfolio/PortfolioWorkspace.tsx	h:arena/01a0a438-iips-production-market-data	NO
19e51833136011829cea7bd1ae2fcc248978d98f	frontend/src/features/replay/ReplayExplorer.test.tsx	h:arena/01a0a438-iips-production-market-data	NO
ccdfd54cffe953f0fe9ff61acbbcfc380251b22d	frontend/src/features/replay/ReplayExplorer.tsx	h:arena/01a0a438-iips-production-market-data	NO
8f610076803d4e3e0ee85250ee5b8b0a043b4838	frontend/src/features/research/MacroContext.test.tsx	h:arena/01a0a438-iips-production-market-data	NO
f6fe90f55e04711a38becc74005292bc3836d75f	frontend/src/features/research/MacroContext.tsx	h:arena/01a0a438-iips-production-market-data	NO
92fbb446001d02deb1503a8e8d341a3c0a1e5914	frontend/src/features/research/ResearchEvents.test.tsx	h:arena/01a0a438-iips-production-market-data	NO
c68d7b8bec2fdca3ef9cb46c293aedb59ec027e5	frontend/src/features/research/ResearchEvents.tsx	h:arena/01a0a438-iips-production-market-data	NO
d8a261f182fb86485f799cc4f83515342369872e	frontend/src/features/research/ResearchHub.test.tsx	h:arena/01a0a438-iips-production-market-data	NO
a5de98cec679c93a5e6555982923355da6849cdc	frontend/src/features/research/ResearchHub.tsx	h:arena/01a0a438-iips-production-market-data	NO
01b2a7b0f3619f5080b0878bd5ddd312bdea5fca	frontend/src/features/research/SectorIntelligence.test.tsx	h:arena/01a0a438-iips-production-market-data	NO
35dcaa03f81887af3c795b77db78de26da07287c	frontend/src/features/research/SectorIntelligence.tsx	h:arena/01a0a438-iips-production-market-data	NO
1a0a5740e52fc534e724230affb03e624ab0c41e	frontend/src/features/screener/GovernedScreener.test.tsx	h:arena/01a0a438-iips-production-market-data	NO
f6bacbd4f7a224870fead4708573cbc605fea78b	frontend/src/features/screener/GovernedScreener.tsx	h:arena/01a0a438-iips-production-market-data	NO
bad27bb42d7c01da3ec6f6d0cfab7bac3356d687	frontend/src/features/screener/Screener.test.tsx	h:arena/01a0a438-iips-production-market-data	NO
484f5ca20d6fbea68479849e18a65dc43671fb43	frontend/src/features/screener/Screener.tsx	h:arena/01a0a438-iips-production-market-data	NO
ee879ea173b0a1e909bd0c1810fe0ed20741c928	frontend/src/features/search/GovernedSearch.test.tsx	h:arena/01a0a438-iips-production-market-data	NO
86ae82b142d81978ec21a82322515ade56b45f6d	frontend/src/features/search/GovernedSearch.tsx	h:arena/01a0a438-iips-production-market-data	NO
53b13ad648c2b1f4b981af97533cb22ec1a243ae	frontend/src/features/shell/CommandPalette.test.tsx	h:arena/01a0a438-iips-production-market-data	NO
d82c5c3fb509aabcbdd391cb47d47fdd2b816273	frontend/src/features/shell/CommandPalette.tsx	h:arena/01a0a438-iips-production-market-data	NO
23a2514571fb7bf2e6c25d34b76f97e1a1bcfd14	frontend/src/test/r2-ui-acceptance.test.tsx	h:arena/01a0a438-iips-production-market-data	NO
d542a1a9e01a71387dcf5a15ac3d33b170261727	frontend/vite.config.ts	h:arena/01a0a438-iips-production-market-data	NO
a6f1df75d1c496fe43f1d82dd76ea7675f332e1b	frontend/server/admin-transport.ts	h:arena/01a0a4a1-iips-production-market-data	NO
3bbc45dc6b9378638d519f04a86b1b0768ab1fa1	frontend/server/executive-transport-g018.test.ts	h:arena/01a0a4a1-iips-production-market-data	NO
83b5e147c925be3d7fee1e5478030a40b762f3f5	frontend/server/executive-transport.ts	h:arena/01a0a4a1-iips-production-market-data	NO
edd9c9a1603ba8bb528a29a083f0b9a6096c6aa8	frontend/server/persistence/aggregate-persistence-bootstrap.test.ts	h:arena/01a0a4a1-iips-production-market-data	NO
75cb292c96922c56645111b66518a73d1a8f2e7b	frontend/server/persistence/aggregate-persistence-bootstrap.ts	h:arena/01a0a4a1-iips-production-market-data	NO
332be331d9988bd728b4b12717b7ff8ee966140d	frontend/server/persistence/aggregate-persistence-composition.test.ts	h:arena/01a0a4a1-iips-production-market-data	NO
49378481c4aa1bb1b683edb98f89fed56aee326c	frontend/server/persistence/aggregate-persistence-composition.ts	h:arena/01a0a4a1-iips-production-market-data	NO
71df6f83f0123a6bcca5d0de00c8840defed7382	frontend/server/persistence/aggregate-persistence.test.ts	h:arena/01a0a4a1-iips-production-market-data	NO
0eb9307898b9b0bf944c08ee9a020f31168a0772	frontend/server/persistence/aggregate-persistence.ts	h:arena/01a0a4a1-iips-production-market-data	NO
aa8e47dfd3ff93b8a59de7cdd8015b299fb5e89a	frontend/server/persistence/domain-neutral-aggregate-caller.test.ts	h:arena/01a0a4a1-iips-production-market-data	NO
199b933fccf3dd45b471594125bf6a56224577be	frontend/server/persistence/domain-neutral-aggregate-caller.ts	h:arena/01a0a4a1-iips-production-market-data	NO
3b6936e8550dc880a32b8cc67df0811f2cac2bab	frontend/server/persistence/journal-aggregate-adapter.test.ts	h:arena/01a0a4a1-iips-production-market-data	NO
bf23585ad7cf9306d0f204e8f4916ea690a39fe9	frontend/server/persistence/journal-aggregate-adapter.ts	h:arena/01a0a4a1-iips-production-market-data	NO
615987faea8bc3b4f3dafb925a79a79553b35fe3	frontend/server/persistence/secured-aggregate-composition.test.ts	h:arena/01a0a4a1-iips-production-market-data	NO
c4d0f7fb54be6f658bbfd28732146b10079f1f51	frontend/server/persistence/secured-aggregate-composition.ts	h:arena/01a0a4a1-iips-production-market-data	NO
0ed426d91671c16312af07034181944071438b37	frontend/server/trigger-evaluator.test.ts	h:arena/01a0a4a1-iips-production-market-data	NO
37d56b290f2f3bb6625f702b8273b4996c90ee7f	frontend/server/trigger-evaluator.ts	h:arena/01a0a4a1-iips-production-market-data	NO
562f403fcae908907c4d815731fe81894aa5419e	frontend/server/watchlist-alert-api.ts	h:arena/01a0a4a1-iips-production-market-data	NO
4c3927748e9d9ffb747251c07cdf748b5e169021	frontend/server/watchlist-alert-contract.test.ts	h:arena/01a0a4a1-iips-production-market-data	NO
02cefc36e12d3a29b588346a2c032a66219dbe0b	frontend/server/watchlist-alert-contract.ts	h:arena/01a0a4a1-iips-production-market-data	NO
0d2124786153207056812c2a2a231326d6912e41	frontend/server/watchlist-alert-persistence.test.ts	h:arena/01a0a4a1-iips-production-market-data	NO
30d1967bf0a8b55981ebd0994f7dc3747235b6bf	frontend/server/watchlist-alert-persistence.ts	h:arena/01a0a4a1-iips-production-market-data	NO
32a3cdcba4c9c54788144ba7dfd60d0d28ccd678	frontend/server/watchlist-alert-transport.test.ts	h:arena/01a0a4a1-iips-production-market-data	NO
bee81f1608dd4eb97fbf22bf32c2e62d48e9d95d	frontend/server/watchlist-alert-transport.ts	h:arena/01a0a4a1-iips-production-market-data	NO
71b4308b4589407d88baa6d7257b73a8e449d288	frontend/src/features/executive/ExecutiveDashboard.tsx	h:arena/01a0a4a1-iips-production-market-data	NO
f924a9da3a2ea7e6d5a5d62bec0b44deeb6a7e2f	frontend/src/features/portfolio/PortfolioWorkspace.tsx	h:arena/01a0a4a1-iips-production-market-data	NO
e29731018b4d148bcd8e192d6150e1137c1a98f0	frontend/src/features/shell/CommandPalette.tsx	h:arena/01a0a4a1-iips-production-market-data	NO
48ff249be202dc57aa66c05faff2415ad6b2a191	.gitattributes	h:arena/01a0ae80-iips-production-market-data	NO
350cdd75fdf3bc2135a2c74ba0d628fc98d8eaec	d115/evidence/hdfclife/HDFCLIFE1_16062026124709_Allotment.pdf	h:arena/01a0ae80-iips-production-market-data	NO
b410c98a19c583c5607306987dbc61a9858d092e	d115/evidence/hdfclife/HDFCLIFE2_15072026154706_Board_Meeting_Outcome_-_July_15.pdf	h:arena/01a0ae80-iips-production-market-data	NO
03d865aaa570d24bc37df8c3950f4ed5c656b2d1	d115/evidence/hdfclife/HDFCLIFE2_15072026155622_Press_Release__1_.pdf	h:arena/01a0ae80-iips-production-market-data	NO
4af535f1071332ef311f6fd5e5e3c0bcd530bdc6	d115/evidence/hdfclife/HDFCLIFE2_26082026190720_ESOPAllotment.pdf	h:arena/01a0ae80-iips-production-market-data	NO
e95f37c1a5bdb55fd1163e4dd8128c2d67be4bc4	d115/evidence/hdfclife/HDFCLIFE_26Aug2026_ESOPAllotment.docx	h:arena/01a0ae80-iips-production-market-data	NO
5983700dbeaa1e02b51d6355c85045190d3a09a7	d115/evidence/hdfclife/PRASAD_18032026164646_ESOPSEIntimationMarchSIGNED.pdf	h:arena/01a0ae80-iips-production-market-data	NO
663c1bdd1a55d4980817025bae8dd1c85d9023d3	d115/evidence/hdfclife/PRASAD_25052026174804_ESOPSEIntimationMaysigned.pdf	h:arena/01a0ae80-iips-production-market-data	NO
3beb3dfba110bc1f0e73bf47f7dd967517ced604	d115/evidence/hdfclife/eod-discovery-20260919/intake-20260919/BhavCopy_NSE_CM_0_0_0_20260915_F_0000.extracted.csv	h:arena/01a0ae80-iips-production-market-data	NO
630d33b9bc733bea78e3faed9d4fe932c430cd04	d115/evidence/hdfclife/eod-discovery-20260919/intake-20260919/D115-ST3-HDFCLIFE-15SEP-EOD-intake-manifest.json	h:arena/01a0ae80-iips-production-market-data	NO
ef2ec509dbb54b87a4a513a6c664d515f0104977	d115/evidence/hdfclife/eod-discovery-20260919/intake-20260919/HDFCLIFE-15SEP-2026-source-record.exact.csv	h:arena/01a0ae80-iips-production-market-data	NO
afdbe12f961b914c0b4602f866776338ef5eae81	d115/evidence/hdfclife/external-discovery-20260918/CF-AN-equities-HDFCLIFE-27-08-2026-to-15-09-2026.csv | d115/evidence/hdfclife/external-discovery-20260918/D115-ST3-HDFCLIFE-NSE-COMPLETENESS-20260918-02/CF-AN-equities-HDFCLIFE-27-08-2026-to-15-09-2026.csv	h:arena/01a0ae80-iips-production-market-data	NO
164467dd39d68f1f610ef8f570b5c67f6c1cb9c3	d115/evidence/hdfclife/external-discovery-20260918/D115-ST3-HDFCLIFE-NSE-COMPLETENESS-20260918-02/D115-ST3-HDFCLIFE-NSE-completeness-artifact-hashes-20260918.txt	h:arena/01a0ae80-iips-production-market-data	NO
76af380bbe253c6918c639b9b1ef5cf087fcbd41	d115/evidence/hdfclife/external-discovery-20260918/D115-ST3-HDFCLIFE-NSE-COMPLETENESS-20260918-02/D115-ST3-HDFCLIFE-NSE-completeness-capture-02-manifest.json	h:arena/01a0ae80-iips-production-market-data	NO
17ed57b1bd2218abf0cdb574d571840c525b96d1	d115/evidence/hdfclife/external-discovery-20260918/D115-ST3-HDFCLIFE-NSE-COMPLETENESS-20260918-02/D115-ST3-HDFCLIFE-NSE-completeness-capture-02-observation.json	h:arena/01a0ae80-iips-production-market-data	NO
df47560a4d33f1123f71c4c045535f387fbc326f	d115/evidence/hdfclife/external-discovery-20260918/D115-ST3-HDFCLIFE-NSE-COMPLETENESS-20260918-02/D115-ST3-HDFCLIFE-NSE-completeness-capture-operator-record.txt	h:arena/01a0ae80-iips-production-market-data	NO
59f2b734ae5cdd8ff45230d40509eb1becdb34ef	d115/evidence/hdfclife/external-discovery-20260918/D115-ST3-HDFCLIFE-NSE-COMPLETENESS-20260918-02/D115-ST3-HDFCLIFE-NSE-completeness-handoff-20260918.txt	h:arena/01a0ae80-iips-production-market-data	NO
29176826c6ca8f3df9b27719133b4bc3622bf6fc	d115/evidence/hdfclife/external-discovery-20260918/D115-ST3-HDFCLIFE-NSE-COMPLETENESS-20260918-03/D115-ST3-HDFCLIFE-NSE-capture-03-manifest.json	h:arena/01a0ae80-iips-production-market-data	NO
4b1ebc22ef934d866acc9a99bcb9f82e721c6e32	d115/evidence/hdfclife/external-discovery-20260918/D115-ST3-HDFCLIFE-NSE-COMPLETENESS-20260918-03/D115-ST3-HDFCLIFE-NSE-capture-03-raw-response.json	h:arena/01a0ae80-iips-production-market-data	NO
f6fddc829e2d3330b63c16f613ed67a5e8d61a31	d115/evidence/hdfclife/external-discovery-20260918/D115-ST3-HDFCLIFE-NSE-query-result-manifest-20260918.json	h:arena/01a0ae80-iips-production-market-data	NO
352d7685761fb26f77b6ad56811991ce944ac2ee	d115/evidence/hdfclife/external-discovery-20260918/HDFCLIFE2_11092026203642_GSTOrder.pdf	h:arena/01a0ae80-iips-production-market-data	NO
6fedafa183793fb01bb6e87aa95868827c2bc78a	d115/evidence/hdfclife/external-discovery-20260918/HDFCLIFE2_31082026172241_SE_Intimation_-_Analyst_Meet.pdf	h:arena/01a0ae80-iips-production-market-data	NO
7c44871a5bde3e78f68732a8b7670395cc223390	d115/evidence/security-master/EQUITY_L.csv	h:arena/01a0ae80-iips-production-market-data	NO
35ff782d86f5b9da275149be05e11db025309989	d115/governance/canonical-identity/allocation-register.jsonl	h:arena/01a0ae80-iips-production-market-data	NO
4c18f3f5d0a3b2708a084c31abbbfb6cd485c285	d115/governance/canonical-identity/allocation-register.schema.json	h:arena/01a0ae80-iips-production-market-data	NO
eec5f73aabb67cc6dff2eb646522cb07f3dc666f	d115/governance/canonical-identity/readiness/readiness-report.json	h:arena/01a0ae80-iips-production-market-data	NO
edc8557f8204f13ff3235ac99d69c0b00d79ab15	d115/governance/identity-mapping/manifests/hdfc-life-d115-stage3-bounded-package.integrity-manifest.json	h:arena/01a0ae80-iips-production-market-data	NO
9aaead0c267b8ee1a681ec35cbb345b744781170	d115/governance/identity-mapping/mapping-proposal.schema.json	h:arena/01a0ae80-iips-production-market-data	NO
7c04945dd1446b4b9e102b43a7d08496a8408f0d	d115/governance/identity-mapping/proposals/hdfc-life-idmap-d115-group2-1.0.0.proposal.json	h:arena/01a0ae80-iips-production-market-data	NO
1e12e5c08d977d9b3cec10780d2352a3bef5eded	d115/governance/identity-mapping/released-state/hdfc-life-idmap-d115-group2-1.0.0.release-authority.json	h:arena/01a0ae80-iips-production-market-data	NO
e01217819414bca4770ec593bee39e2a609b89b7	d115/governance/identity-mapping/released-state/reviews/hdfc-life-idmap-d115-group2-1.0.0.raj-acceptance.json	h:arena/01a0ae80-iips-production-market-data	NO
df8b302aab084c8e0b1549809275010b3ec45e37	d115/tools/canonical-identity-allocator/README.md	h:arena/01a0ae80-iips-production-market-data	NO
ea80b29246088202ba33224305c4edc81007b687	d115/tools/canonical-identity-allocator/allocator.py	h:arena/01a0ae80-iips-production-market-data	NO
6c852c8703063c374dd8e967f3057b6faf20786a	d115/tools/canonical-identity-allocator/test_allocator.py	h:arena/01a0ae80-iips-production-market-data	NO
b647320ae259e2661e044dff817d166a6f992868	docs/D115_STAGE3_GOVERNANCE_DELEGATION_RECORD.md	h:arena/01a0ae80-iips-production-market-data	NO
5f6694a8ad8eaecedbf19187ba60ec58c2029967	docs/D115_STAGE3_GROUP2_OPERATIONAL_RUNNER_UNLOCK_AUTHORITY_PREPARATION.md	h:arena/01a0ae80-iips-production-market-data	NO
b69ded970ab475c6ba50ea3a7a57bdf59de7b6ab	frontend/src/app/App.tsx	h:arena/01a0b8e8-iips-production-market-data pr:1/head	YES
37a454e7a6e1f50d55f6ddbac9e12dc33c9d9ec7	frontend/src/index.css	h:arena/01a0b8e8-iips-production-market-data pr:1/head	YES
e74978d83a6a87e9bad6161240301835cdfc641c	frontend/src/main.tsx	h:arena/01a0b8e8-iips-production-market-data pr:1/head	YES
2c58cd28b298e4ed4e30c8a4a92b5520a218d4d8	package-lock.json	h:arena/01a0b8e8-iips-production-market-data pr:1/head	YES
9b0836d55ecea450335d7a2b472903416c67f874	package.json	h:arena/01a0b8e8-iips-production-market-data pr:1/head	YES
edbd3b971a8a4742fccf50a1cfd66be387cd929d	vite.config.ts	h:arena/01a0b8e8-iips-production-market-data pr:1/head	YES
4c716b06c781b915b0c1179c2f2ca3cebde67237	docs/broker-import/finapp-reuse-handoff/BrokerAdapter.ts	h:arena/01a0bdb5-iips-production-market-data	NO
3b2c3e2695bb966a946fa476e9576385ff00b1b9	docs/broker-import/finapp-reuse-handoff/BrokerFormatDetector.ts	h:arena/01a0bdb5-iips-production-market-data	NO
38a429213f800c6169cdf01d9da58ba8e303b76f	docs/broker-import/finapp-reuse-handoff/BrokerImportService.ts	h:arena/01a0bdb5-iips-production-market-data	NO
9909fa20cd9ceeb970addb24f476ac7bd6ed35f7	docs/broker-import/finapp-reuse-handoff/DhanHoldingsAdapter.ts	h:arena/01a0bdb5-iips-production-market-data	NO
1d63e678e4c7d3214f313a02b9acc89a96853d63	docs/broker-import/finapp-reuse-handoff/FINAPP_REUSE_HANDOFF.md	h:arena/01a0bdb5-iips-production-market-data	NO
a00a5dae5642e77fedee76a12fc35776c4c7fc6e	docs/broker-import/finapp-reuse-handoff/GrowwHoldingsAdapter.ts	h:arena/01a0bdb5-iips-production-market-data	NO
ea5d820aee30069495a3fe7ebe320e81e5a9c243	docs/broker-import/finapp-reuse-handoff/ZerodhaHoldingsAdapter.ts	h:arena/01a0bdb5-iips-production-market-data	NO
4ecc233a4673a1a78fdcaf0bb96920f96ec449bd	docs/broker-import/finapp-reuse-handoff/tests/BrokerImportService.test.ts	h:arena/01a0bdb5-iips-production-market-data	NO
00c7db882a59bd830132abd98028f38783525750	docs/broker-import/finapp-reuse-handoff/tests/DhanHoldingsAdapter.test.ts	h:arena/01a0bdb5-iips-production-market-data	NO
d9e2c003f240855031b781e4e937e7b5c79b4d89	docs/broker-import/finapp-reuse-handoff/tests/GrowwHoldingsAdapter.test.ts	h:arena/01a0bdb5-iips-production-market-data	NO
8523b8f7d304ea3a6f23250ac5f8b8fa3aafcd1e	docs/broker-import/finapp-reuse-handoff/tests/ZerodhaHoldingsAdapter.test.ts	h:arena/01a0bdb5-iips-production-market-data	NO
516875644a18799167724ac1d9cb85790da99235	frontend/server/executive-transport.ts	h:arena/01a0bdb5-iips-production-market-data t:portfolio-option-a-cb969b6 t:post-cleanup-baseline-b46b4f4 t:temporary-cleanup-caf73ba	-,NO
dee870b09597bbbf0dc3b5038e52cdfd7ecce424	frontend/server/portfolio/portfolio-resolver.test.ts	h:arena/01a0bdb5-iips-production-market-data t:portfolio-option-a-cb969b6 t:post-cleanup-baseline-b46b4f4 t:temporary-cleanup-caf73ba	-,NO
69f7c523ef9fc9ef49b478ca5997df5b357b2b6f	frontend/server/portfolio/portfolio-resolver.ts	h:arena/01a0bdb5-iips-production-market-data t:portfolio-option-a-cb969b6 t:post-cleanup-baseline-b46b4f4 t:temporary-cleanup-caf73ba	-,NO
7ef6d9e8ba241a45cb5e0911f9a06d6abb068687	frontend/server/portfolio/portfolio-service.test.ts	h:arena/01a0bdb5-iips-production-market-data t:portfolio-option-a-cb969b6 t:post-cleanup-baseline-b46b4f4 t:temporary-cleanup-caf73ba	-,NO
b81c9de9b9678d6f2e3efd454b3859835665ef29	frontend/server/portfolio/portfolio-service.ts	h:arena/01a0bdb5-iips-production-market-data t:portfolio-option-a-cb969b6 t:post-cleanup-baseline-b46b4f4 t:temporary-cleanup-caf73ba	-,NO
bc32687258ff790e249fba898a5ac7827aa75a82	frontend/server/portfolio/portfolio-transport.test.ts	h:arena/01a0bdb5-iips-production-market-data t:portfolio-option-a-cb969b6 t:post-cleanup-baseline-b46b4f4 t:temporary-cleanup-caf73ba	-,NO
cd26c60a99c361dbf1342887046479e10610bef4	frontend/src/api/portfolio.ts	h:arena/01a0bdb5-iips-production-market-data t:portfolio-option-a-cb969b6 t:post-cleanup-baseline-b46b4f4 t:temporary-cleanup-caf73ba	-,NO
505e3c2e69a7acac42a402f6bf093c70f4a93224	frontend/src/features/portfolio/PortfolioOverlay.test.tsx	h:arena/01a0bdb5-iips-production-market-data t:portfolio-option-a-cb969b6 t:post-cleanup-baseline-b46b4f4	-,NO
2638a4f355192042ea19b1231897eff3cd8030bc	frontend/src/features/portfolio/PortfolioWorkspace.tsx	h:arena/01a0bdb5-iips-production-market-data t:portfolio-option-a-cb969b6 t:post-cleanup-baseline-b46b4f4	-,NO
71c37b253504cb3c87f41fb1bc78868cd8606def	frontend/src/features/portfolio/import/compatibility.test.ts	h:arena/01a0bdb5-iips-production-market-data	NO
1cedf311881c61d29aaa7e1e090c070f2dd53a26	frontend/src/features/portfolio/import/compatibility.ts	h:arena/01a0bdb5-iips-production-market-data	NO
9cf709b719c58b672ff14314d7e6b16d0366e009	frontend/src/features/portfolio/import/index.ts	h:arena/01a0bdb5-iips-production-market-data	NO
1c7242c6e44c83cacd46f5b14ea011e571cce26e	frontend/src/features/portfolio/import/mapper.test.ts	h:arena/01a0bdb5-iips-production-market-data	NO
ec993efa7321611985be20e3aeda50d50d234ee4	frontend/src/features/portfolio/import/mapper.ts	h:arena/01a0bdb5-iips-production-market-data	NO
3b6ecc69133e969d461bc9d4037b53d8d7f4255e	frontend/src/features/portfolio/import/types.ts	h:arena/01a0bdb5-iips-production-market-data	NO
2c37b22964f9da1c1668bbcd4ff35db17d354ade	d114/.gitignore	h:arena/01a0c440-iips-production-market-data	NO
257929985efe07e8c3cc4995e2e6b832e059b50b	d114/package-lock.json	h:arena/01a0c440-iips-production-market-data	NO
1c329315d33b363718d0a123622a8a430b241f42	d114/package.json	h:arena/01a0c440-iips-production-market-data	NO
83e231bebe8bc255c47c04751e2f760c6295b7d2	d114/src/contracts/d01_quotes.ts	h:arena/01a0c440-iips-production-market-data	NO
595ab8e9010d75feca47cb5297cbebd19081e483	d114/src/contracts/d02_ohlcv.ts	h:arena/01a0c440-iips-production-market-data	NO
6489eea4e009aa9e6c25bf1007a15cfe86201e30	d114/src/contracts/provenance.ts | src/contracts/provenance.ts	h:arena/01a0c440-iips-production-market-data h:d114-legacy-windows-evidence h:d114-windows-evidence	NO,YES
4d09dd1b86ab6591f6b6e60924818bbcc216a618	d114/src/contracts/types.ts	h:arena/01a0c440-iips-production-market-data	NO
4bb64b4f3fafd683de6956c740bf42f145890ba3	d114/src/d114/cm_udiff_parser.ts	h:arena/01a0c440-iips-production-market-data	NO
4ddaf495b2d29d25a6bf6de8e4ea97feb1ef2dba	d114/src/d114/evidence_reconciler.ts | src/d114/evidence_reconciler.ts	h:arena/01a0c440-iips-production-market-data h:d114-legacy-windows-evidence	NO,YES
876112c5dab38981c6078e3531ab403e8f0e629e	d114/src/d114/index.ts | src/d114/index.ts	h:arena/01a0c440-iips-production-market-data h:d114-legacy-windows-evidence h:d114-windows-evidence	NO,YES
03149d8c9b254b3072fdce90ee5dd7957e772a94	d114/src/d114/legacy_bhavcopy_parser.ts	h:arena/01a0c440-iips-production-market-data	NO
8eea54602fe7334f0c38a90322ea718b3b9421c5	d114/src/index.ts	h:arena/01a0c440-iips-production-market-data	NO
e6bef50dad94b584d287b5704c3a5e7a493a0187	d114/tests/wsh_d114_historical_feasibility.test.ts	h:arena/01a0c440-iips-production-market-data	NO
9ee937bb5be68e62d48404e88ccda8f90d5c604f	d114/tsconfig.json | tsconfig.json	h:arena/01a0c440-iips-production-market-data h:d114-legacy-windows-evidence h:d114-windows-evidence	NO,YES
36ef389a49c12dd3268114c4ac47a5cc6ebac56b	docs/D-PIT-WIRE-01_IMPLEMENTATION_EVIDENCE.md	h:arena/01a0c440-iips-production-market-data	NO
a76580b0e82695d0907924378b2d5035808c7812	docs/D115_IDENTITY_RESOLUTION_AND_BINDING_RECONCILIATION.md	h:arena/01a0c440-iips-production-market-data	NO
0127696b6852253b5d80193a32f2614c066182d9	docs/PIT_TRANSPORT_WIRING_SCOPE_PREPARATION.md	h:arena/01a0c440-iips-production-market-data	NO
cb221d79c67029f651ec0cf05b9669fd34861d8f	evidence/d-pit-wire-01-windows/cm-udiff-response.json	h:arena/01a0c440-iips-production-market-data	NO
9833928bf92f62c98b268246a79369b22a1138b3	evidence/d-pit-wire-01-windows/cm-udiff-swanenergy-same-isin-multi-series.json	h:arena/01a0c440-iips-production-market-data	NO
0f6380483274d0d7e8456bd42119477e61cd7999	evidence/d-pit-wire-01-windows/cm-udiff-ui.png | evidence/d-pit-wire-01-windows/legacy-ui.png	h:arena/01a0c440-iips-production-market-data	NO
5ffb4b7b20adc1183e972f5274dec5bb081a8dc8	evidence/d-pit-wire-01-windows/fail-closed-matrix.json	h:arena/01a0c440-iips-production-market-data	NO
ca19f24b61352be3e4c1098cc9136bab2a57f266	evidence/d-pit-wire-01-windows/legacy-mmfin-multi-series.json	h:arena/01a0c440-iips-production-market-data	NO
cf4053c95f1621f8b2f8a05484bd7bc7901ac57d	evidence/d-pit-wire-01-windows/legacy-response.json	h:arena/01a0c440-iips-production-market-data	NO
63431574afc1416ecb7b0620041ec93c94b11f82	evidence/d-pit-wire-01-windows/pit-corpus-manifest.json	h:arena/01a0c440-iips-production-market-data	NO
4eb7b01062a45ef3ffa16e551088703e2f7d2f8c	evidence/d-pit-wire-01-windows/verification-disposition.json	h:arena/01a0c440-iips-production-market-data	NO
75a0d95c13d59f610ce8d8ef8e5ba332af3ee788	evidence/d-pit-wire-01-windows/verification-failure.json	h:arena/01a0c440-iips-production-market-data	NO
c18111189721fbc34e4514087f0def525d0a969a	frontend/package-lock.json	h:arena/01a0c440-iips-production-market-data	NO
217d3a8bfb8038232894c96f44cf12b886e09428	frontend/package.json	h:arena/01a0c440-iips-production-market-data	NO
0a54488182cc0325d45a2b9790fa0cee4551f609	frontend/server/data-mode/data-mode-pit.test.ts	h:arena/01a0c440-iips-production-market-data	NO
904e9ead9554ade262189ca5b91f5fe179df0bcf	frontend/server/data-mode/data-mode.ts	h:arena/01a0c440-iips-production-market-data	NO
e6360974e447a0d5ab20ca37b6018c345e98009f	frontend/server/executive-transport.ts	h:arena/01a0c440-iips-production-market-data	NO
4c1af54bc42e230d68beb4c7085812b6e668221c	frontend/server/pit/companyPitTransport.ts	h:arena/01a0c440-iips-production-market-data	NO
3592a4c050955349cae1f0122edf2d1370fd64c0	frontend/server/pit/companyPitWiring.test.ts	h:arena/01a0c440-iips-production-market-data	NO
6bb4360ff8d213e8c98a97b38a9ab3db7a5b04c4	frontend/server/pit/d114AdmissionBridge.test.ts	h:arena/01a0c440-iips-production-market-data	NO
4c9d0f019a783049a50e541d95d852d23f323ac4	frontend/server/pit/d114AdmissionBridge.ts	h:arena/01a0c440-iips-production-market-data	NO
d0fee3f2763a6ee4a9768d4e6b92c7f407efba8d	frontend/server/pit/fixtures/corpus/legacy-fixture.csv	h:arena/01a0c440-iips-production-market-data	NO
f3af563b4cae0655dc2aab2cc29afe460fb5b201	frontend/server/pit/fixtures/corpus/pit-corpus-manifest.json	h:arena/01a0c440-iips-production-market-data	NO
0f0ced09a814a547365c1777d34be31e65b090b1	frontend/server/pit/fixtures/corpus/udiff-fixture.csv	h:arena/01a0c440-iips-production-market-data	NO
e764ad6b29ff181a45f62ac14d35e8d5ee1d1ff5	frontend/server/pit/p08PitStore.ts	h:arena/01a0c440-iips-production-market-data	NO
edd47b2eaab2e3f4340012c0de9bfbb870d5cd50	frontend/server/pit/pitStorageModel.d.ts	h:arena/01a0c440-iips-production-market-data	NO
6713988363ed52434bb4c25946474dd1a8db31c1	frontend/server/pit/pitVintageProvider.test.ts	h:arena/01a0c440-iips-production-market-data	NO
17f9bfdd012e4fe6f4ed5fb63bf02e54532232a6	frontend/server/pit/pitVintageProvider.ts	h:arena/01a0c440-iips-production-market-data	NO
46288002a1f325ef1eb56263ee4207d236bf583d	frontend/server/pit/testSupport/swanEnergySameIsinUdiff.ts	h:arena/01a0c440-iips-production-market-data	NO
04c4ba4c8c23b5a310ef686a3c59264c32b26f2d	frontend/src/api/company.ts	h:arena/01a0c440-iips-production-market-data	NO
d45b544afd6dc6de4fd1d4fa80ec292f3e0b40f0	frontend/src/api/dataMode.ts	h:arena/01a0c440-iips-production-market-data h:arena/01a0d1d3-iips-production-market-data h:arena/01a0d33d-iips-production-market-data	NO
a0db39b74e04e67afdc765463ba6346d90e49aee	frontend/src/api/dataModePit.test.ts	h:arena/01a0c440-iips-production-market-data	NO
9ff7e72daff09e8f49405206be011a869434773c	frontend/src/components/state/PitVintagePanel.test.tsx	h:arena/01a0c440-iips-production-market-data	NO
0ca0e8773855209b03b649555c9f56f7e20cbec7	frontend/src/components/state/PitVintagePanel.tsx	h:arena/01a0c440-iips-production-market-data	NO
23cb1af6c2299428640eff443c64e60df6b03913	frontend/src/features/company/CompanyIntelligence.tsx	h:arena/01a0c440-iips-production-market-data	NO
4d23925f57cc5ac174a02cad5efa70a171e19299	frontend/src/features/company/CompanyIntelligencePit.test.tsx	h:arena/01a0c440-iips-production-market-data	NO
2d0a3748f5f294f24de8b1136673344e499f6292	frontend/vitest.config.ts	h:arena/01a0c440-iips-production-market-data	NO
22bcc4ae3c4741a55d7ba6d31b574f32bc726503	scripts/windows/d-pit-wire-01/README.md	h:arena/01a0c440-iips-production-market-data	NO
cf60b0410e19b76b8f6eea3f8fd222cf8769b58a	scripts/windows/d-pit-wire-01/prepare-corpus.ps1	h:arena/01a0c440-iips-production-market-data	NO
3cc18bb8f9753e19b38d6fd420d6eb7364da27bd	scripts/windows/d-pit-wire-01/verify-w0-w6.ps1	h:arena/01a0c440-iips-production-market-data	NO
c306e1f2c2f2ed528cfca8198be3bb4f73ed2a6d	docs/D115_AUTHORITY_ACT.md	h:arena/01a0c86d-iips-production-market-data	NO
227261d44ec64dabf8b9a2bede800bc41716e678	docs/D115_BLOCKER_PARK_CONTINUATION_ASSESSMENT.md	h:arena/01a0c86d-iips-production-market-data	NO
fd03b7e887215d5d832451adf1463d7c3b150d81	docs/D115_GOVERNANCE_AUTHORITY_RECONCILIATION.md	h:arena/01a0c86d-iips-production-market-data	NO
670c8e0b3a530788242ded711cc4d1ac9e9737fc	docs/D115_IDENTITY_DESIGNATION_PACKET.md	h:arena/01a0c86d-iips-production-market-data	NO
7104ce957b7a76e685efa10dfb57d1ad25dbac64	docs/D115_IDENTITY_RESOLUTION_AND_BINDING_RECONCILIATION.md	h:arena/01a0c86d-iips-production-market-data	NO
0d1fa6211f435b8d3192a05b27935be5789bb95b	frontend/src/app/App.tsx	h:arena/01a0c960-iips-production-market-data pr:3/head	YES
e3e855eee7e5f8be9e4cb4b23129952321857996	frontend/src/app/navigation.ts	h:arena/01a0c960-iips-production-market-data pr:3/head	YES
c5d570e3d34de8714cfa1b9c1c19643509077c79	frontend/src/app/routes.ts	h:arena/01a0c960-iips-production-market-data h:windows-acceptance/full-shell-20260923 pr:2/head pr:3/head	YES
fc2e7e2f48e326f07a241514491292f916f87eff	tests/shell_offline_full_shell_restoration.test.ts	h:arena/01a0c960-iips-production-market-data pr:3/head	YES
a37336a934ed4613e258c107b8bce682b5d0ddda	IIPS_DONOR_CROSS_VERIFICATION_AND_ACCESS_RESOLUTION_REPORT.md	h:arena/01a0cf86-iips-production-market-data h:arena/01a0d1d3-iips-production-market-data h:arena/01a0d33d-iips-production-market-data	NO
f117b09b01806324bc1fb36c22160340f6d250da	IIPS_EXECUTIVE_CONTROLLED_RECOVERY_REPORT.md	h:arena/01a0cf86-iips-production-market-data h:arena/01a0d1d3-iips-production-market-data h:arena/01a0d33d-iips-production-market-data	NO
49517424d60ca22319b77858bad15563e01e6d56	IIPS_EXECUTIVE_LIVE_REEXECUTION_AND_E2E018_VERIFICATION_REPORT.md	h:arena/01a0cf86-iips-production-market-data h:arena/01a0d1d3-iips-production-market-data h:arena/01a0d33d-iips-production-market-data	NO
4c711263091456ee3664cf01553c9033c9a1b7a1	forensic-evidence/executive-live-reexecution-20260924/ARTIFACT_SHA256SUMS.txt	h:arena/01a0cf86-iips-production-market-data h:arena/01a0d1d3-iips-production-market-data h:arena/01a0d33d-iips-production-market-data	NO
a935c6df9042825ea1800f0a508a28af1e5e7227	forensic-evidence/executive-live-reexecution-20260924/compare.py	h:arena/01a0cf86-iips-production-market-data h:arena/01a0d1d3-iips-production-market-data h:arena/01a0d33d-iips-production-market-data	NO
2e9a07593e90391a40d8c92bca0dedeb1ef88211	forensic-evidence/executive-live-reexecution-20260924/comparison-42f91fad.json	h:arena/01a0cf86-iips-production-market-data h:arena/01a0d1d3-iips-production-market-data h:arena/01a0d33d-iips-production-market-data	NO
635e2250f1190bfa3e51d0abaebe2f1a37ad4a4b	forensic-evidence/executive-live-reexecution-20260924/comparison-7964fcc.json	h:arena/01a0cf86-iips-production-market-data h:arena/01a0d1d3-iips-production-market-data h:arena/01a0d33d-iips-production-market-data	NO
d0d78640553ebeec20467d3093a9e8ae6ecc9de8	forensic-evidence/executive-live-reexecution-20260924/e2e018-comparison.json	h:arena/01a0cf86-iips-production-market-data h:arena/01a0d1d3-iips-production-market-data h:arena/01a0d33d-iips-production-market-data	NO
318888b29aac103e54bc9dc86dfacb081759ae28	forensic-evidence/executive-live-reexecution-20260924/execution-environment.txt	h:arena/01a0cf86-iips-production-market-data h:arena/01a0d1d3-iips-production-market-data h:arena/01a0d33d-iips-production-market-data	NO
25dd4b0489d4f568864335ae8f7efd0c4217082e	forensic-evidence/executive-live-reexecution-20260924/raw-42f91fad-executive-output.json | forensic-evidence/executive-live-reexecution-20260924/raw-7964fcc-executive-output.json	h:arena/01a0cf86-iips-production-market-data h:arena/01a0d1d3-iips-production-market-data h:arena/01a0d33d-iips-production-market-data	NO
5bfbfcb87cc9bbfb2a6e98ae24571b3e8a3441e1	forensic-evidence/executive-live-reexecution-20260924/raw-42f91fad-platform-companion.json | forensic-evidence/executive-live-reexecution-20260924/raw-7964fcc-platform-companion.json	h:arena/01a0cf86-iips-production-market-data h:arena/01a0d1d3-iips-production-market-data h:arena/01a0d33d-iips-production-market-data	NO
e2595ed6f10c9207f09760210f58f170d3c0c278	forensic-evidence/executive-live-reexecution-20260924/run-executive.ts	h:arena/01a0cf86-iips-production-market-data h:arena/01a0d1d3-iips-production-market-data h:arena/01a0d33d-iips-production-market-data	NO
6a766a56a1c5bd98c37901e4cc44cc773bc7dfec	forensic-evidence/executive-live-reexecution-20260924/run-platform.ts	h:arena/01a0cf86-iips-production-market-data h:arena/01a0d1d3-iips-production-market-data h:arena/01a0d33d-iips-production-market-data	NO
dd7493a5680f2d9b077f8361b35caa911e54d6ec	frontend/server/executive-transport.ts	h:arena/01a0cf86-iips-production-market-data h:arena/01a0d1d3-iips-production-market-data h:arena/01a0d33d-iips-production-market-data	NO
f3550f92c9d5dbdc1f3767e90ed4254217d7920f	frontend/src/api/authFetch.ts	h:arena/01a0cf86-iips-production-market-data h:arena/01a0d1d3-iips-production-market-data h:arena/01a0d33d-iips-production-market-data	NO
900d31af6293ecf4c6a6f92694d70e6dec52eab9	frontend/src/api/evidence.ts	h:arena/01a0cf86-iips-production-market-data h:arena/01a0d1d3-iips-production-market-data h:arena/01a0d33d-iips-production-market-data	NO
1fe1ff4f26979ea6e5253aaa4c230ecfddfdde9f	frontend/src/api/executive.ts	h:arena/01a0cf86-iips-production-market-data	NO
5febff55fcb47c5fad44badd6b7fa456c7402fa3	frontend/src/api/replay.ts	h:arena/01a0cf86-iips-production-market-data h:arena/01a0d1d3-iips-production-market-data h:arena/01a0d33d-iips-production-market-data	NO
e6e065510de81e470879c32a23dc94a005697d09	frontend/src/app/App.tsx	h:arena/01a0cf86-iips-production-market-data	NO
98e4eaa6b8f370bbcdf98a0b771bff218736f868	frontend/src/app/navigation.ts	h:arena/01a0cf86-iips-production-market-data	NO
361064393acc9a262bed7501935d99323bf16182	frontend/src/features/company/CompanyTrustChain.tsx	h:arena/01a0cf86-iips-production-market-data	NO
84465578b9393202d5989a7388713af6551e63a5	frontend/src/features/executive/ExecutiveDashboard.tsx	h:arena/01a0cf86-iips-production-market-data	NO
d69008f2990afb35fea30165fb019436b94c287d	frontend/src/features/executive/index.ts	h:arena/01a0cf86-iips-production-market-data h:arena/01a0d1d3-iips-production-market-data h:arena/01a0d33d-iips-production-market-data	NO
37ffced206d0ea3abaef09d8f1c21463bd67e096	iips-platform/src/distributed/LiveDataRuntime.ts	h:arena/01a0cf86-iips-production-market-data h:arena/01a0d1d3-iips-production-market-data h:arena/01a0d33d-iips-production-market-data	NO
374ba2ad882a5c5b4308709a02a81affcb2dd612	iips-platform/src/framework/evidence/EvidencePipeline.ts	h:arena/01a0cf86-iips-production-market-data h:arena/01a0d1d3-iips-production-market-data h:arena/01a0d33d-iips-production-market-data	NO
5b11568c622c5ebe80f145c7583abf32931ca593	iips-platform/src/plugin-loader/PluginContract.ts	h:arena/01a0cf86-iips-production-market-data h:arena/01a0d1d3-iips-production-market-data h:arena/01a0d33d-iips-production-market-data	NO
994ddecc56dfc4ac5e4a6271619112e2cf5b2dd0	iips-platform/src/plugin-loader/PluginLoader.ts	h:arena/01a0cf86-iips-production-market-data h:arena/01a0d1d3-iips-production-market-data h:arena/01a0d33d-iips-production-market-data	NO
0b776e400116c83340d3f3dd15c4b2c044547780	iips-platform/src/replay/ReplayService.test.ts	h:arena/01a0cf86-iips-production-market-data h:arena/01a0d1d3-iips-production-market-data h:arena/01a0d33d-iips-production-market-data	NO
226776d732cc895c2525ca9e50c00871d77954ac	iips-platform/src/replay/ReplayService.ts	h:arena/01a0cf86-iips-production-market-data h:arena/01a0d1d3-iips-production-market-data h:arena/01a0d33d-iips-production-market-data	NO
d1ed6f789607d6c24ba3185e80ad63dba19a749e	iips-platform/src/runtime/RuntimeCoordinator.ts	h:arena/01a0cf86-iips-production-market-data h:arena/01a0d1d3-iips-production-market-data h:arena/01a0d33d-iips-production-market-data	NO
aef6873000d9482047c69716d7e5eec5c03bd5b1	iips-platform/src/sector-engines/automobile/AutomobileEngine.ts	h:arena/01a0cf86-iips-production-market-data h:arena/01a0d1d3-iips-production-market-data h:arena/01a0d33d-iips-production-market-data	NO
5a30afed2fc1bae3bc51277ac756b323fd5747d8	iips-platform/src/sector-engines/banking/BankingEngine.ts	h:arena/01a0cf86-iips-production-market-data h:arena/01a0d1d3-iips-production-market-data h:arena/01a0d33d-iips-production-market-data	NO
9826ed2a45bc36b2b36322b70f0c77fb07a6eb43	iips-platform/src/sector-engines/capital-markets/CapitalMarketsEngine.ts	h:arena/01a0cf86-iips-production-market-data h:arena/01a0d1d3-iips-production-market-data h:arena/01a0d33d-iips-production-market-data	NO
17312761815eeab0f81302ae56435fab51d4af46	iips-platform/src/sector-engines/consumer/ConsumerEngine.ts	h:arena/01a0cf86-iips-production-market-data h:arena/01a0d1d3-iips-production-market-data h:arena/01a0d33d-iips-production-market-data	NO
1d47c36bf8fd78f4ffcb8072acdfc12a7555d1f2	iips-platform/src/sector-engines/cross-sector/CrossSectorPlugin.ts	h:arena/01a0cf86-iips-production-market-data h:arena/01a0d1d3-iips-production-market-data h:arena/01a0d33d-iips-production-market-data	NO
c3c3d40d845c04ac925339a31779a4f9eb365145	iips-platform/src/sector-engines/energy/EnergyEngine.ts	h:arena/01a0cf86-iips-production-market-data h:arena/01a0d1d3-iips-production-market-data h:arena/01a0d33d-iips-production-market-data	NO
9d55e9650ed7019d780040225e016711866da522	iips-platform/src/sector-engines/healthcare/HealthcareEngine.ts	h:arena/01a0cf86-iips-production-market-data h:arena/01a0d1d3-iips-production-market-data h:arena/01a0d33d-iips-production-market-data	NO
a89fb6250612a3e7dfe890cfbf965a60d8fe5f96	iips-platform/src/sector-engines/hospitality/HospitalityEngine.ts	h:arena/01a0cf86-iips-production-market-data h:arena/01a0d1d3-iips-production-market-data h:arena/01a0d33d-iips-production-market-data	NO
3c527c98ed4c21588069804072d4846aaa393e4c	iips-platform/src/sector-engines/industrials/IndustrialsEngine.ts	h:arena/01a0cf86-iips-production-market-data h:arena/01a0d1d3-iips-production-market-data h:arena/01a0d33d-iips-production-market-data	NO
3af2cba64af9204fdb56c2d9a0dfcf1405984cfa	iips-platform/src/sector-engines/insurance/InsuranceEngine.ts	h:arena/01a0cf86-iips-production-market-data h:arena/01a0d1d3-iips-production-market-data h:arena/01a0d33d-iips-production-market-data	NO
8171b54a4ef097a084ff221777249c381832f0a8	iips-platform/src/sector-engines/materials-metals/MaterialsMetalsEngine.ts	h:arena/01a0cf86-iips-production-market-data h:arena/01a0d1d3-iips-production-market-data h:arena/01a0d33d-iips-production-market-data	NO
09466e7c6700e74023cc53b10ca03a94802aced3	iips-platform/src/sector-engines/technology/TechnologyEngine.ts	h:arena/01a0cf86-iips-production-market-data h:arena/01a0d1d3-iips-production-market-data h:arena/01a0d33d-iips-production-market-data	NO
24380b71ac607f4fa0940d7f2fa2b51bd2f45bdc	iips-platform/src/sector-engines/telecommunications/TelecommunicationsEngine.ts	h:arena/01a0cf86-iips-production-market-data h:arena/01a0d1d3-iips-production-market-data h:arena/01a0d33d-iips-production-market-data	NO
de8f2267f22af91958a2c2938b916b4ed96075da	iips-platform/src/sector-engines/utilities/UtilitiesEngine.ts	h:arena/01a0cf86-iips-production-market-data h:arena/01a0d1d3-iips-production-market-data h:arena/01a0d33d-iips-production-market-data	NO
ada573357300d9e296a5b2c0acf756a379876ff9	iips-platform/src/snapshot/SnapshotService.ts	h:arena/01a0cf86-iips-production-market-data h:arena/01a0d1d3-iips-production-market-data h:arena/01a0d33d-iips-production-market-data	NO
d7c5a78376b3a87236f619a387b794dd563b64c5	iips-platform/tests/regression/plugin-registration.test.ts	h:arena/01a0cf86-iips-production-market-data h:arena/01a0d1d3-iips-production-market-data h:arena/01a0d33d-iips-production-market-data	NO
3957fa7787b2bec0946b7d49c94cae1fa0a333b0	iips-platform/tests/regression/program-v2.0-wp10-observability.test.ts	h:arena/01a0cf86-iips-production-market-data h:arena/01a0d1d3-iips-production-market-data h:arena/01a0d33d-iips-production-market-data	NO
c92efac58499429307907978f6ffc923653c6965	iips-platform/tests/regression/program-v2.0-wp3-live-data.test.ts	h:arena/01a0cf86-iips-production-market-data h:arena/01a0d1d3-iips-production-market-data h:arena/01a0d33d-iips-production-market-data	NO
b6fb7f425c9eb3eaea927ce025eb98f97ded50f9	package.json	h:arena/01a0cf86-iips-production-market-data	NO
6f37d045a9c286bc499190ac97d1a2694649fae5	program-v1.1-certification/PROGRAM_v1.1_FINAL_CERTIFICATION_GATE0_SCOPE.md	h:arena/01a0cf86-iips-production-market-data h:arena/01a0d1d3-iips-production-market-data h:arena/01a0d33d-iips-production-market-data h:m1-ad4-repair	NO
066e2fc9c771ca3a4a86687185e7970991925ed0	program-v1.1-certification/PROGRAM_v1.1_FINAL_CERTIFICATION_STATUS.md	h:arena/01a0cf86-iips-production-market-data h:arena/01a0d1d3-iips-production-market-data h:arena/01a0d33d-iips-production-market-data h:m1-ad4-repair	NO
a169857269c2d50b6b093773d8d4178440e0008d	program-v1.1-certification/PROGRAM_v1.1_FINAL_READINESS_CERTIFICATE.md	h:arena/01a0cf86-iips-production-market-data h:arena/01a0d1d3-iips-production-market-data h:arena/01a0d33d-iips-production-market-data h:m1-ad4-repair	NO
9c30131bda053687381809e147459589f7fc97d5	program-v1.1-certification/PROGRAM_v1.1_LTS_BASELINE.md	h:arena/01a0cf86-iips-production-market-data h:arena/01a0d1d3-iips-production-market-data h:arena/01a0d33d-iips-production-market-data h:m1-ad4-repair	NO
1b673564a5f8f2b11814461c0d38fdc11b2b64da	program-v1.1-certification/PROGRAM_v1.1_PERFORMANCE_BASELINE.json	h:arena/01a0cf86-iips-production-market-data h:arena/01a0d1d3-iips-production-market-data h:arena/01a0d33d-iips-production-market-data h:m1-ad4-repair	NO
10707566e04ebeb0d4dcc9f04324269d9a267148	program-v1.1-certification/PROGRAM_v1.1_TRACK1_PLATFORM_CERTIFICATION.md	h:arena/01a0cf86-iips-production-market-data h:arena/01a0d1d3-iips-production-market-data h:arena/01a0d33d-iips-production-market-data h:m1-ad4-repair	NO
1794ac48ae3e27e873e0659f4bc936763554b666	program-v1.1-certification/PROGRAM_v1.1_TRACK2_CROSS_SECTOR_CERTIFICATION.md	h:arena/01a0cf86-iips-production-market-data h:arena/01a0d1d3-iips-production-market-data h:arena/01a0d33d-iips-production-market-data h:m1-ad4-repair	NO
830a42b414fc59fa65aa106324aff5e71c4b72b9	program-v1.1-certification/PROGRAM_v1.1_TRACK3_REPLAY_CERTIFICATION.md	h:arena/01a0cf86-iips-production-market-data h:arena/01a0d1d3-iips-production-market-data h:arena/01a0d33d-iips-production-market-data h:m1-ad4-repair	NO
4b9736c27501715ee34df05dc58e0bbb34c051ec	program-v1.1-certification/PROGRAM_v1.1_TRACK4_PERFORMANCE_CERTIFICATION.md	h:arena/01a0cf86-iips-production-market-data h:arena/01a0d1d3-iips-production-market-data h:arena/01a0d33d-iips-production-market-data h:m1-ad4-repair	NO
1feb56e93228b7434c6732ea551acb974d95b80c	program-v1.1-certification/PROGRAM_v1.1_TRACK5_OBSERVABILITY_CERTIFICATION.md	h:arena/01a0cf86-iips-production-market-data h:arena/01a0d1d3-iips-production-market-data h:arena/01a0d33d-iips-production-market-data h:m1-ad4-repair	NO
d7f46b75ddf55de3ed10d84502e8f7202e8db58a	program-v1.1-certification/PROGRAM_v1.1_TRACK6_CSIP_CERTIFICATION.md	h:arena/01a0cf86-iips-production-market-data h:arena/01a0d1d3-iips-production-market-data h:arena/01a0d33d-iips-production-market-data h:m1-ad4-repair	NO
7eed5a7c5f06d2ee55e2a6fe133dd488af023c2d	program-v1.1-certification/PROGRAM_v1.1_TRACK7_CICD_CERTIFICATION.md	h:arena/01a0cf86-iips-production-market-data h:arena/01a0d1d3-iips-production-market-data h:arena/01a0d33d-iips-production-market-data h:m1-ad4-repair	NO
3da59ecea6c127badbbd2e3110a36c325bb61a42	program-v1.1-certification/PROGRAM_v1.1_TRACK8_ARCHITECTURE_AUDIT.md	h:arena/01a0cf86-iips-production-market-data h:arena/01a0d1d3-iips-production-market-data h:arena/01a0d33d-iips-production-market-data h:m1-ad4-repair	NO
3067fd6bab0eafbd85db494f081219cf3f737dff	program-v1.1-certification/PROGRAM_v1.1_TRACK9_LTS_CERTIFICATION.md	h:arena/01a0cf86-iips-production-market-data h:arena/01a0d1d3-iips-production-market-data h:arena/01a0d33d-iips-production-market-data h:m1-ad4-repair	NO
5b7f54589421f86bdd5ec9e3e149673cf6065d3a	program-v1.1-certification/PROGRAM_v1.1_V2_REMEDIATION_BACKLOG.md	h:arena/01a0cf86-iips-production-market-data h:arena/01a0d1d3-iips-production-market-data h:arena/01a0d33d-iips-production-market-data h:m1-ad4-repair	NO
d19b1ec89e2c3e185e2ba97eee74958ed1d8ba10	program-v1.1-certification/RELEASE_NOTES_PROGRAM_v1.1.0.md	h:arena/01a0cf86-iips-production-market-data h:arena/01a0d1d3-iips-production-market-data h:arena/01a0d33d-iips-production-market-data h:m1-ad4-repair	NO
01a668f6e94a99ae32fa4819c0a992d170de6a24	src/transports/executive_transport.ts	h:arena/01a0cf86-iips-production-market-data h:arena/01a0d1d3-iips-production-market-data h:arena/01a0d33d-iips-production-market-data	NO
e998e50e178e227242f2cbde88c4f34ceea2337b	tests/executive_recovery_integration.test.ts	h:arena/01a0cf86-iips-production-market-data	NO
f6675503faf443e0cf36d4840552449f19778b62	tests/shell_executive_surface.test.ts	h:arena/01a0cf86-iips-production-market-data	NO
891ac6db3562ed3d7e048451817c8eb7144f69c1	tests/shell_offline_full_shell_restoration.test.ts	h:arena/01a0cf86-iips-production-market-data	NO
ad7e0555f4fabaa305e830b88b032e481cd893fc	.iips-evidence/wui-rs-03d/windows-browser-runtime-result.txt	h:arena/01a0d1d3-iips-production-market-data h:arena/01a0d33d-iips-production-market-data	NO
8032de422c4e08cf4d2499387ac4b46fee8c0ea4	.iips-evidence/wui-rs-05b/windows-research-sector-acceptance.txt	h:arena/01a0d1d3-iips-production-market-data h:arena/01a0d33d-iips-production-market-data	NO
08eab0efcf02224726879a124b2463ea8941d7b2	IIPS_AI_ADVISORY_FORENSIC_AUTHORITY_REPORT.md	h:arena/01a0d1d3-iips-production-market-data h:arena/01a0d33d-iips-production-market-data	NO
db144db3a8e97372a9f62f9f622a72ef79b9221c	IIPS_RESEARCH_SECTOR_READ_AUTHORITIES_REPORT.md	h:arena/01a0d1d3-iips-production-market-data h:arena/01a0d33d-iips-production-market-data	NO
83f0cc33d3329492419b7332ce5bb7bd1f40a60b	IIPS_RESEARCH_SECTOR_RECOVERY_MANIFEST.md	h:arena/01a0d1d3-iips-production-market-data h:arena/01a0d33d-iips-production-market-data	NO
580bcedcc0e5e5df17ed3b5a34e14b2acd14c252	IIPS_RESEARCH_SECTOR_UI_RECOVERY_REPORT.md	h:arena/01a0d1d3-iips-production-market-data h:arena/01a0d33d-iips-production-market-data	NO
3c7745e72d347ddbfa7ac24c2d9eed526540cc27	docs/IIPS_REMAINING_PRODUCT_SURFACE_INVENTORY.md	h:arena/01a0d1d3-iips-production-market-data h:arena/01a0d33d-iips-production-market-data	NO
77ee5734ba600e0876038f8c032c9c470b6fa801	docs/WUI_RS_05B_ARENA_RECONCILIATION.md	h:arena/01a0d1d3-iips-production-market-data h:arena/01a0d33d-iips-production-market-data	NO
7a13d362c0b17031f726907ff97184df97294ab9	docs/WUI_RS_05C_VISUAL_PARITY_FORENSIC_REPORT.md	h:arena/01a0d1d3-iips-production-market-data h:arena/01a0d33d-iips-production-market-data	NO
e7856bcf720cb64da3c9b69a091a88bf524f7fb1	docs/WUI_RS_05D_A_VISUAL_PARITY_IMPLEMENTATION.md	h:arena/01a0d1d3-iips-production-market-data h:arena/01a0d33d-iips-production-market-data	NO
c0f17036939faa258a5ef3736e2ca5eb36d92de8	docs/WUI_RS_05D_B_STATUS_COLOUR_AUTHORITY_ANALYSIS.md	h:arena/01a0d1d3-iips-production-market-data h:arena/01a0d33d-iips-production-market-data	NO
7f15de478d0a9c6b00ef0f17c7910143ea1503ae	docs/WUI_RS_05D_C_PLATFORM_COLOUR_AUTHORITY_RECONCILIATION.md	h:arena/01a0d1d3-iips-production-market-data h:arena/01a0d33d-iips-production-market-data	NO
b61c20651c3e94489438b4208d587a2a90771cc1	docs/WUI_RS_05D_D1_DARK_SEMANTIC_COLOUR_AUTHORITY.md	h:arena/01a0d1d3-iips-production-market-data h:arena/01a0d33d-iips-production-market-data	NO
1e8744d3f0804df1cd49f58362d34c7055ce1a00	docs/WUI_RS_05D_D2_DARK_SEMANTIC_COLOUR_IMPLEMENTATION.md	h:arena/01a0d1d3-iips-production-market-data h:arena/01a0d33d-iips-production-market-data	NO
81cf89e768b5d7147233b4371571172a3dff19dc	docs/WUI_RS_05D_D3_EXECUTIVE_404_FORENSIC.md	h:arena/01a0d1d3-iips-production-market-data h:arena/01a0d33d-iips-production-market-data	NO
2d8dc9c170f33fde5c3351b8daae2aceeea351ad	frontend/server/executive-dev-server.ts	h:arena/01a0d1d3-iips-production-market-data h:arena/01a0d33d-iips-production-market-data	NO
d98a8e72028fa580a741a78367b18e2dd53e8059	frontend/server/research-sector-dev-server.ts	h:arena/01a0d1d3-iips-production-market-data h:arena/01a0d33d-iips-production-market-data	NO
17b25bb2653bc9152f0d1093bf40e30d17d574df	frontend/server/research-sector-transport.ts	h:arena/01a0d1d3-iips-production-market-data	NO
1215c32df859721a9a4aae490d42443c58f57093	frontend/src/api/company.ts	h:arena/01a0d1d3-iips-production-market-data h:arena/01a0d33d-iips-production-market-data	NO
a0ab3ede0e7bfce39222bf628fa795fb1e7a7789	frontend/src/api/decisionMatrix.ts	h:arena/01a0d1d3-iips-production-market-data h:arena/01a0d33d-iips-production-market-data	NO
7b0ab9cbbeb582cc23a6e2ab9a725537d002a388	frontend/src/api/executive.ts	h:arena/01a0d1d3-iips-production-market-data h:arena/01a0d33d-iips-production-market-data	NO
82955881e5121082131d5dc7fbff98fcdf1e4616	frontend/src/app/App.tsx	h:arena/01a0d1d3-iips-production-market-data	NO
31aa3a83f402a870f168c1840a5086273d5aefc3	frontend/src/app/navigation.ts	h:arena/01a0d1d3-iips-production-market-data	NO
1420b1b048318a6c5d78b8aef99e03f81d528916	frontend/src/components/ai/AdvisoryDeferred.tsx	h:arena/01a0d1d3-iips-production-market-data h:arena/01a0d33d-iips-production-market-data	NO
158805a20234e2094ac0ea7b3ea63baf0ac7af15	frontend/src/components/company/CompanyHeader.tsx	h:arena/01a0d1d3-iips-production-market-data h:arena/01a0d33d-iips-production-market-data	NO
00a135b17ae1664fbf7c977b9802f2bbcc79f5be	frontend/src/components/state/DataModeUnavailable.tsx	h:arena/01a0d1d3-iips-production-market-data h:arena/01a0d33d-iips-production-market-data	NO
6b4dd646efba34cc46c5bf567bf3d5be6e795e4f	frontend/src/components/state/PitVintagePanel.tsx	h:arena/01a0d1d3-iips-production-market-data h:arena/01a0d33d-iips-production-market-data	NO
c915ce398cc13c5fb0deca89b004830efdd2e0bf	frontend/src/features/company/CompanyIntelligence.tsx	h:arena/01a0d1d3-iips-production-market-data h:arena/01a0d33d-iips-production-market-data	NO
58b782a99b227cc20439a0ad3e8b3e0e81c81497	frontend/src/features/company/CompanyTrustChain.tsx	h:arena/01a0d1d3-iips-production-market-data h:arena/01a0d33d-iips-production-market-data	NO
e2a70b13f8d5f1bebaacf0067332c8c2593fe4f2	frontend/src/features/executive/ExecutiveDashboard.tsx	h:arena/01a0d1d3-iips-production-market-data h:arena/01a0d33d-iips-production-market-data	NO
cd12bb6fa2d5e65e4fa14c06e3abb28d748b82f8	frontend/src/features/research/SectorIntelligence.tsx	h:arena/01a0d1d3-iips-production-market-data h:arena/01a0d33d-iips-production-market-data	NO
0e1e25a1b4672aec693ce99e8805d9aa78a8db1f	frontend/src/index.css	h:arena/01a0d1d3-iips-production-market-data h:arena/01a0d33d-iips-production-market-data	NO
42cfa41a965d2980dc22dff9b702506167ac6484	package.json	h:arena/01a0d1d3-iips-production-market-data h:arena/01a0d33d-iips-production-market-data	NO
1544957c82538862590ad28ccd3be47f88cdbaab	tests/executive_recovery_integration.test.ts	h:arena/01a0d1d3-iips-production-market-data h:arena/01a0d33d-iips-production-market-data	NO
2d9211029564632422bd063c891c473b1b33ae4a	tests/r1_executive_dev_topology.test.ts	h:arena/01a0d1d3-iips-production-market-data h:arena/01a0d33d-iips-production-market-data	NO
d6a8f7eff17a3e24157cf843b0ae27e90d73babd	tests/research_sector_parity.test.ts	h:arena/01a0d1d3-iips-production-market-data h:arena/01a0d33d-iips-production-market-data	NO
009631764c9deeba9116bfa73527b38ac6546710	tests/research_sector_primitives.test.ts	h:arena/01a0d1d3-iips-production-market-data h:arena/01a0d33d-iips-production-market-data	NO
c1cec965a32e23a25e66d8be1ba9306b82b31748	tests/research_sector_read_authorities.test.ts	h:arena/01a0d1d3-iips-production-market-data	NO
b6eddbf16257f27d07acc1883de5b7fe7c34c2d1	tests/research_sector_ui_recovery.test.ts	h:arena/01a0d1d3-iips-production-market-data	NO
f3089e8c6030589caeeb5367c9d02b53f377da93	tests/shell_executive_surface.test.ts	h:arena/01a0d1d3-iips-production-market-data	NO
7c03eb4f7d1fc37c97bcafb9200c84d6f6821d93	tests/shell_multifactor_screener_surface.test.ts	h:arena/01a0d1d3-iips-production-market-data	NO
5cae77a7e6db624794ec27361c23d73071ff1486	tests/shell_offline_full_shell_restoration.test.ts	h:arena/01a0d1d3-iips-production-market-data	NO
fce514cd098ac20fea273d4d76f8c4ad0d49b91b	tests/shell_research_surface.test.ts	h:arena/01a0d1d3-iips-production-market-data	NO
0c96cf55185a7167763875ce1f61b86a2f594996	tests/wui_rs_05a_dev_acceptance_topology.test.ts	h:arena/01a0d1d3-iips-production-market-data h:arena/01a0d33d-iips-production-market-data	NO
e408bde8b9b855dd03a9311e6d400ded3dee54c7	tests/wui_rs_05d_a_visual_parity.test.ts	h:arena/01a0d1d3-iips-production-market-data h:arena/01a0d33d-iips-production-market-data	NO
7f74af0a1fe98f3b1881097d5554c00c63727138	tests/wui_rs_05d_d2_dark_semantic_colour.test.ts	h:arena/01a0d1d3-iips-production-market-data h:arena/01a0d33d-iips-production-market-data	NO
c889b0b4fada5838a62259694366c688986b1500	tsconfig.json	h:arena/01a0d1d3-iips-production-market-data h:arena/01a0d33d-iips-production-market-data	NO
4658f0c0bd7dff186bdc2f0da9045d7d63ae804d	vite.config.ts	h:arena/01a0d1d3-iips-production-market-data h:arena/01a0d33d-iips-production-market-data	NO
d8b90acc498682984bbe5d5608b362377f778cf1	evidence/operator_drop/b1_three_engine_windows_certification_20260925/B1-WINDOWS-TIER3-OPERATOR-CERTIFICATION-RECORD.md	h:arena/01a0d33d-iips-production-market-data	NO
d21caed3d343bca8a4fcadb13352ecbb30b9443e	evidence/operator_drop/b1_three_engine_windows_certification_20260925/api-engines-parsed.json	h:arena/01a0d33d-iips-production-market-data	NO
727e25da653e555318a84fbdc9f5b2d8dd0b414a	evidence/operator_drop/b1_three_engine_windows_certification_20260925/api-engines.txt	h:arena/01a0d33d-iips-production-market-data	NO
8d9eaa4e3c29403ad654eed31f0dfab82b7ea576	evidence/operator_drop/b1_three_engine_windows_certification_20260925/build-tsc-compiler-only.txt	h:arena/01a0d33d-iips-production-market-data	NO
c38199110020b95c13eca9cd2728133129ae98d4	evidence/operator_drop/b1_three_engine_windows_certification_20260925/build-vite-root.txt	h:arena/01a0d33d-iips-production-market-data	NO
22c21a2fbee7684f0588a2bc263789f2a4f912f1	evidence/operator_drop/b1_three_engine_windows_certification_20260925/environment.txt	h:arena/01a0d33d-iips-production-market-data	NO
322d63f3d448603c8dfb72416089183dcf179a20	evidence/operator_drop/b1_three_engine_windows_certification_20260925/execute-IES-016-get.txt | evidence/operator_drop/b1_three_engine_windows_certification_20260925/execute-IES-017-get.txt | evidence/operator_drop/b1_three_engine_windows_certification_20260925/execute-IES-020-get.txt	h:arena/01a0d33d-iips-production-market-data	NO
f26ae925f621d05f8bdaa36c8c1d1149961bee49	evidence/operator_drop/b1_three_engine_windows_certification_20260925/execute-IES-016-post.txt | evidence/operator_drop/b1_three_engine_windows_certification_20260925/execute-IES-017-post.txt | evidence/operator_drop/b1_three_engine_windows_certification_20260925/execute-IES-020-post.txt	h:arena/01a0d33d-iips-production-market-data	NO
141b901e737447b178766a1544ad2e3b641617cf	evidence/operator_drop/b1_three_engine_windows_certification_20260925/frontend-server.log	h:arena/01a0d33d-iips-production-market-data	NO
3a827d1c45f4e7d9dafefa70fe0565aabf2bd4d6	evidence/operator_drop/b1_three_engine_windows_certification_20260925/git-head-after.txt	h:arena/01a0d33d-iips-production-market-data	NO
031643c7a43b39e3d4c13cb90a78cd0eb0f6382f	evidence/operator_drop/b1_three_engine_windows_certification_20260925/git-head-before.txt	h:arena/01a0d33d-iips-production-market-data	NO
a2fa31d8c6e4148ad05f6e86a551aaf2ecf6e28f	evidence/operator_drop/b1_three_engine_windows_certification_20260925/git-status-before.txt	h:arena/01a0d33d-iips-production-market-data	NO
cbdc6144494b06f4921a60105aedf5e7b13ad96d	evidence/operator_drop/b1_three_engine_windows_certification_20260925/research-server.log	h:arena/01a0d33d-iips-production-market-data	NO
fe10ba73707fd30d030b1202a38e704fc5b9856a	evidence/operator_drop/b1_three_engine_windows_certification_20260925/tier3-command.txt	h:arena/01a0d33d-iips-production-market-data	NO
55fa1855e860a1f7122c6313736a0a0011449284	evidence/operator_drop/b1_three_engine_windows_certification_20260925/tier3-hashes-after.txt	h:arena/01a0d33d-iips-production-market-data	NO
9a8cbff5521997542ca0c833f57b971077c3ee4c	evidence/operator_drop/b1_three_engine_windows_certification_20260925/tier3-hashes-before.txt	h:arena/01a0d33d-iips-production-market-data	NO
f4a6627f44cfb92e6c49daa87335579395892617	evidence/operator_drop/b1_three_engine_windows_certification_20260925/tier3-transcript.txt	h:arena/01a0d33d-iips-production-market-data	NO
6a6e826de26072c89a9cfa09677016f4f35f43c3	evidence/target-shell-integration/B1-THREE-ENGINE-A1-ADOPTION-AUTHORITY-RECORD.md	h:arena/01a0d33d-iips-production-market-data	NO
10df3e0c7d37090a92c911f6da473d2c9f72c4d1	evidence/target-shell-integration/B1-THREE-ENGINE-CERTIFICATION-CRITERIA-ISSUANCE-AUTHORITY-RECORD.md	h:arena/01a0d33d-iips-production-market-data	NO
84573f01d22f26c3374adfcee2d2dec87185fbc8	evidence/target-shell-integration/B1-THREE-ENGINE-G4-ROLE-SEPARATED-VERIFICATION-REPORT.md	h:arena/01a0d33d-iips-production-market-data	NO
9ad0771de31938167ec43b011feeafe8c14afb91	evidence/target-shell-integration/B1-THREE-ENGINE-G5-CERTIFICATION-ISSUANCE-ACT.md	h:arena/01a0d33d-iips-production-market-data	NO
41531475b2cc060aa14d2ddfc9671a928dc6b74a	evidence/target-shell-integration/B1-THREE-ENGINE-G6-API-DISCLOSURE-EXECUTION-CLOSURE-RECORD.md	h:arena/01a0d33d-iips-production-market-data	NO
c7e9428519cf9a4c3c1f7f63ce992a89d6385fdf	evidence/target-shell-integration/G6-WINDOWS-ARTIFACT-DROP-20260926/EngineApiAdapter.ts | iips-platform/src/integration/EngineApiAdapter.ts	h:arena/01a0d33d-iips-production-market-data	NO
a96be332bb4a89fa68fdd5349ff94c21984b2743	evidence/target-shell-integration/G6-WINDOWS-ARTIFACT-DROP-20260926/EngineRegistry.ts | iips-platform/src/integration/EngineRegistry.ts	h:arena/01a0d33d-iips-production-market-data	NO
f49da244a15037ea0b2578d4d4ddac856af2ccd8	evidence/target-shell-integration/G6-WINDOWS-ARTIFACT-DROP-20260926/SHA256-MANIFEST.txt	h:arena/01a0d33d-iips-production-market-data	NO
c8a705cd036e7963382bd095e14e05b58859d363	evidence/target-shell-integration/GATE-A-SUPPLEMENT-PACK-PATH-COMPLETION-AUTHORITY-AMENDMENT.md	h:arena/01a0d33d-iips-production-market-data	NO
f10fa901c6824e12b05c6389bf42d703d392aa55	evidence/target-shell-integration/GATE-A-SUPPLEMENT-PACK-PATH-COMPLETION-EXECUTION-ADDENDUM.md	h:arena/01a0d33d-iips-production-market-data	NO
4de21c9b37bda8bf52a00fcf0415ce2a5cf27459	evidence/target-shell-integration/GATE-A-THREE-ENGINE-ASSET-PACK-PROVENANCE.json	h:arena/01a0d33d-iips-production-market-data	NO
545c29bbf1fe582525ba077077fd445d61b1bea1	evidence/target-shell-integration/GATE-A-THREE-ENGINE-ASSET-PACK-PROVENANCE.md	h:arena/01a0d33d-iips-production-market-data	NO
208bb70fa2a9081463d3b0fc01e272655b5ba650	evidence/target-shell-integration/GATE-B-THREE-ENGINE-REGISTRY-ADOPTION-PROVENANCE.md	h:arena/01a0d33d-iips-production-market-data	NO
743f1a33c20c7c8588a1804b0cdd0d5d328d5cfc	evidence/target-shell-integration/GATE-C-B1-THREE-ENGINE-CERTIFICATION-DETERMINATION.md	h:arena/01a0d33d-iips-production-market-data	NO
5cadfd368a255b309270cd1b371b19032fa7c803	evidence/target-shell-integration/GATE-C-B1-THREE-ENGINE-CERTIFICATION-EVIDENCE.json	h:arena/01a0d33d-iips-production-market-data	NO
389228b1888f174b41b888d3708983ddb70a466c	evidence/target-shell-integration/GROUP2-D42-CANONICAL-ID-AUTHORITY-RECORD.md	h:arena/01a0d33d-iips-production-market-data	NO
b4a57f75dce23dc493341dd858e2995bfebf6fff	frontend/server/research-sector-transport.ts	h:arena/01a0d33d-iips-production-market-data	NO
81fad660a288150ecfd5157d11acdbbd507f2d80	frontend/src/api/crossSector.ts	h:arena/01a0d33d-iips-production-market-data	NO
27a5bb3b24eb7dd3774dd1c0a19014a163ae6078	frontend/src/api/engines.ts	h:arena/01a0d33d-iips-production-market-data	NO
8ed84fc25b80150cbc616c5212365a2e18f428f5	frontend/src/app/App.tsx	h:arena/01a0d33d-iips-production-market-data	NO
963b4473d460717573c4d76846857199a866b861	frontend/src/app/navigation.ts	h:arena/01a0d33d-iips-production-market-data	NO
dfbb1d2182d2fabed3dead2f4b89dfba9b595e3a	frontend/src/app/routes.ts	h:arena/01a0d33d-iips-production-market-data	NO
c80941d036d6fbeb7e5681e6d7d453c0b3040c1c	frontend/src/features/cross-sector/CrossSectorIntelligence.tsx	h:arena/01a0d33d-iips-production-market-data	NO
6c2b11c8a906fb9f8c5a11b522ce991f8bc9fb6b	frontend/src/features/decision-matrix/DecisionMatrix.tsx	h:arena/01a0d33d-iips-production-market-data	NO
77a09ed41c1206814249c54f3e96c79e5b0acb36	frontend/src/features/engines/EngineRegistry.tsx	h:arena/01a0d33d-iips-production-market-data	NO
66d18029fe089c06ce9f55b71cbe03c697ac42ae	frontend/src/features/evidence/EvidenceExplorer.tsx	h:arena/01a0d33d-iips-production-market-data	NO
f1e78c5609414fdaf5bf9bf63a2f7cf2cf9d4e8a	frontend/src/features/evidence/EvidenceHub.tsx	h:arena/01a0d33d-iips-production-market-data	NO
e6767d3dade1d1b7504fd9bdd6185f900bf4c175	frontend/src/features/replay/ReplayExplorer.tsx	h:arena/01a0d33d-iips-production-market-data	NO
32446a13716d58fa490efc666b64f52028015d28	frontend/src/features/research/ResearchEvents.tsx	h:arena/01a0d33d-iips-production-market-data	NO
b9f0a1da9f3e8e3fdc4a1da3660a1957c573a55d	frontend/src/features/screener/Screener.tsx	h:arena/01a0d33d-iips-production-market-data	NO
7f796754cb04eeb75e87000c760bbef587eb060c	ies-016-telecommunications/D16_AUTHORITY_REVIEW.md	h:arena/01a0d33d-iips-production-market-data h:m1-ad4-repair	NO
ec715ca1e2305d11bb51f2aac7a307a74b06042e	ies-016-telecommunications/IES-016_ARCHITECTURE_REVIEW.md	h:arena/01a0d33d-iips-production-market-data h:m1-ad4-repair	NO
70018bdb38849d50af7258f62d0341ac2bf64f1a	ies-016-telecommunications/IES-016_FREEZE_MANIFEST.json	h:arena/01a0d33d-iips-production-market-data h:m1-ad4-repair	NO
d764f276d980b6843e1b68939803299181bd3a47	ies-016-telecommunications/IES-016_IMPLEMENTATION_READINESS_CERTIFICATE.md	h:arena/01a0d33d-iips-production-market-data h:m1-ad4-repair	NO
78a9b13fc566077ce562057ee03a0092d158471b	ies-016-telecommunications/RELEASE_NOTES_IES-016_v1.0.0.md	h:arena/01a0d33d-iips-production-market-data h:m1-ad4-repair	NO
68aae104dd3a0ccad8122d5770bd8d2c61637ba6	ies-016-telecommunications/TELECOMMUNICATIONS_DISCOVERY_PACK.md	h:arena/01a0d33d-iips-production-market-data h:m1-ad4-repair	NO
0a45484582300d106c104e093a176d9ba52f6aec	ies-016-telecommunications/TELECOMMUNICATIONS_ENGINE_ACCEPTANCE_MATRIX.md	h:arena/01a0d33d-iips-production-market-data h:m1-ad4-repair	NO
16b37ee9f3d0b20a0849c2314ee66cb58e08e383	ies-016-telecommunications/TELECOMMUNICATIONS_IMPLEMENTATION_RISK_REGISTER.md	h:arena/01a0d33d-iips-production-market-data h:m1-ad4-repair	NO
c69ce2eb5d989f63a0618406b103dc398ebc4948	ies-016-telecommunications/contract-tests/generate_expected_outputs.py	h:arena/01a0d33d-iips-production-market-data h:m1-ad4-repair	NO
04bb92ba2af021769f1046ebc8cd0444ab329849	ies-016-telecommunications/docs/IES-016_01_README.md	h:arena/01a0d33d-iips-production-market-data h:m1-ad4-repair	NO
044deb495c5c97318f4568f736195d6227c1262f	ies-016-telecommunications/docs/IES-016_02_EXECUTIVE_SUMMARY.md	h:arena/01a0d33d-iips-production-market-data h:m1-ad4-repair	NO
83b4697e37ac419784d90681e66e25708a73d581	ies-016-telecommunications/docs/IES-016_03_INDUSTRY_MODEL.md	h:arena/01a0d33d-iips-production-market-data h:m1-ad4-repair	NO
ad81f6ddb013a1d85963c9d06aa6a0277781c19f	ies-016-telecommunications/docs/IES-016_04_BUSINESS_MODEL.md	h:arena/01a0d33d-iips-production-market-data h:m1-ad4-repair	NO
7216977ee87d488a7a16b178a62db9ae8fcd11ec	ies-016-telecommunications/docs/IES-016_05_METHODOLOGY_PRINCIPLES.md	h:arena/01a0d33d-iips-production-market-data h:m1-ad4-repair	NO
596d2158f9fb49c3b637c21e6a15ae8779cb0ea4	ies-016-telecommunications/docs/IES-016_06_METRIC_LIBRARY.md	h:arena/01a0d33d-iips-production-market-data h:m1-ad4-repair	NO
607610d7ee3b8e483104c107a1f7492b76fb6b5b	ies-016-telecommunications/docs/IES-016_07_SCORE_ENGINE.md	h:arena/01a0d33d-iips-production-market-data h:m1-ad4-repair	NO
8d03d9e20aca7ba71c529b5f5f603744e34bf145	ies-016-telecommunications/docs/IES-016_08_FORMULA_LIBRARY.md	h:arena/01a0d33d-iips-production-market-data h:m1-ad4-repair	NO
e45d71995a42f5a0d19ce59eefa794fdf560aa52	ies-016-telecommunications/docs/IES-016_09_CALIBRATION.md	h:arena/01a0d33d-iips-production-market-data h:m1-ad4-repair	NO
0927629c9de3585cd3cc87a90b4540c994afad6f	ies-016-telecommunications/docs/IES-016_10_DECISION_ENGINE.md	h:arena/01a0d33d-iips-production-market-data h:m1-ad4-repair	NO
30764c44976e454997fb794ee632b7f6ea92e72b	ies-016-telecommunications/docs/IES-016_11_EVIDENCE_FRAMEWORK.md	h:arena/01a0d33d-iips-production-market-data h:m1-ad4-repair	NO
9dd39a402ef6b66acfa9b88f2d78b7f0ac3e89fb	ies-016-telecommunications/docs/IES-016_12_VALIDATION.md	h:arena/01a0d33d-iips-production-market-data h:m1-ad4-repair	NO
279c138862eb82d2e842d9bb876c3e9274b2c1a0	ies-016-telecommunications/docs/IES-016_13_ARENA_IMPLEMENTATION_SPECIFICATION.md	h:arena/01a0d33d-iips-production-market-data h:m1-ad4-repair	NO
68077fd69d62e4fea27601529a7814d9479cc3b9	ies-016-telecommunications/docs/IES-016_14_REFERENCE_ASSET_GOVERNANCE.md	h:arena/01a0d33d-iips-production-market-data h:m1-ad4-repair	NO
a5f9286b49cdeef8e0e326048d579b96dd74d1d2	ies-016-telecommunications/docs/IES-016_15_NORMATIVE_CALCULATION_APPENDIX.md	h:arena/01a0d33d-iips-production-market-data h:m1-ad4-repair	NO
ce896d1023c276e155595d0879907fc4aadf610a	ies-016-telecommunications/docs/IES-016_16_IMPLEMENTATION_READINESS_CERTIFICATE.md	h:arena/01a0d33d-iips-production-market-data h:m1-ad4-repair	NO
ae0bee41b7eccab1aab4860a6d40b7df7677585e	ies-016-telecommunications/docs/IES-016_17_MASTER_INDEX.md	h:arena/01a0d33d-iips-production-market-data h:m1-ad4-repair	NO
793d7f8a7b89ff9d509af164629e4dd025d8ed63	ies-016-telecommunications/docs/IES-016_18_DATA_DICTIONARY.md	h:arena/01a0d33d-iips-production-market-data h:m1-ad4-repair	NO
4d86bbdf7ecf48df4264c87720e1c4cf3bb47fbb	ies-016-telecommunications/docs/IES-016_19_REFERENCE_DATA_SOURCES.md	h:arena/01a0d33d-iips-production-market-data h:m1-ad4-repair	NO
ed6bbeb8b127f45ac8c8d99f9baee8c42bd60001	ies-016-telecommunications/replay-datasets/telecommunications-replay-dataset-1.0.0.json	h:arena/01a0d33d-iips-production-market-data h:m1-ad4-repair	NO
31383863e126a6688bd95249522e654c933ec6f1	ies-016-telecommunications/telecommunications-ontology-metadata-1.0.0.json	h:arena/01a0d33d-iips-production-market-data h:m1-ad4-repair	NO
e0ad759f4be4231b18959ae6f22aaa3ec6e2ab0b	ies-017-automobile/AUTOMOBILE_DISCOVERY_PACK.md	h:arena/01a0d33d-iips-production-market-data h:m1-ad4-repair	NO
8707125b545d36541e1199e3f35d425fdda3613d	ies-017-automobile/AUTOMOBILE_ENGINE_ACCEPTANCE_MATRIX.md	h:arena/01a0d33d-iips-production-market-data h:m1-ad4-repair	NO
7158304538f9e70e68b6cfe99a51386587dd0eb2	ies-017-automobile/AUTOMOBILE_IMPLEMENTATION_RISK_REGISTER.md	h:arena/01a0d33d-iips-production-market-data h:m1-ad4-repair	NO
70f46417f5a906965f001911463eedd5345c2201	ies-017-automobile/D17_AUTHORITY_REVIEW.md	h:arena/01a0d33d-iips-production-market-data h:m1-ad4-repair	NO
f16b52ec1b5c152084fc131eba29888436adb8ec	ies-017-automobile/IES-017_ARCHITECTURE_REVIEW.md	h:arena/01a0d33d-iips-production-market-data h:m1-ad4-repair	NO
a7d1190edbd8bf0bfc5b852da466c5e03b6f2cd3	ies-017-automobile/IES-017_FREEZE_MANIFEST.json	h:arena/01a0d33d-iips-production-market-data h:m1-ad4-repair	NO
a1f8ee7f9a7e7bdb572041f9cbbe0357a87bc77f	ies-017-automobile/IES-017_IMPLEMENTATION_READINESS_CERTIFICATE.md	h:arena/01a0d33d-iips-production-market-data h:m1-ad4-repair	NO
51ab933dd23d026ac7f7cda4b76b1e8d4d6d5c38	ies-017-automobile/RELEASE_NOTES_IES-017_v1.0.0.md	h:arena/01a0d33d-iips-production-market-data h:m1-ad4-repair	NO
c0cbe1659642ff6bcc2e767e06d24be081c4cd7f	ies-017-automobile/automobile-ontology-metadata-1.0.0.json	h:arena/01a0d33d-iips-production-market-data h:m1-ad4-repair	NO
ec599ce1aafb26fe645f238e1f953521e60795f8	ies-017-automobile/contract-tests/generate_expected_outputs.py	h:arena/01a0d33d-iips-production-market-data h:m1-ad4-repair	NO
6467d6639364fd6deb260fd4a0c0a6e051d0d577	ies-017-automobile/docs/IES-017_01_README.md	h:arena/01a0d33d-iips-production-market-data h:m1-ad4-repair	NO
7c625c79545d22c8786979f1f95dd26ab4351f68	ies-017-automobile/docs/IES-017_02_EXECUTIVE_SUMMARY.md	h:arena/01a0d33d-iips-production-market-data h:m1-ad4-repair	NO
5cb365b3d0fcecd8e9845fa27e91a7979753710c	ies-017-automobile/docs/IES-017_03_INDUSTRY_MODEL.md	h:arena/01a0d33d-iips-production-market-data h:m1-ad4-repair	NO
05366e8ec69ffc44a6b7f88ecdf222fb8c782cd8	ies-017-automobile/docs/IES-017_04_BUSINESS_MODEL.md	h:arena/01a0d33d-iips-production-market-data h:m1-ad4-repair	NO
95f6b97b3a1c96218878600d5a3f8c599636dd1d	ies-017-automobile/docs/IES-017_05_METHODOLOGY_PRINCIPLES.md	h:arena/01a0d33d-iips-production-market-data h:m1-ad4-repair	NO
f78f3b8793fe58ed6ef45ed1b147e66e7fcf08e4	ies-017-automobile/docs/IES-017_06_METRIC_LIBRARY.md	h:arena/01a0d33d-iips-production-market-data h:m1-ad4-repair	NO
196c5a9ccb9c5145905d8398492e0bb2bc39027c	ies-017-automobile/docs/IES-017_07_SCORE_ENGINE.md	h:arena/01a0d33d-iips-production-market-data h:m1-ad4-repair	NO
0a6224c41b3a4fe0bf6c932cf6f9f945fce2a007	ies-017-automobile/docs/IES-017_08_FORMULA_LIBRARY.md	h:arena/01a0d33d-iips-production-market-data h:m1-ad4-repair	NO
5ae5730390fb6f1371bd284fd7f6c55945423b55	ies-017-automobile/docs/IES-017_09_CALIBRATION.md	h:arena/01a0d33d-iips-production-market-data h:m1-ad4-repair	NO
21d202e1f005622826697483cbba848813a2e38e	ies-017-automobile/docs/IES-017_10_DECISION_ENGINE.md	h:arena/01a0d33d-iips-production-market-data h:m1-ad4-repair	NO
c462287f107f53ba62ca570923801974bee5b7bd	ies-017-automobile/docs/IES-017_11_EVIDENCE_FRAMEWORK.md	h:arena/01a0d33d-iips-production-market-data h:m1-ad4-repair	NO
7532ee5ab3f7aa68485e79735db6aefcf45b81eb	ies-017-automobile/docs/IES-017_12_VALIDATION.md	h:arena/01a0d33d-iips-production-market-data h:m1-ad4-repair	NO
cd8f7be57074bd7eb67a76390b4ae600f4a9fc7b	ies-017-automobile/docs/IES-017_13_ARENA_IMPLEMENTATION_SPECIFICATION.md	h:arena/01a0d33d-iips-production-market-data h:m1-ad4-repair	NO
033c398fa2d2481f1f1c3d4bde96358e5a41021d	ies-017-automobile/docs/IES-017_14_REFERENCE_ASSET_GOVERNANCE.md	h:arena/01a0d33d-iips-production-market-data h:m1-ad4-repair	NO
7e245d82db9a9125527e45dc8d2498e2d4495a92	ies-017-automobile/docs/IES-017_15_NORMATIVE_CALCULATION_APPENDIX.md	h:arena/01a0d33d-iips-production-market-data h:m1-ad4-repair	NO
4fc947417fc4500826646acf89cc43b043dbc0be	ies-017-automobile/docs/IES-017_16_IMPLEMENTATION_READINESS_CERTIFICATE.md	h:arena/01a0d33d-iips-production-market-data h:m1-ad4-repair	NO
1f282a2710fca90599dbbe8c8aa39c3375426513	ies-017-automobile/docs/IES-017_17_MASTER_INDEX.md	h:arena/01a0d33d-iips-production-market-data h:m1-ad4-repair	NO
28536473a7a1e716268b90bdd179b470888e9add	ies-017-automobile/docs/IES-017_18_DATA_DICTIONARY.md	h:arena/01a0d33d-iips-production-market-data h:m1-ad4-repair	NO
49bc75805e3d8785be0e33dd570bf15569a2bfa1	ies-017-automobile/docs/IES-017_19_REFERENCE_DATA_SOURCES.md	h:arena/01a0d33d-iips-production-market-data h:m1-ad4-repair	NO
f4d599631ee27b48aa808472f5cd9cbb0b108cff	ies-017-automobile/replay-datasets/automobile-replay-dataset-1.0.0.json	h:arena/01a0d33d-iips-production-market-data h:m1-ad4-repair	NO
de6bb32b6e6c7ca5d3de6525c2b7f5b9d11d5694	ies-020-materials-metals/D20_AUTHORITY_REVIEW.md	h:arena/01a0d33d-iips-production-market-data h:m1-ad4-repair	NO
b3c92b1ed9ece1bea1aa63d175825b386acc7e45	ies-020-materials-metals/IES-020_ARCHITECTURE_REVIEW.md	h:arena/01a0d33d-iips-production-market-data h:m1-ad4-repair	NO
0d43a538734c9c13645778b0eadfbd978730f637	ies-020-materials-metals/IES-020_FREEZE_MANIFEST.json	h:arena/01a0d33d-iips-production-market-data h:m1-ad4-repair	NO
7533e1d69dfd32b1f2781680e885e536a714f180	ies-020-materials-metals/IES-020_IMPLEMENTATION_READINESS_CERTIFICATE.md	h:arena/01a0d33d-iips-production-market-data h:m1-ad4-repair	NO
7677ec47a335d0157411830a80aba29912dc97b5	ies-020-materials-metals/MATERIALS_METALS_DISCOVERY_PACK.md	h:arena/01a0d33d-iips-production-market-data h:m1-ad4-repair	NO
12a04073ff0334bb3fe7ca6c1c0b8325da79059c	ies-020-materials-metals/MATERIALS_METALS_ENGINE_ACCEPTANCE_MATRIX.md	h:arena/01a0d33d-iips-production-market-data h:m1-ad4-repair	NO
159754c370e066dec7195ddbc771bc5ef853480d	ies-020-materials-metals/MATERIALS_METALS_IMPLEMENTATION_RISK_REGISTER.md	h:arena/01a0d33d-iips-production-market-data h:m1-ad4-repair	NO
711bc4a5fc8728a00c3cfb8909906a0ff4f4f14e	ies-020-materials-metals/RELEASE_NOTES_IES-020_v1.0.0.md	h:arena/01a0d33d-iips-production-market-data h:m1-ad4-repair	NO
2552b6590b75a5bbbc3d5893e07fb27468991e48	ies-020-materials-metals/contract-tests/generate_expected_outputs.py	h:arena/01a0d33d-iips-production-market-data h:m1-ad4-repair	NO
f8098ea0178911860f3d1836a8b1987e4469af4b	ies-020-materials-metals/docs/IES-020_01_README.md	h:arena/01a0d33d-iips-production-market-data h:m1-ad4-repair	NO
6ba484b2cae33329fd5a08396488afc9eafee1d9	ies-020-materials-metals/docs/IES-020_02_EXECUTIVE_SUMMARY.md	h:arena/01a0d33d-iips-production-market-data h:m1-ad4-repair	NO
fad4bdf6e4fc0763c4ddc620914075532dcb3859	ies-020-materials-metals/docs/IES-020_03_INDUSTRY_MODEL.md	h:arena/01a0d33d-iips-production-market-data h:m1-ad4-repair	NO
270138b0114c3fb9e410bb0ce6cbbc917e75ddec	ies-020-materials-metals/docs/IES-020_04_BUSINESS_MODEL.md	h:arena/01a0d33d-iips-production-market-data h:m1-ad4-repair	NO
31567146132b68006494ddc8e458ae01ffe2c82b	ies-020-materials-metals/docs/IES-020_05_METHODOLOGY_PRINCIPLES.md	h:arena/01a0d33d-iips-production-market-data h:m1-ad4-repair	NO
d8ad93fd560fd9aaf28516b8e1dd11b7b49f75d3	ies-020-materials-metals/docs/IES-020_06_METRIC_LIBRARY.md	h:arena/01a0d33d-iips-production-market-data h:m1-ad4-repair	NO
f0391550ab1748af00232b04c6b80f46cb56a8ca	ies-020-materials-metals/docs/IES-020_07_SCORE_ENGINE.md	h:arena/01a0d33d-iips-production-market-data h:m1-ad4-repair	NO
0b9127a8140b1db320400ffaf7928f065c990d2f	ies-020-materials-metals/docs/IES-020_08_FORMULA_LIBRARY.md	h:arena/01a0d33d-iips-production-market-data h:m1-ad4-repair	NO
82859c5b8cafe9783907726589ef0fd79f36b065	ies-020-materials-metals/docs/IES-020_09_CALIBRATION.md	h:arena/01a0d33d-iips-production-market-data h:m1-ad4-repair	NO
9d45204c19a71b6388d2d2b077bf94ab98357450	ies-020-materials-metals/docs/IES-020_10_DECISION_ENGINE.md	h:arena/01a0d33d-iips-production-market-data h:m1-ad4-repair	NO
b070176f7c5afe63fc6a1faa07796f5c1db1ea45	ies-020-materials-metals/docs/IES-020_11_EVIDENCE_FRAMEWORK.md	h:arena/01a0d33d-iips-production-market-data h:m1-ad4-repair	NO
1b9791976776a7e127528717f4265c23db1a33f4	ies-020-materials-metals/docs/IES-020_12_VALIDATION.md	h:arena/01a0d33d-iips-production-market-data h:m1-ad4-repair	NO
7892c1ed89e172cc9d9e787d80b6cb9bb618761f	ies-020-materials-metals/docs/IES-020_13_ARENA_IMPLEMENTATION_SPECIFICATION.md	h:arena/01a0d33d-iips-production-market-data h:m1-ad4-repair	NO
4ae7582040ae55e99434501fe070045ccb9b144d	ies-020-materials-metals/docs/IES-020_14_REFERENCE_ASSET_GOVERNANCE.md	h:arena/01a0d33d-iips-production-market-data h:m1-ad4-repair	NO
bd4a482bfb5ed83ef91c115d3044414b20b34bc1	ies-020-materials-metals/docs/IES-020_15_NORMATIVE_CALCULATION_APPENDIX.md	h:arena/01a0d33d-iips-production-market-data h:m1-ad4-repair	NO
735b71ab8d26ed77197768cd7a9775e2276db26f	ies-020-materials-metals/docs/IES-020_16_IMPLEMENTATION_READINESS_CERTIFICATE.md	h:arena/01a0d33d-iips-production-market-data h:m1-ad4-repair	NO
590746039eabd09595e0b8444bd0d3d169515a6c	ies-020-materials-metals/docs/IES-020_17_MASTER_INDEX.md	h:arena/01a0d33d-iips-production-market-data h:m1-ad4-repair	NO
f8d25869614c46128c4ba8a9ac266df67054af74	ies-020-materials-metals/docs/IES-020_18_DATA_DICTIONARY.md	h:arena/01a0d33d-iips-production-market-data h:m1-ad4-repair	NO
0aa8989d8ba2844cb98f1afdbe2d59861e304106	ies-020-materials-metals/docs/IES-020_19_REFERENCE_DATA_SOURCES.md	h:arena/01a0d33d-iips-production-market-data h:m1-ad4-repair	NO
8ea6b53c08aad0c3cbb7fb04020d3f8b8903ab25	ies-020-materials-metals/materials-metals-ontology-metadata-1.0.0.json	h:arena/01a0d33d-iips-production-market-data h:m1-ad4-repair	NO
62ace6612c289a38ac6bb75ee5795c56be7650f5	ies-020-materials-metals/replay-datasets/materials-metals-replay-dataset-1.0.0.json	h:arena/01a0d33d-iips-production-market-data h:m1-ad4-repair	NO
f0d4b755e80ddb82fa63ab431e013c45789a431b	tests/cross_sector_recovery.test.ts	h:arena/01a0d33d-iips-production-market-data	NO
b8a844d35bbf3de1c74763d597df16d191d7d998	tests/decision_matrix_restoration.test.ts	h:arena/01a0d33d-iips-production-market-data	NO
17bbf46c9d2bbddeaa6ed8bd509a9faf250661ba	tests/engine_registry_gate2_baseline.ts	h:arena/01a0d33d-iips-production-market-data	NO
f2ff1f5af6997c19e9c5141bf6646eec010346a9	tests/engine_registry_wiring.test.ts	h:arena/01a0d33d-iips-production-market-data	NO
cf992fd2dbe9eb670911a2aa583a46839953667a	tests/evidence_recovery.test.ts	h:arena/01a0d33d-iips-production-market-data	NO
86b14238721066d39ac869fe8439efd6c0a6f6a7	tests/research_events_recovery.test.ts	h:arena/01a0d33d-iips-production-market-data	NO
52042c984f2f69676043be136f50fd5bf3351258	tests/research_sector_read_authorities.test.ts	h:arena/01a0d33d-iips-production-market-data	NO
3e2b68bdb83b55a6c3a12d00ea503daf98534dc8	tests/research_sector_ui_recovery.test.ts	h:arena/01a0d33d-iips-production-market-data	NO
b06a836453ea9db6907bd67662b52f7be0b055f8	tests/screener_recovery.test.ts	h:arena/01a0d33d-iips-production-market-data	NO
e4594bb35b1e60282fe6cd665ac8a3720ae85cd2	tests/shell_evidence_surface.test.ts	h:arena/01a0d33d-iips-production-market-data	NO
4b19338577ac6cfd3e5a765eea55ff533076c733	tests/shell_executive_surface.test.ts	h:arena/01a0d33d-iips-production-market-data	NO
d0b323e0f9d14e03009b5fa482f0ace24e8d3d2a	tests/shell_multifactor_screener_surface.test.ts	h:arena/01a0d33d-iips-production-market-data	NO
bd4cb183bbecc23cafca6a615021e603fe45a644	tests/shell_offline_full_shell_restoration.test.ts	h:arena/01a0d33d-iips-production-market-data	NO
ae75eace46aa4727db1f17d3b3ff9b8fa368a05a	tests/shell_research_surface.test.ts	h:arena/01a0d33d-iips-production-market-data	NO
98147cbed230615411179d6a77ea1d57a45e26bf	docs/DHAN-D1-PROVIDER-FOUNDATION.md	h:arena/01a0d943-iips-production-market-data	NO
89bce2d5b95e450948b487b7493abe15fc5da557	docs/DHAN-D2-INTEGRATION-QUALIFICATION.md	h:arena/01a0d943-iips-production-market-data	NO
0102d8e0eaf7db9225cfb8cdacf417468905469d	docs/DHAN-D2-UI-FIXTURE-DEMONSTRATION.md	h:arena/01a0d943-iips-production-market-data	NO
7167acca637a4b1b67e1175ce05ffe4f1949f503	evidence/dhan-d1/dhan-d1-provider-foundation-report.json	h:arena/01a0d943-iips-production-market-data	NO
687fbd7be83fbd8e9d8cf79fb89c3743bc895270	evidence/dhan-d1/dhan-d1-provider-foundation-report.md	h:arena/01a0d943-iips-production-market-data	NO
1eef298855c20a6e350f66c146ae93aeec190f6b	evidence/dhan-d2-ui/dev-server-probe.txt	h:arena/01a0d943-iips-production-market-data	NO
dcb9b8cedd7bc5f90228bb1eda1b88f8209f452e	evidence/dhan-d2-ui/dhan-d2-ui-demonstration-report.json	h:arena/01a0d943-iips-production-market-data	NO
74f470796912d8e2716aefd7014c5b091050dfa9	evidence/dhan-d2-ui/dhan-d2-ui-demonstration-report.md	h:arena/01a0d943-iips-production-market-data	NO
45487ecdc64bee82c9ce2810899d9daed2280fd9	evidence/dhan-d2-ui/dom-current.html	h:arena/01a0d943-iips-production-market-data	NO
3bbc06fb7b0ebb8d470e7f6910d21838595ae241	evidence/dhan-d2-ui/dom-current.json	h:arena/01a0d943-iips-production-market-data	NO
af0bb5337c12cc3954be2f07d8aecf61dc3630e4	evidence/dhan-d2-ui/dom-stale.html	h:arena/01a0d943-iips-production-market-data	NO
b3fdb249918a838817f1f0b96ce1f5ea6ac7b98c	evidence/dhan-d2-ui/dom-stale.json	h:arena/01a0d943-iips-production-market-data	NO
ccd41e22695fd68df8e6424d9fa4989c0668a86d	evidence/dhan-d2-ui/dom-unavailable.html	h:arena/01a0d943-iips-production-market-data	NO
ebf4411356e6c79a793902c8e52e28c9cb6c3428	evidence/dhan-d2-ui/dom-unavailable.json	h:arena/01a0d943-iips-production-market-data	NO
5ec13c47009c3fb687ba65061a0dc421915d6a45	evidence/dhan-d2/dhan-d2-integration-qualification-report.json	h:arena/01a0d943-iips-production-market-data	NO
79ff05679483b2e5eb9fdbabd3e63f82f355b9f3	evidence/dhan-d2/dhan-d2-integration-qualification-report.md	h:arena/01a0d943-iips-production-market-data	NO
f62a62bedcac3f9234fd08b90c9c10730cfa4876	frontend/src/app/App.tsx	h:arena/01a0d943-iips-production-market-data	NO
b698c0c9f32f8830686d3e7a1918255fef15f911	frontend/src/features/dev/DhanD2DevSurface.tsx	h:arena/01a0d943-iips-production-market-data	NO
e42882f09c358512cc2a740d7be663bf8b88fd97	frontend/src/features/dev/dhan-d2-dev-harness.ts	h:arena/01a0d943-iips-production-market-data	NO
52b36ce765ba61d9d38de919b9ad7ad3db464985	frontend/src/features/portfolio/index.ts	h:arena/01a0d943-iips-production-market-data	NO
0eaf9802c0551fc716223f70739348eec589e02a	frontend/src/features/portfolio/market-data/portfolio-market-data-binding.ts	h:arena/01a0d943-iips-production-market-data	NO
5fa6e6748bb4b5dde94605ad87054a421b66fbd3	frontend/src/vite-env.d.ts	h:arena/01a0d943-iips-production-market-data	NO
de3d7c62900845383ec06c35eb36755b2de939ea	src/index.ts	h:arena/01a0d943-iips-production-market-data	NO
2e8e546a5d7bbd7167c0b8f101e71471d459bc75	src/providers/dhan/dhan_api_client.ts	h:arena/01a0d943-iips-production-market-data	NO
032179c863a9fbf40e8c4a80938931123b13630c	src/providers/dhan/dhan_config.ts	h:arena/01a0d943-iips-production-market-data	NO
e5495e7e5f08fa3d399bc298e9293e79040d2478	src/providers/dhan/dhan_dto.ts	h:arena/01a0d943-iips-production-market-data	NO
77e671202036b63f941e74d6ded3bc197511a424	src/providers/dhan/dhan_failures.ts	h:arena/01a0d943-iips-production-market-data	NO
a7c1e9224b568ad4a81f1ea6e8d2fa285b30fb9b	src/providers/dhan/dhan_historical_adapter.ts	h:arena/01a0d943-iips-production-market-data	NO
8684127f6fe0d0c5a8abe99df46c8a535957a173	src/providers/dhan/dhan_historical_dto.ts	h:arena/01a0d943-iips-production-market-data	NO
d3da64ec82aaf8f692f0149a145aba4e4b10b4ab	src/providers/dhan/dhan_instrument_map.ts	h:arena/01a0d943-iips-production-market-data	NO
91855c152d18679386124d3d820b8a3d638386bd	src/providers/dhan/dhan_instrument_mapping_integration.ts	h:arena/01a0d943-iips-production-market-data	NO
50a9d3122e0c62d362b3c03c11461930ff9bf3fa	src/providers/dhan/dhan_market_data_source.ts	h:arena/01a0d943-iips-production-market-data	NO
33d81e40bf150217f3f522171ff41748e9ec238d	src/providers/dhan/dhan_normalizer.ts	h:arena/01a0d943-iips-production-market-data	NO
7423d57fa6c550271956298fdf8a25fe66c2f2c8	src/providers/dhan/index.ts	h:arena/01a0d943-iips-production-market-data	NO
40f24ccf1cc871879b81930700beebffe5f2cba8	src/providers/index.ts	h:arena/01a0d943-iips-production-market-data	NO
a9fa15e695e53490152e4de7c36eca6f48627a84	src/providers/market_data_route.ts	h:arena/01a0d943-iips-production-market-data	NO
1c30a73413d532e2cd8db114300a0a6b6aebc719	tests/dhan_d1_provider_foundation.test.ts	h:arena/01a0d943-iips-production-market-data	NO
7e090a5a9310e27af42bf22fda9b54be4a500d70	tests/dhan_d2_integration_qualification.test.ts	h:arena/01a0d943-iips-production-market-data	NO
c56f28211013a80236fb2b47f12f9a4e3644fd34	tests/dhan_d2_ui_mock_demonstration.test.ts	h:arena/01a0d943-iips-production-market-data	NO
e9e3f3aca5ccb74ecca09b87f4f8334459ceb4b7	tests/fixtures/dhan_d1_fixtures.json	h:arena/01a0d943-iips-production-market-data	NO
e26ea836ab16f1a6dbd1800e78d83ad07ce2f076	tests/fixtures/dhan_d2_fixtures.json	h:arena/01a0d943-iips-production-market-data	NO
6511fc51b57143c0b052997423fea0e0eb03eb96	tsconfig.json	h:arena/01a0d943-iips-production-market-data	NO
61373a1ed305ce50af9f0460ced4a89b345af21f	evidence/intelligence-data-supply-governance/D06-D07-UI-INTEGRATION-AUTHORIZATION-ACT.md	h:arena/01a0ddae-iips-production-market-data	NO
72810b71c0d43ad376b6cf0773c5130ed123b9e5	evidence/intelligence-data-supply-governance/D06-M1-PROSPECTIVE-NSE-CORPORATE-DISCLOSURE-DATASET-COMMISSIONING-ACT.md	h:arena/01a0ddae-iips-production-market-data	NO
939ec6ffb4f48212296183d9c09560bbf91d4a8c	evidence/intelligence-data-supply-governance/D06-M3-PROSPECTIVE-NSE-CORPORATE-DISCLOSURE-PROVENANCE-ACCEPTANCE-ACT.md	h:arena/01a0ddae-iips-production-market-data	NO
82c36b03dfda8c2c31299e8ab4f07eab9d8e1d15	evidence/intelligence-data-supply-governance/D07-M1-PROSPECTIVE-ESTIMATES-OBSERVATION-DATASET-COMMISSIONING-ACT.md	h:arena/01a0ddae-iips-production-market-data	NO
0ba5a9f49468ae02a62015803ecd202ec224110b	evidence/intelligence-data-supply-governance/D07-M3-PROSPECTIVE-ESTIMATES-PROVENANCE-ACCEPTANCE-ACT.md	h:arena/01a0ddae-iips-production-market-data	NO
4dc2288a5b8277f5eebb31ba88d2b464778c9e79	evidence/intelligence-data-supply-governance/D8-D06-D07-SOURCE-PROVIDER-DESIGNATION-ACT.md	h:arena/01a0ddae-iips-production-market-data	NO
02ca10791c7c4bc55e3b6b4a231296b60f8efef9	evidence/intelligence-data-supply-governance/D8-D06-NEWS-SOURCE-PROVIDER-DESIGNATION-ACT.md	h:arena/01a0ddae-iips-production-market-data	NO
a2b4179fb323531b675ffe029415d8b3bdd3080b	evidence/intelligence-data-supply-governance/D8-INTELLIGENCE-DOMAIN-SCOPE-DETERMINATION-ACT.md	h:arena/01a0ddae-iips-production-market-data	NO
aa7746096f24c367322d10a6dcd216ea30fb5815	evidence/intelligence-data-supply-governance/GATE-Y-INTELLIGENCE-DATA-SUPPLY-DESIGNATION-AND-GATE-SELECTION-ACT.md	h:arena/01a0ddae-iips-production-market-data	NO
bd3be4024d8910f62860ec46cc267d646c0bc454	evidence/intelligence-data-supply-governance/GATE-Y-M2-INTELLIGENCE-DATA-AUTHORIZATION-ACT.md	h:arena/01a0ddae-iips-production-market-data	NO
5f5432d242e1b9c35c9dca9bf64e8201d85bcc09	evidence/persistence-payload-governance/A-1-PERSISTENCE-PAYLOAD-GOVERNANCE-WORKSTREAM-DESIGNATION.md	h:arena/01a0ddae-iips-production-market-data	NO
18a50d0bcf0366e96f529c2a5b39e7c82a91b5dc	evidence/persistence-payload-governance/GATE-P-PERSISTENCE-GOVERNANCE-READ-ONLY-GATE-SELECTION.md	h:arena/01a0ddae-iips-production-market-data	NO
306b36f7c91e37a9df534535625b05397fe467df	evidence/persistence-payload-governance/GATE-P-PERSISTENCE-GOVERNANCE-READ-ONLY-INVESTIGATION-FINDINGS.md	h:arena/01a0ddae-iips-production-market-data	NO
8bff04682ada3f6569020698096b4eb18b284a6c	evidence/persistence-payload-governance/GATE-P-POST-INVESTIGATION-AUTHORITY-DECISION-PACKET.md	h:arena/01a0ddae-iips-production-market-data	NO
40597e4e0dee2912af6ee1ad0eb693b6159d6eaf	evidence/persistence-payload-governance/GP-1-PERSISTENCE-GOVERNANCE-AUTHORITY-ACT.md	h:arena/01a0ddae-iips-production-market-data	NO
7bf7e30f3fc0b2cbc088fb758b005f5a97adf0a8	evidence/persistence-payload-governance/GP-2-M1-M2-M3-DECISION-PENDING-RECORD.md	h:arena/01a0ddae-iips-production-market-data	NO
404f95dc1972ef4d24bb64c42b87946253d66a08	evidence/persistence-payload-governance/GP-2-M1-M2-M3-RAMKI-DETERMINATION-ACT.md	h:arena/01a0ddae-iips-production-market-data	NO
dd8f68428b47d9c863f554666fef86e7cc13410f	evidence/persistence-payload-governance/GP-2-STORAGE-TARGET-DECISION-RECORD.md	h:arena/01a0ddae-iips-production-market-data	NO
96e6a92cc9e29e8cd182708d34f4b89e131db1c4	evidence/persistence-payload-governance/GP-2-STORAGE-TARGET-ESTABLISHMENT-ACT.md	h:arena/01a0ddae-iips-production-market-data	NO
dcfff3f784803ec75110453e642108d818374aca	evidence/persistence-payload-governance/GP-5-PERSISTENCE-TIER-HOSTING-DECISION-RECORD.md	h:arena/01a0ddae-iips-production-market-data	NO
682f4c9389b457d0d57d5ab8fa690b253525c21e	evidence/persistence-payload-governance/GP-5-PERSISTENCE-TIER-HOSTING-ESTABLISHMENT-ACT.md	h:arena/01a0ddae-iips-production-market-data	NO
08caddd063f044d03f302d10e171abcb5b9e0fa5	evidence/persistence-payload-governance/GP-6-CONTRACT-CONTENT-AUTHORING-AUTHORITY-ESTABLISHMENT-ACT.md	h:arena/01a0ddae-iips-production-market-data	NO
c7586e3cd1d1450341f3172500dea51d7972041c	evidence/persistence-payload-governance/GP-6-CONTRACT-DESIGNATION-PREREQUISITE-RECORD.md	h:arena/01a0ddae-iips-production-market-data	NO
ab8c37fbffd93a922774058469a84ced4bf52b1d	evidence/persistence-payload-governance/GP-6-E1-E2-E4-E6-SEMANTIC-CENSUS-RECORD.md	h:arena/01a0ddae-iips-production-market-data	NO
a98ff50214d1cef3134b5527c8b559af43979184	evidence/persistence-payload-governance/GP-6-E1-PAYLOAD-INTERFACE-SPECIFICATION-RECORD.md	h:arena/01a0ddae-iips-production-market-data	NO
cb14a44808305e84659727b832dc03340ed5e5f8	evidence/persistence-payload-governance/GP-6-E2-FIELD-SEMANTIC-DESIGNATION-ACT.md	h:arena/01a0ddae-iips-production-market-data	NO
20e08e650fb74fff09d66ddd3961417cf4050f91	evidence/persistence-payload-governance/GP-6-E4-VALIDATION-SEMANTIC-SPECIFICATION-RECORD.md	h:arena/01a0ddae-iips-production-market-data	NO
84633ab1022320e1e07c3cd694abbc7f690ad576	evidence/persistence-payload-governance/GP-6-E6-FINAL-RUNTIME-QUALIFICATION-CLOSURE-RECORD.md	h:arena/01a0ddae-iips-production-market-data	NO
4045c50eb1ba2557368c05022da1a476fe3cdab9	evidence/persistence-payload-governance/GP-6-E6-LINEAGE-ALGORITHM-SERIALIZATION-AUTHORITY-ACT.md	h:arena/01a0ddae-iips-production-market-data	NO
3c4c8eb082d529b768966c58c3f6ebf0c010b938	evidence/persistence-payload-governance/GP-6-E6-LINEAGE-IMPLEMENTATION-AUTHORITY-GRANT-ACT.md	h:arena/01a0ddae-iips-production-market-data	NO
448f2b88639b867464829f59a0d58797a838e98b	evidence/persistence-payload-governance/GP-6-E6-LINEAGE-SERIALIZATION-CONTRACT-DESIGNATION-ACT.md	h:arena/01a0ddae-iips-production-market-data	NO
ead03de74ddb7ef9e89a6be13c41a9970834fe93	evidence/persistence-payload-governance/GP-6-E6-PATHA-MASKED-SUCCESSOR-SCOPE-EXTENSION-ACT.md	h:arena/01a0ddae-iips-production-market-data	NO
f81ebdef499100f23dff9fd4d8f34e13fb9b97d0	evidence/persistence-payload-governance/GP-6-E6-PROVENANCE-SEMANTIC-SPECIFICATION-RECORD.md	h:arena/01a0ddae-iips-production-market-data	NO
df89ae6879f7a094728619d6b3522170bf9b49bc	evidence/persistence-payload-governance/GP-6-E6-PROVENANCE-VOCABULARY-ASSIGNMENT-ACT.md	h:arena/01a0ddae-iips-production-market-data	NO
4efaca6593ad9f7faf44a46deda460dc61034254	evidence/persistence-payload-governance/GP-6-E6-PROVENANCE-VOCABULARY-ASSIGNMENT-PREPARATION-RECORD.md	h:arena/01a0ddae-iips-production-market-data	NO
d8258b5042b2b2eda88e7d55afca3d1e58426a7a	evidence/persistence-payload-governance/GP-6-E6-RUNTIME-COMPATIBILITY-RESOLUTION-AUTHORITY-ACT.md	h:arena/01a0ddae-iips-production-market-data	NO
6ee810a9c118dcd3f997fae4d1e85deb161b2277	evidence/persistence-payload-governance/GP-6-E8-DEFERRED-NOT-DESIGNATED-DISPOSITION-RECORD.md	h:arena/01a0ddae-iips-production-market-data	NO
3d4bee6b26d7abb6b283744ca2083c1c458eb4f7	evidence/persistence-payload-governance/GP-6-INDIVIDUAL-CONTRACT-DESIGNATION-ACT.md	h:arena/01a0ddae-iips-production-market-data	NO
86a32be47ea98531efa2f6b71d44700795159f16	evidence/persistence-payload-governance/GP-6-PERSISTENCE-CONTRACT-DESIGNATION-AUTHORITY-ACT.md	h:arena/01a0ddae-iips-production-market-data	NO
079943caa9cb87c37f7ae9f05990df24ad055801	evidence/persistence-payload-governance/GP-6-PV-24-LINEAGE-COMPUTATION-INPUT-AUTHORITY-ACT.md	h:arena/01a0ddae-iips-production-market-data	NO
5cb067659b0a6ef7b517d17fe92a8783f73e50bc	evidence/persistence-payload-governance/GP-6-SCOPE-DESIGNATION-ACT.md	h:arena/01a0ddae-iips-production-market-data	NO
6ce06c7792a8ff8b337469543c470b2255952601	evidence/persistence-payload-governance/e6-ninepath-qualification-evidence/00-environment.txt	h:arena/01a0ddae-iips-production-market-data	NO
ab287acc993c68e50b430a123f80fc375e412f07	evidence/persistence-payload-governance/e6-ninepath-qualification-evidence/01-fence.txt	h:arena/01a0ddae-iips-production-market-data	NO
b7c020e48c9109275a8e592d0c25858b5b0ab52a	evidence/persistence-payload-governance/e6-ninepath-qualification-evidence/02-npm-ci-RAW.txt	h:arena/01a0ddae-iips-production-market-data	NO
c3c8ed0e50cd1a96817f4812dd47999787e3c92b	evidence/persistence-payload-governance/e6-ninepath-qualification-evidence/03-build-tsc-RAW.txt | evidence/persistence-payload-governance/e6-patha-qualification-evidence/03-build-tsc-RAW.txt	h:arena/01a0ddae-iips-production-market-data	NO
639ce80e5dc6dc29bcb095491f93c55638b9c43d	evidence/persistence-payload-governance/e6-ninepath-qualification-evidence/10-qualification-test-RAW.tap	h:arena/01a0ddae-iips-production-market-data	NO
9fc78db837fb0fbf809e3feb10f331bd2eb5a938	evidence/persistence-payload-governance/e6-ninepath-qualification-evidence/11-per-path-proof.txt	h:arena/01a0ddae-iips-production-market-data	NO
eb9925fd52531488e4055cab6d5fcdb740775d21	evidence/persistence-payload-governance/e6-ninepath-qualification-evidence/INDEX.md	h:arena/01a0ddae-iips-production-market-data	NO
6c43b970f72c9e0a01f0733c2b6c73a3a6be5dd4	evidence/persistence-payload-governance/e6-patha-qualification-evidence/00-environment.txt	h:arena/01a0ddae-iips-production-market-data	NO
92e8bdede3ca77f6d847bce55d6110650a152ff3	evidence/persistence-payload-governance/e6-patha-qualification-evidence/01-fence.txt	h:arena/01a0ddae-iips-production-market-data	NO
ccbcc56192650e104465e2bfbf2e518e57adef41	evidence/persistence-payload-governance/e6-patha-qualification-evidence/02-npm-ci-RAW.txt | evidence/persistence-payload-governance/e6-runtime-regression-evidence/02-npm-ci-RAW.txt	h:arena/01a0ddae-iips-production-market-data	NO
6d4c0386697a5faec554c8589136a090730c420b	evidence/persistence-payload-governance/e6-patha-qualification-evidence/10-qualification-test-RAW.tap	h:arena/01a0ddae-iips-production-market-data	NO
3a4de4035b0fe4cd012dd2e74b79f1e7aa1c90e6	evidence/persistence-payload-governance/e6-patha-qualification-evidence/11-remaining-failures.txt	h:arena/01a0ddae-iips-production-market-data	NO
c97067ca8ca72bdef17915871d32cb3ed3b2c645	evidence/persistence-payload-governance/e6-patha-qualification-evidence/12-remaining-jcs-rejections.txt	h:arena/01a0ddae-iips-production-market-data	NO
d3548d30b094b1cb95638f0a85965308997d88b1	evidence/persistence-payload-governance/e6-patha-qualification-evidence/INDEX.md	h:arena/01a0ddae-iips-production-market-data	NO
9135b93514033f84da809cf6ebda8492523999c7	evidence/persistence-payload-governance/e6-runtime-regression-evidence/00-environment.txt	h:arena/01a0ddae-iips-production-market-data	NO
194083ee311e65327c7808629521fdae9f172f54	evidence/persistence-payload-governance/e6-runtime-regression-evidence/01-repository-fence.txt	h:arena/01a0ddae-iips-production-market-data	NO
ab3b77892d12ca43807265d6153d0937d4f7dec2	evidence/persistence-payload-governance/e6-runtime-regression-evidence/10-baseline-setup.txt	h:arena/01a0ddae-iips-production-market-data	NO
7b85aab1ae0cde8b2c016d3bdc42657f1afbb3be	evidence/persistence-payload-governance/e6-runtime-regression-evidence/11-baseline-tsc-RAW.txt	h:arena/01a0ddae-iips-production-market-data	NO
e354ad83550088356f5b94c550d1cdbb7ac726fa	evidence/persistence-payload-governance/e6-runtime-regression-evidence/12-baseline-summary.txt	h:arena/01a0ddae-iips-production-market-data	NO
197e7bcf6d9a8651e1acf9eeb7a6422c1b8f0d95	evidence/persistence-payload-governance/e6-runtime-regression-evidence/13-baseline-test-RAW.tap	h:arena/01a0ddae-iips-production-market-data	NO
ed41838624a2a28a82e66edcc92f001e8a616af5	evidence/persistence-payload-governance/e6-runtime-regression-evidence/20-e6-build-RAW.txt	h:arena/01a0ddae-iips-production-market-data	NO
3089604724b71446002147d99297686c5d558b20	evidence/persistence-payload-governance/e6-runtime-regression-evidence/21-e6-summary.txt	h:arena/01a0ddae-iips-production-market-data	NO
5e5be3498004511d41e16be56335b865b14d6b23	evidence/persistence-payload-governance/e6-runtime-regression-evidence/22-e6-test-RAW.tap	h:arena/01a0ddae-iips-production-market-data	NO
2c52096764c62498552c84fa37af33c2246674d3	evidence/persistence-payload-governance/e6-runtime-regression-evidence/23-e6-failure-identifiers.txt	h:arena/01a0ddae-iips-production-market-data	NO
79413e5cce9d68c1832acafc686d17b4a67f4b8c	evidence/persistence-payload-governance/e6-runtime-regression-evidence/24-e6-failure-messages.txt	h:arena/01a0ddae-iips-production-market-data	NO
bb5818208db01b1cce2c06905e68f44118a58bcd	evidence/persistence-payload-governance/e6-runtime-regression-evidence/25-e6-jcs-rejection-paths.txt	h:arena/01a0ddae-iips-production-market-data	NO
59b3a817c183647293d016cc14a379e25a08e380	evidence/persistence-payload-governance/e6-runtime-regression-evidence/INDEX.md	h:arena/01a0ddae-iips-production-market-data	NO
3e7f22e80c5a72b6af011d9aeb0f3ea4204434b5	frontend/src/features/portfolio/import/broker-holdings-mapper.ts	h:arena/01a0ddae-iips-production-market-data	NO
4318e9b07e423656e8fbb2e0c4b86f645c3ee81f	frontend/src/features/portfolio/portfolio-store.ts	h:arena/01a0ddae-iips-production-market-data	NO
1bd9fe01f354e60f9acd53513fa23f6f6fc88306	src/contracts/provenance.ts	h:arena/01a0ddae-iips-production-market-data	NO
9a7508b8e6b928ec3550c26d0496491e39d5e82b	src/contracts/types.ts	h:arena/01a0ddae-iips-production-market-data	NO
78d072a8705fad769d06d326bbb6bee021bc60eb	src/d114/historical_feasibility_runner.ts	h:arena/01a0ddae-iips-production-market-data	NO
a628bdeb02ffd5078f6696bee87254ed020b3252	src/fundamentals/statement_normalizer.ts	h:arena/01a0ddae-iips-production-market-data	NO
aff6112a428f76e154f20e557119679de3bb7c62	src/intelligence/d06_d07_build_time_wiring.ts	h:arena/01a0ddae-iips-production-market-data	NO
bd0baa8e23ab5f5ba2443192b5d40b5e6741fa3b	src/intelligence/d06_prospective_nse_corporate_announcements_raw_response.json	h:arena/01a0ddae-iips-production-market-data	NO
edfe3426668bf320931255bfaca1ab5acdb40a42	src/intelligence/d06_prospective_nse_corporate_disclosure_observation_dataset.ts	h:arena/01a0ddae-iips-production-market-data	NO
21f50bba27c2a23601891ee176dc644340d0fca7	src/intelligence/d07_prospective_estimates_observation_dataset.ts	h:arena/01a0ddae-iips-production-market-data	NO
8c65e2344675fb8469ce4fa1c23895777c324488	src/intelligence/d07_prospective_estimates_raw_response.json	h:arena/01a0ddae-iips-production-market-data	NO
06959e27b3d86106946f039f4fa34e41db7ef7c1	src/intelligence/index.ts	h:arena/01a0ddae-iips-production-market-data	NO
4fe8a34919ce9234c5ed087d2e21757c71441fbd	src/transports/engine_api_adapter.ts	h:arena/01a0ddae-iips-production-market-data	NO
67923835cc5a7761c1c3f9848d746efd11192ad3	src/ui/view_models/ui02_executive_summary.ts	h:arena/01a0ddae-iips-production-market-data	NO
32198e3d9f088ecd1d56ac2a309f8942618a3309	src/ui/view_models/ui04_d06_d07_build_time_demo.ts	h:arena/01a0ddae-iips-production-market-data	NO
720d48921d8aab90809f5cb2b1d754dd4792fde7	docs/P01-01-CANONICAL-ID-SPECIFICATION.md	h:arena/01a0e30c-iips-production-market-data	NO
c8e4b93e8fd9c04333154d0c1cb7ccd4aaa6318a	evidence/target-shell-integration/NP12-WATCHLISTS-FORENSIC-ASSESSMENT.md	h:arena/01a0e30c-iips-production-market-data	NO
0f1d0e5297117d504fff8664759a3b5e91253be5	evidence/target-shell-integration/P00-02-BASELINE-RECONCILIATION-ACCEPTANCE-ACT.md	h:arena/01a0e30c-iips-production-market-data	NO
426b3be1a0bfda5545a97198cc9d2e139e47b32e	evidence/target-shell-integration/P00-02-BASELINE-RECONCILIATION-EXECUTION-AUTHORITY-DESIGNATION-ACT.md	h:arena/01a0e30c-iips-production-market-data	NO
f1cef3ffdfa3fdf4b6788eac3b6fac97aa7bf2ce	evidence/target-shell-integration/P00-02-BASELINE-RECONCILIATION-EXECUTION-RECORD.md	h:arena/01a0e30c-iips-production-market-data	NO
047245778fe6e9c57ce1d41b69a7c10e263b880d	evidence/target-shell-integration/P01-01-CANONICAL-IDENTIFIERS-EXECUTION-RECORD.md	h:arena/01a0e30c-iips-production-market-data	NO
1bfa9eff637f2cb6a5ff5518ad52858d31f1315c	evidence/target-shell-integration/P01-WAVE1-EXECUTION-AUTHORITY-DESIGNATION-ACT.md	h:arena/01a0e30c-iips-production-market-data	NO
1ef890ab8221d7f8e79ef9798e172c8fb5ea8cb0	evidence/target-shell-integration/WATCHLISTS-DURABILITY-CLASSIFICATION-GATE-RECORD.md	h:arena/01a0e30c-iips-production-market-data	NO
710600e3ad55fa8e1b7d612fe954b4f513edff54	evidence/target-shell-integration/WATCHLISTS-DURABLE-CLASSIFICATION-AUTHORITY-ACT.md	h:arena/01a0e30c-iips-production-market-data	NO
e4995b3dfb1c7961b469f1d5ae8884a899f6fe21	evidence/target-shell-integration/WATCHLISTS-IDENTITY-OWNERSHIP-DESIGNATION-AUTHORITY-ACT.md	h:arena/01a0e30c-iips-production-market-data	NO
ba22cd9b4a21332070dab3c437aeeccc43acd37d	evidence/target-shell-integration/WATCHLISTS-IDENTITY-OWNERSHIP-SCOPE-GATE-RECORD.md	h:arena/01a0e30c-iips-production-market-data	NO
adb2aa2ebfc626265680abc0ba9693763d915c05	evidence/target-shell-integration/WATCHLISTS-OPERATIONAL-SEMANTICS-DESIGNATION-AUTHORITY-ACT.md	h:arena/01a0e30c-iips-production-market-data	NO
388ed5f518849a54262575c1b8f3e585b39a3ff7	evidence/target-shell-integration/WATCHLISTS-OPERATIONAL-SEMANTICS-GATE-RECORD.md	h:arena/01a0e30c-iips-production-market-data	NO
14eab72e83b0059f5b54e7e4b546c8af502f1ab8	evidence/target-shell-integration/WATCHLISTS-PERSISTENCE-AUTHORITY-DESIGNATION-ACT.md	h:arena/01a0e30c-iips-production-market-data	NO
b12bb62a18faf50f36ea6b0ad50869d6c732ca2f	evidence/target-shell-integration/WATCHLISTS-PERSISTENCE-IDENTITY-TRANSPORT-GOVERNANCE-DECISION.md	h:arena/01a0e30c-iips-production-market-data	NO
358ef9ef27c9f09bbfb5ed6e79857bde0f37b6a7	evidence/target-shell-integration/WATCHLISTS-PRODUCT-SURFACE-DESIGNATION-AUTHORITY-ACT.md	h:arena/01a0e30c-iips-production-market-data	NO
af5623c9ff157597607b4f401407a4dec170d488	evidence/target-shell-integration/WATCHLISTS-RETENTION-LIFECYCLE-DESIGNATION-AUTHORITY-ACT.md	h:arena/01a0e30c-iips-production-market-data	NO
db6a7512b8fc7969402d1a29a73e61ef93b91c96	evidence/target-shell-integration/WATCHLISTS-RETENTION-LIFECYCLE-GATE-RECORD.md	h:arena/01a0e30c-iips-production-market-data	NO
2ec91fba85a716adaa98e0ce301cde41f3f9e943	evidence/target-shell-integration/WATCHLISTS-STORAGE-MECHANISM-DESIGNATION-AUTHORITY-ACT.md	h:arena/01a0e30c-iips-production-market-data	NO
aec577b6487ccb9b4cc0c111e0fe3d6c60419254	evidence/target-shell-integration/WATCHLISTS-STORAGE-MECHANISM-DESIGNATION-BLOCKED-RECORD.md	h:arena/01a0e30c-iips-production-market-data	NO
29c7532b127d84a77ae7a7185eecd7eac39112ed	evidence/target-shell-integration/WATCHLISTS-STORAGE-TECHNOLOGY-CLASSIFICATION-GATE-RECORD.md	h:arena/01a0e30c-iips-production-market-data	NO
d68574f811e8585d8857d4b602a8780326b6fe75	evidence/target-shell-integration/WATCHLISTS-TRIGGER-SCORE-CHANGE-PERSISTENCE-GATE-RECORD.md	h:arena/01a0e30c-iips-production-market-data	NO
1fa2ad528bf61217bc983eb2ce368f456056ea0c	evidence/target-shell-integration/WATCHLISTS-TRIGGER-SCORE-CHANGE-STATE-DOMAIN-COMMISSIONING-GATE-RECORD.md	h:arena/01a0e30c-iips-production-market-data	NO
b2254c6dd7f00f6da07886b0af33ad4a6b3d5429	src/contracts/canonical_id_specification.ts	h:arena/01a0e30c-iips-production-market-data	NO
dd71fb6eb964d8e435d236f12a47eb8b9a78a268	tests/fixtures/p01_01_canonical_id_fixtures.json	h:arena/01a0e30c-iips-production-market-data	NO
e126f859a000d0cfd7ee671af88dabc843a9b004	tests/p01_01_canonical_identifiers.contract.test.ts	h:arena/01a0e30c-iips-production-market-data	NO
45d016e8d0443994dd356625113c4be6ebfda50c	evidence/np04/NP04-GOVERNANCE-AUTHORITY-RECORD.md	h:arena/01a0e6d9-iips-production-market-data h:arena/01a0f308-iips-production-market-data	NO
0c95c523a287437a2a161b02785b404bb01e4cbd	evidence/target-shell-integration/IU-1-PIT-SERIES-AWARE-KEYING-IMPLEMENTATION-AUTHORITY-ACT.md	h:arena/01a0e6d9-iips-production-market-data h:arena/01a0ec3d-iips-production-market-data h:arena/01a0f308-iips-production-market-data h:iu-6-d114-pit-population h:np04-governed-persistence-windows pr:5/head pr:6/head	NO
def04d928a993667e108e0fbc45c427bff507030	evidence/target-shell-integration/IU-2-D114-SERIES-AWARE-SECURITY-IDENTITY-IMPLEMENTATION-AUTHORITY-ACT.md	h:arena/01a0e6d9-iips-production-market-data h:arena/01a0ec3d-iips-production-market-data h:arena/01a0f308-iips-production-market-data h:iu-6-d114-pit-population h:np04-governed-persistence-windows pr:5/head pr:6/head	NO
5af8eee3e6065afeb25639be671a751257f8bf70	evidence/target-shell-integration/P01-01-A3-ACCEPTANCE-AUTHORITY-DESIGNATION-ACT.md	h:arena/01a0e6d9-iips-production-market-data h:arena/01a0ec3d-iips-production-market-data h:arena/01a0f308-iips-production-market-data h:iu-6-d114-pit-population h:np04-governed-persistence-windows pr:5/head pr:6/head	NO
5f355db65fc054819ea7ce61440160efa172403e	evidence/target-shell-integration/P01-01-ACCEPTANCE-ACT.md	h:arena/01a0e6d9-iips-production-market-data h:arena/01a0ec3d-iips-production-market-data h:arena/01a0f308-iips-production-market-data h:iu-6-d114-pit-population h:np04-governed-persistence-windows pr:5/head pr:6/head	NO
69871fa6125b837717d88925624b42987f1d3195	evidence/target-shell-integration/P01-01-ACCEPTANCE-CRITERIA-AUTHORITY-ACT.md	h:arena/01a0e6d9-iips-production-market-data h:arena/01a0ec3d-iips-production-market-data h:arena/01a0f308-iips-production-market-data h:iu-6-d114-pit-population h:np04-governed-persistence-windows pr:5/head pr:6/head	NO
3a5e52439cf612f9474ea2ce0ca801a8c8e104a1	evidence/target-shell-integration/P01-01-ACCEPTANCE-RE-EXERCISE-RECORD.md	h:arena/01a0e6d9-iips-production-market-data h:arena/01a0ec3d-iips-production-market-data h:arena/01a0f308-iips-production-market-data h:iu-6-d114-pit-population h:np04-governed-persistence-windows pr:5/head pr:6/head	NO
6282bf02533a6cd26eb170dc1eb063209d748c67	evidence/target-shell-integration/P01-01-CERTIFICATION-SCOPE-DETERMINATION-AUTHORITY-ACT.md	h:arena/01a0e6d9-iips-production-market-data h:arena/01a0ec3d-iips-production-market-data h:arena/01a0f308-iips-production-market-data h:iu-6-d114-pit-population h:np04-governed-persistence-windows pr:5/head pr:6/head	NO
f1c4685aff2a399d27116dd629ce302bdc0e2956	evidence/target-shell-integration/P01-02-A3-ACCEPTANCE-ACT.md	h:arena/01a0e6d9-iips-production-market-data h:arena/01a0ec3d-iips-production-market-data h:arena/01a0f308-iips-production-market-data h:iu-6-d114-pit-population h:np04-governed-persistence-windows pr:5/head pr:6/head	NO
fe8eafd6d401fc531e75f50d4abcbc0a2410e6a6	evidence/target-shell-integration/P01-02-A3-ACCEPTANCE-AUTHORITY-DESIGNATION-ACT.md	h:arena/01a0e6d9-iips-production-market-data h:arena/01a0ec3d-iips-production-market-data h:arena/01a0f308-iips-production-market-data h:iu-6-d114-pit-population h:np04-governed-persistence-windows pr:5/head pr:6/head	NO
0a74c053e75dc3b45bf211cab15557ae945f23b2	evidence/target-shell-integration/P01-02-A3-ACCEPTANCE-STOP-RECORD.md	h:arena/01a0e6d9-iips-production-market-data h:arena/01a0ec3d-iips-production-market-data h:arena/01a0f308-iips-production-market-data h:iu-6-d114-pit-population h:np04-governed-persistence-windows pr:5/head pr:6/head	NO
ec9640b5bb2b0f05670e3f283b92e02cd51a63ff	evidence/target-shell-integration/P01-02-ACCEPTANCE-CRITERIA-AUTHORITY-ACT.md	h:arena/01a0e6d9-iips-production-market-data h:arena/01a0ec3d-iips-production-market-data h:arena/01a0f308-iips-production-market-data h:iu-6-d114-pit-population h:np04-governed-persistence-windows pr:5/head pr:6/head	NO
e95832047dcbc958aca9ae709f2f8db2c4e5939d	evidence/target-shell-integration/P01-02-ACCEPTANCE-RE-EXERCISE-RECORD.md	h:arena/01a0e6d9-iips-production-market-data h:arena/01a0ec3d-iips-production-market-data h:arena/01a0f308-iips-production-market-data h:iu-6-d114-pit-population h:np04-governed-persistence-windows pr:5/head pr:6/head	NO
a02b06d90591f8914f7873efa489aa3bc65dd3f5	evidence/target-shell-integration/P01-02-CERTIFICATION-SCOPE-DETERMINATION-AUTHORITY-ACT.md	h:arena/01a0e6d9-iips-production-market-data h:arena/01a0ec3d-iips-production-market-data h:arena/01a0f308-iips-production-market-data h:iu-6-d114-pit-population h:np04-governed-persistence-windows pr:5/head pr:6/head	NO
c03ae2cb0c5ffe88b9534e76cae26354edd03edb	evidence/target-shell-integration/P01-02-EXECUTION-RECORD-CORRECTION-ADDENDUM.md	h:arena/01a0e6d9-iips-production-market-data h:arena/01a0ec3d-iips-production-market-data h:arena/01a0f308-iips-production-market-data h:iu-6-d114-pit-population h:np04-governed-persistence-windows pr:5/head pr:6/head	NO
0adb6c27f95f20ec403f8a30ac57be7976408f9b	evidence/target-shell-integration/P01-02-EXECUTION-RECORD.md	h:arena/01a0e6d9-iips-production-market-data h:arena/01a0ec3d-iips-production-market-data h:arena/01a0f308-iips-production-market-data h:iu-6-d114-pit-population h:np04-governed-persistence-windows pr:5/head pr:6/head	NO
e562c77694b979ced5a435f8160102655ea2c7ea	package-lock.json	h:arena/01a0e6d9-iips-production-market-data h:arena/01a0f308-iips-production-market-data	NO
385cc35a58422e5022073c8ce9fd78cdd6a9e22b	package.json	h:arena/01a0e6d9-iips-production-market-data h:arena/01a0f308-iips-production-market-data	NO
7bdce81455901ca152a24379ae8a5d514f7527c0	src/app_identity/errors.ts	h:arena/01a0e6d9-iips-production-market-data h:arena/01a0f308-iips-production-market-data	NO
6b98f489c71ec51dc3198c436b777fe6fed4af35	src/app_identity/index.ts	h:arena/01a0e6d9-iips-production-market-data h:arena/01a0f308-iips-production-market-data	NO
795c4b4fe37119e01fd0ef1d58f74f0bd8e815aa	src/app_identity/repository.ts	h:arena/01a0e6d9-iips-production-market-data h:arena/01a0f308-iips-production-market-data	NO
80563c79c816a92c61f10a0356cfb0ae4dcb6263	src/app_identity/service.ts	h:arena/01a0e6d9-iips-production-market-data h:arena/01a0f308-iips-production-market-data	NO
fb0e15ee272174e9cf5dc01f50d32129a3ebec35	src/app_identity/types.ts	h:arena/01a0e6d9-iips-production-market-data h:arena/01a0f308-iips-production-market-data	NO
221f4b1b4938c81327233281b240db801b774e42	src/auth/config.ts	h:arena/01a0e6d9-iips-production-market-data h:arena/01a0f308-iips-production-market-data	NO
f2fb7049359cc420d3bd0ce91dfc64849f3a6001	src/auth/errors.ts	h:arena/01a0e6d9-iips-production-market-data h:arena/01a0f308-iips-production-market-data	NO
e2864485b158b7ce66e03947a5db81927edd4e4a	src/auth/index.ts	h:arena/01a0e6d9-iips-production-market-data h:arena/01a0f308-iips-production-market-data	NO
6f40c977b211883d85e7fcdced75bbb6dfb3cc0b	src/auth/jwks.ts	h:arena/01a0e6d9-iips-production-market-data h:arena/01a0f308-iips-production-market-data	NO
08776f5c256dfe176605b5af181ed7b2c8a47f6d	src/auth/oidc-verifier.ts	h:arena/01a0e6d9-iips-production-market-data h:arena/01a0f308-iips-production-market-data	NO
648e68859c6c2720bdef12d889188362c500943c	src/contracts/d01_quotes.ts	h:arena/01a0e6d9-iips-production-market-data h:arena/01a0ec3d-iips-production-market-data h:arena/01a0f308-iips-production-market-data h:iu-6-d114-pit-population h:np04-governed-persistence-windows pr:5/head pr:6/head	NO
82253377debdfc348f28d7d2715fb48c9f969668	src/contracts/d02_ohlcv.ts	h:arena/01a0e6d9-iips-production-market-data h:arena/01a0ec3d-iips-production-market-data h:arena/01a0f308-iips-production-market-data h:iu-6-d114-pit-population h:np04-governed-persistence-windows pr:5/head pr:6/head	NO
d0ea57920be3b780f76e87583f9d6e19f24a583a	src/contracts/envelope.ts	h:arena/01a0e6d9-iips-production-market-data h:arena/01a0ec3d-iips-production-market-data h:arena/01a0f308-iips-production-market-data h:iu-6-d114-pit-population h:np04-governed-persistence-windows pr:5/head pr:6/head	NO
62041255fcfd0d6f5b4e5b668f96f0ba2cfb7c7a	src/contracts/types.ts	h:arena/01a0e6d9-iips-production-market-data h:arena/01a0ec3d-iips-production-market-data h:arena/01a0f308-iips-production-market-data h:iu-6-d114-pit-population h:np04-governed-persistence-windows pr:5/head pr:6/head	NO
b509b2eab60e3e0757332a357631708cb1f6e548	src/d114/cm_udiff_parser.ts	h:arena/01a0e6d9-iips-production-market-data h:arena/01a0ec3d-iips-production-market-data h:arena/01a0f308-iips-production-market-data h:iu-6-d114-pit-population h:np04-governed-persistence-windows pr:5/head pr:6/head	NO
79978642001c1b23db230bab271b086b81cca6f7	src/d114/index.ts	h:arena/01a0e6d9-iips-production-market-data h:arena/01a0f308-iips-production-market-data h:iu-6-d114-pit-population h:np04-governed-persistence-windows pr:6/head	NO
00701cc95cfa56d6f5f7999b2ae856c115c80ccb	src/d114/legacy_bhavcopy_parser.ts	h:arena/01a0e6d9-iips-production-market-data h:arena/01a0ec3d-iips-production-market-data h:arena/01a0f308-iips-production-market-data h:iu-6-d114-pit-population h:np04-governed-persistence-windows pr:5/head pr:6/head	NO
873e0da9cf19320ef4a95ac5ef4e6691571ab746	src/d114/non_production_package.ts	h:arena/01a0e6d9-iips-production-market-data h:arena/01a0f308-iips-production-market-data h:iu-6-d114-pit-population h:np04-governed-persistence-windows pr:6/head	NO
4c1c9d311b23ab28bce7cdd6450ff9e15a0930a6	src/d114/non_production_pit_population.ts	h:arena/01a0e6d9-iips-production-market-data h:arena/01a0f308-iips-production-market-data h:iu-6-d114-pit-population h:np04-governed-persistence-windows pr:6/head	NO
b96fe187057b091a2d96e68b746fb4bfe73de66c	src/d114/pit_ingestion_loader.ts	h:arena/01a0e6d9-iips-production-market-data h:arena/01a0f308-iips-production-market-data h:iu-6-d114-pit-population h:np04-governed-persistence-windows pr:6/head	NO
2164b92a69ef474539035fdc1e6e0bad40e7cdd7	src/e2e/lineage_verifier.ts	h:arena/01a0e6d9-iips-production-market-data h:arena/01a0ec3d-iips-production-market-data h:arena/01a0f308-iips-production-market-data h:iu-6-d114-pit-population h:np04-governed-persistence-windows pr:5/head pr:6/head	NO
783e038fa475754937aad7e16d0d7fb16ea5e147	src/persistence/bootstrap.ts	h:arena/01a0e6d9-iips-production-market-data h:arena/01a0f308-iips-production-market-data	NO
02090c191e8dd6e826106bdbe94cf65fedabaa72	src/persistence/config.ts	h:arena/01a0e6d9-iips-production-market-data h:arena/01a0f308-iips-production-market-data	NO
49c867252e89720f98f3a5e6cd3ec7a059cca4e1	src/persistence/connection.ts	h:arena/01a0e6d9-iips-production-market-data h:arena/01a0f308-iips-production-market-data	NO
56c9a42c348f35dccec375e6598989b5622a454f	src/persistence/errors.ts	h:arena/01a0e6d9-iips-production-market-data h:arena/01a0f308-iips-production-market-data	NO
302884ff735950c9cacb47cfca23adff3d97da1f	src/persistence/index.ts	h:arena/01a0e6d9-iips-production-market-data h:arena/01a0f308-iips-production-market-data	NO
48fcf4d9ef802c2d7e83a6a9411b275221bf6ca6	src/persistence/migrations/001_initial_schema.ts	h:arena/01a0e6d9-iips-production-market-data h:arena/01a0f308-iips-production-market-data	NO
dfe9f027ebeb9a35d47c47d63634a2aec7261944	src/persistence/migrations/002_audit_event_sequence.ts	h:arena/01a0e6d9-iips-production-market-data h:arena/01a0f308-iips-production-market-data	NO
a8acbed788cd088dd5330e601bd4806fef134742	src/persistence/migrations/index.ts	h:arena/01a0e6d9-iips-production-market-data h:arena/01a0f308-iips-production-market-data	NO
e4f7d643fbc29dc0fde580e65d4f7f10c410cb5e	src/persistence/migrations/registry.ts	h:arena/01a0e6d9-iips-production-market-data h:arena/01a0f308-iips-production-market-data	NO
036b08adba9abeccece49d857ef82df6cfb56ef8	src/persistence/migrations/runner.ts	h:arena/01a0e6d9-iips-production-market-data h:arena/01a0f308-iips-production-market-data	NO
f434fb0ff8b89bbf8d4ce194a8cb70e82c177575	src/persistence/migrations/types.ts	h:arena/01a0e6d9-iips-production-market-data h:arena/01a0f308-iips-production-market-data	NO
2c624acb2861323f58e4f650575edd51e100e783	src/pit/index.ts	h:arena/01a0e6d9-iips-production-market-data h:arena/01a0ec3d-iips-production-market-data h:arena/01a0f308-iips-production-market-data h:iu-6-d114-pit-population h:np04-governed-persistence-windows pr:5/head pr:6/head	NO
3f75fb7eb6b779ec3cae82df6b4ca6330d3760e2	src/pit/package.ts	h:arena/01a0e6d9-iips-production-market-data h:arena/01a0ec3d-iips-production-market-data h:arena/01a0f308-iips-production-market-data h:iu-6-d114-pit-population h:np04-governed-persistence-windows pr:5/head pr:6/head	NO
9046a7caf68fcec387d8c0f2d6728ecd0a5a2b85	src/pit/pit_read_service.ts	h:arena/01a0e6d9-iips-production-market-data h:arena/01a0ec3d-iips-production-market-data h:arena/01a0f308-iips-production-market-data h:iu-6-d114-pit-population h:np04-governed-persistence-windows pr:5/head pr:6/head	NO
fa730d9ec9b7037203ad2f71932e41c513837584	src/pit/pit_store.ts	h:arena/01a0e6d9-iips-production-market-data h:arena/01a0ec3d-iips-production-market-data h:arena/01a0f308-iips-production-market-data h:iu-6-d114-pit-population h:np04-governed-persistence-windows pr:5/head pr:6/head	NO
e8e09e565cc4180bd7287d8e8919c30ef5067d75	src/portfolio/consolidation.ts	h:arena/01a0e6d9-iips-production-market-data h:arena/01a0f308-iips-production-market-data	NO
1c23f259f580ba1992d3848d8c8d222bbf9a9e6a	src/portfolio/durable-store.ts	h:arena/01a0e6d9-iips-production-market-data h:arena/01a0f308-iips-production-market-data	NO
9ea8ec0039c6e58c03e4f018ee0f08ef5e9ee9c1	src/portfolio/index.ts	h:arena/01a0e6d9-iips-production-market-data h:arena/01a0f308-iips-production-market-data	NO
00d28706a3090f6df38eef95f39018ff5425961b	src/portfolio/repository.ts	h:arena/01a0e6d9-iips-production-market-data h:arena/01a0f308-iips-production-market-data	NO
2a5e9bbd003cc22e68220261ca80a9f72fa2a924	src/server/authorization.ts	h:arena/01a0e6d9-iips-production-market-data h:arena/01a0f308-iips-production-market-data	NO
3277af51878d71f351c9755eb4bce6ba60614691	src/server/config.ts	h:arena/01a0e6d9-iips-production-market-data h:arena/01a0f308-iips-production-market-data	NO
5bf8593fc9ac2490f2ed6fd24447cdd853147bef	src/server/errors.ts	h:arena/01a0e6d9-iips-production-market-data h:arena/01a0f308-iips-production-market-data	NO
17f9cb8a21cbabfc956daee660fa7efb5445da94	src/server/http-server.ts	h:arena/01a0e6d9-iips-production-market-data h:arena/01a0f308-iips-production-market-data	NO
e8c00ca40e5d547e77010d4b04580d011efc8551	src/server/index.ts	h:arena/01a0e6d9-iips-production-market-data h:arena/01a0f308-iips-production-market-data	NO
eac9d9c04874447624d0e4c4117f20d016ae07f8	tests/g24_a_persistence_foundation.test.ts	h:arena/01a0e6d9-iips-production-market-data h:arena/01a0f308-iips-production-market-data	NO
e5fc2d0a66dd304cc802687cb30de8f3a07df0b7	tests/g24_b_migrations.test.ts	h:arena/01a0e6d9-iips-production-market-data h:arena/01a0f308-iips-production-market-data	NO
d90d38d3cbf311d4987d8a7800a513cdded59aed	tests/g24_c_portfolio_durability.test.ts	h:arena/01a0e6d9-iips-production-market-data h:arena/01a0f308-iips-production-market-data	NO
fe6501f523aa9cf71feb397a2a849bc5a6cd0ef2	tests/g24_d_identity_mapping.test.ts	h:arena/01a0e6d9-iips-production-market-data h:arena/01a0f308-iips-production-market-data	NO
62985f9a46a175b8ffba6a916e0ef8ed11165e9a	tests/g24_e_authorization.test.ts	h:arena/01a0e6d9-iips-production-market-data h:arena/01a0f308-iips-production-market-data	NO
eee53e9413edffc233afa34610bedb7d2786bb56	tests/g24_f_oidc_security.test.ts	h:arena/01a0e6d9-iips-production-market-data h:arena/01a0f308-iips-production-market-data	NO
f70684c7bc9f80b8561d1cc16e14cc2fe3fc5f7d	tests/g24_g_recovery.test.ts	h:arena/01a0e6d9-iips-production-market-data h:arena/01a0f308-iips-production-market-data	NO
2fb6fe806aab5c6be316db56a36940b9fe10e10d	tests/g24_h_http_boundary.test.ts	h:arena/01a0e6d9-iips-production-market-data h:arena/01a0f308-iips-production-market-data	NO
c3b11ee7352abf0f7e9c6901d37901e831ebbbd2	tests/g24_test_support.ts	h:arena/01a0e6d9-iips-production-market-data h:arena/01a0f308-iips-production-market-data	NO
c6080548f09f3bbee8550bedea836f82fc82ca5e	tests/wsh_d114_iu2_series_aware_security_identity.test.ts	h:arena/01a0e6d9-iips-production-market-data h:arena/01a0ec3d-iips-production-market-data h:arena/01a0f308-iips-production-market-data h:iu-6-d114-pit-population h:np04-governed-persistence-windows pr:5/head pr:6/head	NO
2678ad63e93820a7b7ae7fae5c50fc26850adb0e	tests/wsi_iu1_pit_series_aware_keying.test.ts	h:arena/01a0e6d9-iips-production-market-data h:arena/01a0ec3d-iips-production-market-data h:arena/01a0f308-iips-production-market-data h:iu-6-d114-pit-population h:np04-governed-persistence-windows pr:5/head pr:6/head	NO
e5598cd7eed81f5800f6440e647711099aa24a51	tests/wsj_iu3_pit_read_boundary.test.ts	h:arena/01a0e6d9-iips-production-market-data h:arena/01a0ec3d-iips-production-market-data h:arena/01a0f308-iips-production-market-data h:iu-6-d114-pit-population h:np04-governed-persistence-windows pr:5/head pr:6/head	NO
39e4c395e0ba81eb88a1b6c68572ea7e43442e11	tests/wsk_iu6_d114_pit_population.test.ts	h:arena/01a0e6d9-iips-production-market-data h:arena/01a0f308-iips-production-market-data h:iu-6-d114-pit-population h:np04-governed-persistence-windows pr:6/head	NO
462895cb8c448b30943982b4c17cac81ac39ad22	tsconfig.pit-package.json	h:arena/01a0e6d9-iips-production-market-data h:arena/01a0f308-iips-production-market-data h:iu-6-d114-pit-population pr:6/head	NO
72f6fd3d88b9732e884c4cce491b11faba7cbee7	package.json	h:arena/01a0ec3d-iips-production-market-data pr:5/head	NO
414d5843ad3724bc6a886fe88685da6fac65cef9	src/d114/pit_ingestion_loader.ts	h:arena/01a0ec3d-iips-production-market-data pr:5/head	NO
a41f9516f0fd7c6780a9ffd8a54a1ee67f2cf769	tsconfig.pit-package.json	h:arena/01a0ec3d-iips-production-market-data pr:5/head	NO
111a380a714d3beece90bef3040e9d381039a7bf	evidence/np04/NP04-G29-FRESH-AUTHORITY-PHASE-A-ADOPTION-ACT.md	h:arena/01a0f839-iips-production-market-data	NO
614994da55525e94d1d7c6d0880c55f65236bd5c	evidence/np04/NP04-G31-PHASE-A-ACCEPTANCE-ACT.md	h:arena/01a0f839-iips-production-market-data	NO
f4e6715554768209375923ed222f48e1a2fdf2e0	evidence/np04/NP04-POST-PROMOTION-ACCEPTANCE-ACT.md	h:arena/01a0f839-iips-production-market-data	NO
bce386e3d384df1f0e441c476ef8d545f56caa18	evidence/np04/NP04-POST-PROMOTION-ACCEPTANCE-AUTHORITY-DESIGNATION-ACT.md	h:arena/01a0f839-iips-production-market-data	NO
832003c6e31999d05df44951038b97862fae9961	evidence/np04/NP04-PROMOTION-AUTH-TARGET-DESIGNATION-AND-AUTHORITY-ACT.md	h:arena/01a0f839-iips-production-market-data	NO
95b8d497db6ac76fcd6844bf80fdc5ec09deb69b	.gitignore	h:d114-legacy-windows-evidence h:d114-windows-evidence	YES
452384165610d718b5d5a641faa36afb8b758eed	package-lock.json	h:d114-legacy-windows-evidence h:d114-windows-evidence	YES
ec7d138c70b33bf87a69e24e4b75e37bfff4563a	package.json	h:d114-legacy-windows-evidence h:d114-windows-evidence	YES
be3a8ed112bfd6ab0b3a34827e05b0becd454a2a	src/identity/index.ts	h:d114-legacy-windows-evidence h:d114-windows-evidence	YES
538a622505518d9caf40b59260f5d7144ee50487	src/identity/security_master.ts	h:d114-legacy-windows-evidence h:d114-windows-evidence	YES
84711fc246af7e63c7e3c0be4902800357d48600	tests/cross_cutting_security_and_governance.test.ts	h:d114-legacy-windows-evidence h:d114-windows-evidence	YES
59882109a12d57b660b39da99a8c17fda26653de	tests/wsh_d114_historical_feasibility.test.ts	h:d114-legacy-windows-evidence	YES
5e2ec648b840a45c079f377d4c709ef60d0b8e40	src/d114/evidence_handoff.ts	h:d114-windows-evidence	YES
7fcb8b3a6dcf6412319c5f15539b262404135efb	src/d114/evidence_reconciler.ts	h:d114-windows-evidence	YES
c7cdb7ab28f9f62b9daba95ce578cf66cbe24b10	src/d114/historical_feasibility_runner.ts	h:d114-windows-evidence	YES
eb96ca9f1c8cde5c76d6cc9421956a949be6c6d6	tests/wsh_d114_historical_feasibility.test.ts	h:d114-windows-evidence	YES
eaa08629a4be537f59446432118339b7a15934f7	package.json	h:iu-6-d114-pit-population pr:6/head	NO
aca0fe2b201a21907de1949624db26572925f57e	.gitignore	h:m1-ad4-repair	NO
5fb007e642f6c5c0476323a7e8e4d13d3f83db11	CONTRIBUTING.md	h:m1-ad4-repair	NO
6e70ee345af0f5672e9a560652bb54c690811817	E2E-032-C-LIVE-20260907-132012.txt	h:m1-ad4-repair	NO
cf833de7770ce79c946ce04b9aa50a1757c0e238	ENGINEERING_READINESS_REVIEW.md	h:m1-ad4-repair	NO
261eeb9e9f8b2b4b0d119366dda99c6fd7d35c64	LICENSE	h:m1-ad4-repair	NO
0d759fbdd751a30a108deebe505a559912a9b6d8	README.md	h:m1-ad4-repair	NO
00fd3b18064c58df999965d858a0cb7308d2356b	RELEASES.md	h:m1-ad4-repair	NO
b5485618f8dbc390d5b542fdfd5256d335d10b03	ROADMAP.md	h:m1-ad4-repair	NO
d84956071bebda4e65b5cd1193116a382b5c19a6	docs/v3.0/E2E-017_ENGINE_MASTER_MATRIX.md	h:m1-ad4-repair	NO
15cc5775d97ae7af09f523b2b3de94683c86bb5f	docs/v3.0/E2E-018_SCREENSHOT_CERTIFIED_PRODUCT_PARITY_MATRIX.md	h:m1-ad4-repair	NO
a5a3c49ca37393672a5682e524aec16100243b10	docs/v3.0/INTEGRATION_VERIFICATION_MATRIX.md	h:m1-ad4-repair	NO
d5559ea96db79b75acbdca204fed8d04adc7211f	docs/v3.0/PROGRAM_v3.0_G3_IDENTITY_TENANT_BOUNDARY.md	h:m1-ad4-repair	NO
efa7e0c87d610a977f9864a91eeea79753ef9511	docs/v3.0/PROGRAM_v3.0_PHASE10_COMPLETION.md	h:m1-ad4-repair	NO
25e9dbe2a2387e178f38b0a366067cc7ab65d18a	docs/v3.0/PROGRAM_v3.0_PHASE11_COMPLETION.md	h:m1-ad4-repair	NO
be7710e8d73d28f99e804a4559dabe4cc2b74856	docs/v3.0/PROGRAM_v3.0_PHASE3_COMPLETION.md	h:m1-ad4-repair	NO
187764dad4432fc117476d8b137791f170102c8c	docs/v3.0/PROGRAM_v3.0_PHASE4_COMPLETION.md	h:m1-ad4-repair	NO
56e5dee75171d5b820ad06fc20111af94e909630	docs/v3.0/PROGRAM_v3.0_PHASE5_COMPLETION.md	h:m1-ad4-repair	NO
d5715270596c551e4f0b39571ebdbcecce223e3a	docs/v3.0/PROGRAM_v3.0_PHASE6_COMPLETION.md	h:m1-ad4-repair	NO
c0776ce5eae2735c73d84c9d8f766a6c94a81937	docs/v3.0/PROGRAM_v3.0_PHASE7_COMPLETION.md	h:m1-ad4-repair	NO
f1d4a454d3dfa260884ae2e5c47a52e93ea25566	docs/v3.0/PROGRAM_v3.0_PHASE8_COMPLETION.md	h:m1-ad4-repair	NO
13c8389a37553df861eb1f3ce934c0335cfe021a	docs/v3.0/PROGRAM_v3.0_PHASE9_COMPLETION.md	h:m1-ad4-repair	NO
2445d8204449b15900cf9aae8ba2ba562b0c78c1	docs/v3.0/README.md	h:m1-ad4-repair	NO
e1c0e19685b2b1d3bf52ed3de10f6c7477dfcb5b	docs/v3.0/ai-experience.md	h:m1-ad4-repair	NO
cf2adbde9d761dda9347eca930541913150f2128	docs/v3.0/decision-experience.md	h:m1-ad4-repair	NO
6606a67dc8378e8d19e7eca065d568e167dcca5e	docs/v3.0/design-principles.md	h:m1-ad4-repair	NO
6d503aba33b3aaaa349b81e943873186c3f6492d	docs/v3.0/design-system.md	h:m1-ad4-repair	NO
7545169bd2c2b7a25a43d111b33c4f81b05a0ba1	docs/v3.0/design-tokens-reference.md	h:m1-ad4-repair	NO
006690137d19c3fcb9f82892455a29127afc6ad4	docs/v3.0/e2e-018-screenshots/CAPTURE_MANIFEST.json	h:m1-ad4-repair	NO
d58e94a360b7eab88c09e98e0c99af2a0f995c56	docs/v3.0/e2e-018-screenshots/admin-engines.png	h:m1-ad4-repair	NO
dfc1988fb92ff3f068fdc1c154c70877d3d9d37c	docs/v3.0/e2e-018-screenshots/company-intelligence_automobile.png	h:m1-ad4-repair	NO
a01dcd2dabb9d2d7a500b8ff61e77289463af018	docs/v3.0/e2e-018-screenshots/company-intelligence_banking.png	h:m1-ad4-repair	NO
02b552f5de04b45da39c98f7e0fce8f9829b7752	docs/v3.0/e2e-018-screenshots/company-intelligence_capital-markets.png	h:m1-ad4-repair	NO
db32b184e03c4d50f85043c3f17f1038d526300c	docs/v3.0/e2e-018-screenshots/company-intelligence_consumer.png	h:m1-ad4-repair	NO
15e0715c193d4c90401455d6adccb23eb0233e19	docs/v3.0/e2e-018-screenshots/company-intelligence_energy.png	h:m1-ad4-repair	NO
75eb9855f943930c48fbc58e50bcd1fd77d8930f	docs/v3.0/e2e-018-screenshots/company-intelligence_healthcare.png	h:m1-ad4-repair	NO
db92b1159972225a2861d7d2b6ab9ce3565ff771	docs/v3.0/e2e-018-screenshots/company-intelligence_hospitality.png	h:m1-ad4-repair	NO
87185c1b76e711062c72a3346680b42f87f3558f	docs/v3.0/e2e-018-screenshots/company-intelligence_industrials.png	h:m1-ad4-repair	NO
d89eff744ca3f73f10c0d489f1535a24c02f966c	docs/v3.0/e2e-018-screenshots/company-intelligence_insurance.png	h:m1-ad4-repair	NO
5d8be3a2745e77be869aa5430db42c991f94eae7	docs/v3.0/e2e-018-screenshots/company-intelligence_materials-metals.png	h:m1-ad4-repair	NO
b767ce27591753e05599019098c39afa05908a0f	docs/v3.0/e2e-018-screenshots/company-intelligence_technology.png	h:m1-ad4-repair	NO
10cde0a837d00e75335925d9b46b6a9e71a3f4fd	docs/v3.0/e2e-018-screenshots/company-intelligence_telecommunications.png	h:m1-ad4-repair	NO
97b5175303d86e055c1bfdc772fb10f7b943c642	docs/v3.0/e2e-018-screenshots/company-intelligence_utilities.png	h:m1-ad4-repair	NO
b8756d0c188061a4e4538d925ae3cf51531e63aa	docs/v3.0/e2e-018-screenshots/cross-sector-intelligence.png	h:m1-ad4-repair	NO
d561c6c2e3a664198077aa4b5e61a8773549096d	docs/v3.0/e2e-018-screenshots/decision-matrix.png	h:m1-ad4-repair	NO
7745cff35c134467debbfba0bc6c945519f30ea1	docs/v3.0/e2e-018-screenshots/executive.png	h:m1-ad4-repair	NO
ca7c249b9a97dabd3c356eb11b597eb0bca20d7f	docs/v3.0/e2e-018-screenshots/screener.png	h:m1-ad4-repair	NO
dfd4c446bd1483f7b9850314aed7f0d5a5e76b67	docs/v3.0/e2e-018-screenshots/sector-intelligence_banking.png	h:m1-ad4-repair	NO
ed38eb0d832b3162b941ac4a9eee93f1bcb19dd9	docs/v3.0/evidence-experience.md	h:m1-ad4-repair	NO
93177be7395e382c6ae1e7eae51045b46405484c	docs/v3.0/existing-capabilities.md	h:m1-ad4-repair	NO
d5d26991c4f5b4152022274666a623639bd3d179	docs/v3.0/experience-constitution.md	h:m1-ad4-repair	NO
fb6688219c6dadcd6eb6a6214e5f7980f543a476	docs/v3.0/frontend-architecture.md	h:m1-ad4-repair	NO
322c1b41f0607b87b33b59322ad26abf53a43515	docs/v3.0/g3-build/AUTHENTICATION_AUTHORITY_HARD_STOP.md	h:m1-ad4-repair	NO
5a5aba73188fab804fa34cc4af23640f88533ef4	docs/v3.0/g3-build/PROGRAM_v3.0_G3_CERTIFICATION.md	h:m1-ad4-repair	NO
9655647e2531ffd81ead13964b34c8cfc9fdce3b	docs/v3.0/g3-build/PROGRAM_v3.0_G3_LIVE_CERTIFICATION.md	h:m1-ad4-repair	NO
8b1fee5c0d7974d7f23826ee5ea98ccc859d217d	docs/v3.0/g3-build/g3-security-test-plan.md	h:m1-ad4-repair	NO
ea3fcbd0ea4c31c7d815c7049b2c68676733e06e	docs/v3.0/g3-build/identity-boundary-architecture.md	h:m1-ad4-repair	NO
f968002ea7e4191b7893fd7e5e93c5890be44826	docs/v3.0/g3-build/idp-selection-requirements.md	h:m1-ad4-repair	NO
c05226c2bdc70cb2ad6aeed2bb243fb1b2be1a6a	docs/v3.0/g3-build/keycloak-architecture.md	h:m1-ad4-repair	NO
a6f549cb1debffbe8692394d3f510902973dd4c5	docs/v3.0/g3-build/keycloak-configuration.md	h:m1-ad4-repair	NO
9169953be889f048b09ebe8f51ee58c41a1ebbfd	docs/v3.0/g3-build/principal-tenant-mapping.md	h:m1-ad4-repair	NO
060f63028975532bb01c7c1d0b08a6ae27954de2	docs/v3.0/g3-readiness-assessment.md	h:m1-ad4-repair	NO
22be4071b435f1b64d0a493f66742a30ffcb746a	docs/v3.0/housekeeping-option-a-prune.md	h:m1-ad4-repair	NO
3b1bf457a41440c5f7d5cd825f6e935c42e4c0fc	docs/v3.0/information-architecture.md	h:m1-ad4-repair	NO
818f0e9d61de7c52c248db3545445d19dcd0453b	docs/v3.0/navigation-model.md	h:m1-ad4-repair	NO
e8f23cd63abad4b16d47ad30423e0188d9fe906f	docs/v3.0/personas-and-roles.md	h:m1-ad4-repair	NO
105728a8c6431cc928fa7e27ac4f379ddefd0489	docs/v3.0/phase12/PROGRAM_v3.0_PHASE12.2_CLASSIFY_CERTIFICATION.md	h:m1-ad4-repair	NO
eb3813602572407f505cf15fff57384727e0fd48	docs/v3.0/phase12/PROGRAM_v3.0_PHASE12.4_FINAL_CERTIFICATION.md	h:m1-ad4-repair	NO
6aa635a48fd1d8d335954ca1db2b79b44e145e4b	docs/v3.0/phase12/PROGRAM_v3.0_PHASE12.5_FREEZE.md	h:m1-ad4-repair	NO
4223cc9f393458ad294d57fc2f4f8cc7a80bb83e	docs/v3.0/phase12/PROGRAM_v3.0_PHASE12_1_CERTIFICATION.md	h:m1-ad4-repair	NO
d046201ebf8e1e4914326ba8675d255792472ff3	docs/v3.0/phase12/README.md	h:m1-ad4-repair	NO
3ba8dab2c5c47c118d559b4d539ae427b4ac67c2	docs/v3.0/phase12/admin-field-source-map.md	h:m1-ad4-repair	NO
aa687f310dd1f9410a3ffbe410eaaf56260b4251	docs/v3.0/phase12/admin-information-architecture.md	h:m1-ad4-repair	NO
8f7aa39815515d9da7f5bbf44a22576b62e9caff	docs/v3.0/phase12/capability-matrix.md	h:m1-ad4-repair	NO
612d350b017acb9b1ee9dff291f98a8ab639fbb1	docs/v3.0/phase12/contract-inspection.md	h:m1-ad4-repair	NO
2021ef1949529a652569953e8a48b3a762fcc35e	docs/v3.0/phase12/mutation-authority-map.md	h:m1-ad4-repair	NO
c147a3e5abfd607050290e0649f7799c26bedd42	docs/v3.0/phase12/mutation-inventory.md	h:m1-ad4-repair	NO
dc01466002c7b4dd3ec3535996dc85debb71ca0f	docs/v3.0/phase12/mutation-rbac-map.md	h:m1-ad4-repair	NO
802448893e37275fb3bcb8fc70d9145b9b281c28	docs/v3.0/phase12/phase12-gap-analysis.md	h:m1-ad4-repair	NO
599779ce1c1d49aac940f0f4ac9fcc5910094623	docs/v3.0/phase12/phase12-implementation.md	h:m1-ad4-repair	NO
db2adcf90084ae21c33aa7bf46061c8118c80e5a	docs/v3.0/phase12/phase12-recommendation.md	h:m1-ad4-repair	NO
29e18d1bd3fd6632f54a123a0e972758d5d9a56f	docs/v3.0/phase12/phase12-security-review.md	h:m1-ad4-repair	NO
c112042ba59eaf15bbbef52ce3ae288efe705122	docs/v3.0/phase12/phase12.2-classify-implementation.md	h:m1-ad4-repair	NO
f874184fd68561c7bc0056242af7353e46f1d3aa	docs/v3.0/phase12/phase12.2-recommendation.md	h:m1-ad4-repair	NO
646215af5d1b3a7a675475f0b579258365f796dc	docs/v3.0/phase12/phase12.2-security-review.md	h:m1-ad4-repair	NO
d87795fd2197efe15b6c92909ef08fa2276e7d27	docs/v3.0/phase12/phase12.3-migration-record-inspection.md	h:m1-ad4-repair	NO
112b3dedcf21fdcdc5c6cae52149db3a575ef514	docs/v3.0/phase13-hardening/PHASE13_HARDENING_ACCEPTANCE.md	h:m1-ad4-repair	NO
1be2a34058b60dea8895121ea421269d2e02f122	docs/v3.0/phase13-hardening/PHASE13_HARDENING_IMPLEMENTATION.md	h:m1-ad4-repair	NO
d85fdb4e6d8d71999a69c5061b2f7499f348896e	docs/v3.0/phase13-hardening/PHASE13_HARDENING_RECONCILIATION.md	h:m1-ad4-repair	NO
e7f3af975efe3c245c27b0c18f699b6408457149	docs/v3.0/phase13-hardening/PHASE13_N3_READ_AUTHORIZATION_CERTIFICATION.md	h:m1-ad4-repair	NO
427ccb1e5b65e1d31af7a167fc0b9ad746cd76e8	docs/v3.0/phase14/PHASE14_WORKFLOW_ADMINISTRATION.md	h:m1-ad4-repair	NO
09a7e7ffebc46df7ea6300f16522ce39eae730a3	docs/v3.0/replay-experience.md	h:m1-ad4-repair	NO
cca8b654dc9e4995b398d5af8f45370a304345b1	docs/v3.0/repository-audit.md	h:m1-ad4-repair	NO
6cac4cafc3a8f746c3f312b8589c930bcf59815d	docs/v3.0/transport-boundary.md	h:m1-ad4-repair	NO
e6a4784fe9093454a2eae39f958646264849d7e1	docs/v3.0/v2-boundary-map.md	h:m1-ad4-repair	NO
9af139989683f256d8093b7922046a208af3326c	docs/v3.0/v3-gap-analysis.md	h:m1-ad4-repair	NO
fab26a42973619e87ea9bae2db4ef31210fe1ca2	frontend/server/executive-transport.ts	h:m1-ad4-repair	NO
15e638ed5b6f9448fcbb4b787783acd252fe0094	frontend/src/app/App.tsx	h:m1-ad4-repair	NO
56600fbbc9baeeef21cd07d70f411c6dfd16d128	frontend/src/components/evidence/EvidenceExplorerComponents.tsx	h:m1-ad4-repair	NO
f1210e669bb5b0527db9f7bb11dc9e627d01322a	frontend/src/features/evidence/EvidenceExplorer.test.tsx	h:m1-ad4-repair	NO
9e88f3141fce1007a41565a6675c54cf7e45c2c7	frontend/src/features/replay/ReplayExplorer.test.tsx	h:m1-ad4-repair	NO
98755f7c5ab388403a51f13329f98127264a71f5	frontend/src/features/replay/ReplayExplorer.tsx	h:m1-ad4-repair	NO
92539c32eb110f218317b7aac9dc5726929961e1	frontend/src/features/shell/CommandPalette.tsx	h:m1-ad4-repair	NO
573952a01a3e3975c8a7b600dee7226b618c276d	governance/ARENA_ONBOARDING.md	h:m1-ad4-repair	NO
4eadb70be3bb605d2a8ddbd44d90efc0b48d2f46	governance/RELEASE_CHECKLIST.md	h:m1-ad4-repair	NO
21c20ebe191c23a845e83337320a154d65db4b46	governance/REPOSITORY_INFRASTRUCTURE.md	h:m1-ad4-repair	NO
703043c41e274d038d062c47225a70e0fa8b97fb	governance/VERSIONING_POLICY.md	h:m1-ad4-repair	NO
cde2272d5e1e07af1b7e1a079addf08bdbf96c86	governance/iips/E2E-013-CAPABILITY-GAP-RECONCILIATION.md	h:m1-ad4-repair	NO
f53452b6e1ab3a8d157f17b9dad4459f5844c128	governance/iips/E2E-017-ENGINE-MASTER-MATRIX-RECONCILIATION.md	h:m1-ad4-repair	NO
00f687534b3d74e6e5b3b1d39895d43a4967d256	governance/iips/E2E-018-SCREENSHOT-CERTIFIED-PRODUCT-PARITY-RECONCILIATION.md	h:m1-ad4-repair	NO
5341e4060d8b6ba62bdfa9359f06eae1361ae282	governance/iips/P06-ACCEPTANCE-DURABILITY-RECONCILIATION.md	h:m1-ad4-repair	NO
db3a012111599a7b4049bcad478b4fe98190349b	ies-010-hospitality/HOSPITALITY_BUSINESS_MODEL_CALIBRATION_MATRIX.md	h:m1-ad4-repair	NO
e99400d1499fc7cbfe395c53e334ad05d38b09a9	ies-010-hospitality/HOSPITALITY_BUSINESS_MODEL_CONSISTENCY_MATRIX.md	h:m1-ad4-repair	NO
1c20f3bf644ed84b58c452cff62658a9d2bd2b0f	ies-010-hospitality/HOSPITALITY_DEMAND_QUALITY_TRACE_MATRIX.md	h:m1-ad4-repair	NO
17db8c9f564119cb7663566d97778361206e6e94	ies-010-hospitality/HOSPITALITY_DISCOVERY_PACK.md	h:m1-ad4-repair	NO
c29b0535d2d630d81825b5db1c8367847a275e6a	ies-010-hospitality/HOSPITALITY_ENGINE_ACCEPTANCE_MATRIX.md	h:m1-ad4-repair	NO
31c745802735cfac8dc7c87fa74489fb81edf45d	ies-010-hospitality/HOSPITALITY_EXECUTION_PIPELINE.md	h:m1-ad4-repair	NO
f4dae9fab798208847ee0f21b071b850e46de0c2	ies-010-hospitality/HOSPITALITY_FRAMEWORK_INTEGRATION_MATRIX.md	h:m1-ad4-repair	NO
ab17af15d13c3c5f352905d8ba0214e62e909332	ies-010-hospitality/HOSPITALITY_IMPLEMENTATION_API_BASELINE.md	h:m1-ad4-repair	NO
b78b4b0a9f5a79aa161ecbf8839f0a2076bba98b	ies-010-hospitality/HOSPITALITY_IMPLEMENTATION_PLAN.md	h:m1-ad4-repair	NO
2c7e928ad5923b19016639ce4a1684718f327da2	ies-010-hospitality/HOSPITALITY_IMPLEMENTATION_REUSE_REPORT_TEMPLATE.md	h:m1-ad4-repair	NO
26d7a769229830fd8ff0d30ff3ebd0e7bd767e3c	ies-010-hospitality/HOSPITALITY_IMPLEMENTATION_TRACEABILITY_MATRIX.md	h:m1-ad4-repair	NO
236668e4999f8d99d8c343c69ede4b02017c29e2	ies-010-hospitality/HOSPITALITY_METHODOLOGY_PRINCIPLES.md	h:m1-ad4-repair	NO
8d755d3d970ab0db5c115833847b018aabcf4df3	ies-010-hospitality/HOSPITALITY_ONTOLOGY_REGISTRATION_REVIEW.md	h:m1-ad4-repair	NO
c7b72fa18dd046aacd07b663a2808917af9c63d6	ies-010-hospitality/HOSPITALITY_OVERRIDE_PRECEDENCE_MATRIX.md	h:m1-ad4-repair	NO
89accd364130ff2cd884bb6ac679d81e28e317b6	ies-010-hospitality/HOSPITALITY_REFERENCE_ASSETS_INDEX.md	h:m1-ad4-repair	NO
db688dc2c8d3121c0f06ff13b4ff2fa282324cc4	ies-010-hospitality/HOSPITALITY_RELEASE_TRACEABILITY_REPORT.md	h:m1-ad4-repair	NO
3f1bef475115a801f6e2d836407880c038438bb3	ies-010-hospitality/HOSPITALITY_REVPAR_DECISION_TRACE_EXAMPLES.md	h:m1-ad4-repair	NO
d8a36f15bb1bb83da87b0cd46fccd06b7d4911a2	ies-010-hospitality/HOSPITALITY_REVPAR_DECOMPOSITION_MATRIX.md	h:m1-ad4-repair	NO
ad7817bfc88bf7cdb5a1095d042eb72e881ffc38	ies-010-hospitality/HOSPITALITY_SCENARIO_COVERAGE_MATRIX.md	h:m1-ad4-repair	NO
4d065bb87cc36f744f08e758332cec5e3c159e0b	ies-010-hospitality/IES-010_ARCHITECTURE_REVIEW.md	h:m1-ad4-repair	NO
3b5e632a92168b550fc8289ef362dd923b2d75fe	ies-010-hospitality/IES-010_COMPATIBILITY.md	h:m1-ad4-repair	NO
3e03126944fb1b50b6ce1b7892c5e421390a2c6f	ies-010-hospitality/IES-010_FREEZE_CHECKLIST.md	h:m1-ad4-repair	NO
64c321266330968d4c0f6475ce64fd4e1591a966	ies-010-hospitality/IES-010_FREEZE_MANIFEST.json	h:m1-ad4-repair	NO
32cdde4df8eb423aa634d47925fb74b7f9f3faba	ies-010-hospitality/IES-010_FREEZE_REGRESSION_BASELINE.md	h:m1-ad4-repair	NO
a1e6484d51d6c068dc79e699014e44847cbffe2d	ies-010-hospitality/IES-010_FREEZE_REPORT.md	h:m1-ad4-repair	NO
a61f389bfea3fed0293c37a59100ecc7d413d580	ies-010-hospitality/IES-010_IMPLEMENTATION_READINESS_CERTIFICATE.md	h:m1-ad4-repair	NO
365ae1aa1167e124f987bd2e8442ec659314c8a5	ies-010-hospitality/IES-010_IMPLEMENTATION_READINESS_SUMMARY.md	h:m1-ad4-repair	NO
0c884088f9eba84b8b38237792d7cb5990bbff6b	ies-010-hospitality/RELEASE_NOTES_IES-010_v1.0.0.md	h:m1-ad4-repair	NO
bf3bb58712e01a3d75441702a0954b29a8cc0f12	ies-010-hospitality/diagrams/hospitality-dataflow.mmd	h:m1-ad4-repair	NO
ed3c6fb377b6ba29a74b520ba7472de04141399f	ies-010-hospitality/docs/IES-010_01_README.md	h:m1-ad4-repair	NO
f629c8c43e9b2a11f03c94b06587bad9de2dac05	ies-010-hospitality/docs/IES-010_02_EXECUTIVE_SUMMARY.md	h:m1-ad4-repair	NO
b8f8ef97c6460632ef11d808899e9d8025f53026	ies-010-hospitality/docs/IES-010_03_INDUSTRY_MODEL.md	h:m1-ad4-repair	NO
75dd3a54b9988524bbdbd19521a6e13848a0d290	ies-010-hospitality/docs/IES-010_04_BUSINESS_MODEL.md	h:m1-ad4-repair	NO
5fb5d971a4c2991b757528d0220fba1a9dee4da4	ies-010-hospitality/docs/IES-010_05_METHODOLOGY_PRINCIPLES.md	h:m1-ad4-repair	NO
037518927fb08fc9ba69efeac1e42916354a3638	ies-010-hospitality/docs/IES-010_06_METRIC_LIBRARY.md	h:m1-ad4-repair	NO
7c9801f75ea69ac0eb82934391ee332c6fe4b013	ies-010-hospitality/docs/IES-010_07_SCORE_ENGINE.md	h:m1-ad4-repair	NO
669d3d9d8bd634aaed87b742549c6569594cc7b1	ies-010-hospitality/docs/IES-010_08_FORMULA_LIBRARY.md	h:m1-ad4-repair	NO
a8ed704164e1d9f144ed6c2fa4937f5a90f20128	ies-010-hospitality/docs/IES-010_09_CALIBRATION.md	h:m1-ad4-repair	NO
1f5bb2cc676ce0b72de3d72b2065a984c7464d6d	ies-010-hospitality/docs/IES-010_10_DECISION_ENGINE.md	h:m1-ad4-repair	NO
309c90408b90386fc7eda44a8afd0a4e39319c93	ies-010-hospitality/docs/IES-010_11_EVIDENCE_FRAMEWORK.md	h:m1-ad4-repair	NO
b4b6bbf28133f4a99f4c72de436913cd828844f5	ies-010-hospitality/docs/IES-010_12_VALIDATION.md	h:m1-ad4-repair	NO
9158647be9722805feba9c323acaaa8d302f8d48	ies-010-hospitality/docs/IES-010_13_ARENA_IMPLEMENTATION_SPECIFICATION.md	h:m1-ad4-repair	NO
2c148c5b4c49542c8c1094a12188cbc7a15be959	ies-010-hospitality/docs/IES-010_14_REFERENCE_ASSET_GOVERNANCE.md	h:m1-ad4-repair	NO
ad69daa4bcddfc74c4a6f976af7ff353e700311b	ies-010-hospitality/docs/IES-010_15_NORMATIVE_CALCULATION_APPENDIX.md	h:m1-ad4-repair	NO
850fca2ba7f8a954ec403189fd90bf7eb5aba039	ies-010-hospitality/docs/IES-010_16_IMPLEMENTATION_READINESS_CERTIFICATE.md	h:m1-ad4-repair	NO
5032ba34481e96ea3889197e29ae8bc719fb1f1e	ies-010-hospitality/docs/IES-010_17_MASTER_INDEX.md	h:m1-ad4-repair	NO
8ecf5d003e3b8acf69e523aca7e8b2cddf72f5da	ies-010-hospitality/docs/IES-010_18_DATA_DICTIONARY.md	h:m1-ad4-repair	NO
9be3f2d4f58aecc52c180e67ce8e2c5d744b0ce8	ies-010-hospitality/docs/IES-010_19_REFERENCE_DATA_SOURCES.md	h:m1-ad4-repair	NO
cb16cd9725e5b1fb508f53d4ec1c7e2c1a654241	ies-010-hospitality/examples/worked-example-asset-light-mixed.md	h:m1-ad4-repair	NO
b91f6d06360e8f672214e8a06758f50a9e6f6ae3	ies-010-hospitality/replay-datasets/hospitality-replay-dataset-1.0.0.json	h:m1-ad4-repair	NO
9e54e3d2bff14d1c9f90ac2cef05b95f99344073	ies-011-energy/ENERGY_CALCULATION_TRACE_MATRIX.md	h:m1-ad4-repair	NO
00d859dcbec7b5f4ca393d88fabdfe8b94e57407	ies-011-energy/ENERGY_CALIBRATION_BOUNDARY_MATRIX.md	h:m1-ad4-repair	NO
d0a0871fb4ce1f751f33d2be37bdf8312bf4f009	ies-011-energy/ENERGY_CALIBRATION_RESOLUTION_ORDER.md	h:m1-ad4-repair	NO
43a38e6211139ceed7cc0aa3f72306002bbeea56	ies-011-energy/ENERGY_COMMODITY_SCENARIO_MATRIX.md	h:m1-ad4-repair	NO
499cb35adcfe75acfcd12d18eb589d24509c28b9	ies-011-energy/ENERGY_DISCOVERY_PACK.md	h:m1-ad4-repair	NO
ce668a9a99dd5de1d6a02887fe11b750122b3a63	ies-011-energy/ENERGY_ENGINE_ACCEPTANCE_MATRIX.md	h:m1-ad4-repair	NO
7a44ba5137a4c33cca6b806a6e1377a0130edfef	ies-011-energy/ENERGY_FRAMEWORK_SERVICE_USAGE_MATRIX.md	h:m1-ad4-repair	NO
9f70930648143cbd762d7b96b795795ad69eeb07	ies-011-energy/ENERGY_FROZEN_ASSET_DEPENDENCY_MANIFEST.md	h:m1-ad4-repair	NO
b32e411cc821930e2c47fae99818db1aec3547fa	ies-011-energy/ENERGY_IMPLEMENTATION_API_BASELINE.md	h:m1-ad4-repair	NO
f340d17ae42af4795ced61c53633514bfd0fe52c	ies-011-energy/ENERGY_IMPLEMENTATION_ASSUMPTION_REGISTER.md	h:m1-ad4-repair	NO
530986ad76ca6d84e41f2ef4bf2fb2fc81a603cb	ies-011-energy/ENERGY_IMPLEMENTATION_PLAN.md	h:m1-ad4-repair	NO
8fc5a22cee4c4e02386b7cc734a08fa8c406e922	ies-011-energy/ENERGY_IMPLEMENTATION_READINESS_DASHBOARD.md	h:m1-ad4-repair	NO
4f4a99dd4921281ec325e55c40eca51a6ae01c6f	ies-011-energy/ENERGY_IMPLEMENTATION_REUSE_REPORT_TEMPLATE.md	h:m1-ad4-repair	NO
4081268e80627e05f1764aa0eb1c53baf9c99d8a	ies-011-energy/ENERGY_IMPLEMENTATION_RISK_REGISTER.md	h:m1-ad4-repair	NO
bd53486196e0f15e730b4febce1c49fcf0851563	ies-011-energy/ENERGY_METHODOLOGY_PRINCIPLES.md	h:m1-ad4-repair	NO
3283f9ff727370985a6fbc324f3d7a2832d82373	ies-011-energy/ENERGY_PLUGIN_CONTRACT_VERIFICATION_CHECKLIST.md	h:m1-ad4-repair	NO
a95c5b7143a05fa815903a6c04e87149a17e3033	ies-011-energy/ENERGY_REFERENCE_ASSETS_INDEX.md	h:m1-ad4-repair	NO
4489e84783676cd04523f845ebac64c288e64d4d	ies-011-energy/ENERGY_RELEASE_REPRODUCIBILITY_RECORD.md	h:m1-ad4-repair	NO
f9c18bc60cfd6f54b63350558c14b257844bda41	ies-011-energy/ENERGY_REPLAY_COVERAGE_MATRIX.md	h:m1-ad4-repair	NO
2f0489a86d75ba849093ea87f3197693b0ae6be6	ies-011-energy/ENERGY_SEGMENT_COVERAGE_MATRIX.md	h:m1-ad4-repair	NO
b3c5d65109562e528a927de6f51a68ba7112e9e5	ies-011-energy/ENERGY_VERIFICATION_COVERAGE_MATRIX.md	h:m1-ad4-repair	NO
90ddf6a4f3801787c6c0017c2e34dc664d981249	ies-011-energy/ENERGY_WP_PROGRESS_TRACKER.md	h:m1-ad4-repair	NO
048a41c6ae491211960f0c8215b024a882c8af62	ies-011-energy/IES-011_ARCHITECTURE_REVIEW.md	h:m1-ad4-repair	NO
02de43ff1dcd9deefe2962db948545717feed82c	ies-011-energy/IES-011_COMPATIBILITY.md	h:m1-ad4-repair	NO
1a6837f5d843ba0be5a59bc0f0b02d34fc026aec	ies-011-energy/IES-011_FREEZE_CHECKLIST.md	h:m1-ad4-repair	NO
221dcb74ef7f8d583d1e2c24ada7694ceb714d13	ies-011-energy/IES-011_FREEZE_MANIFEST.json	h:m1-ad4-repair	NO
dd3f2a2a78d89bb0fae3ad7cd825d33108baff82	ies-011-energy/IES-011_FREEZE_REGRESSION_BASELINE.md	h:m1-ad4-repair	NO
921ae862359391d76f599ce5c73eb02869193a59	ies-011-energy/IES-011_FREEZE_REPORT.md	h:m1-ad4-repair	NO
aae36fe7757d24aac39611014d8f4b3ac2d83d17	ies-011-energy/IES-011_IMPLEMENTATION_READINESS_CERTIFICATE.md	h:m1-ad4-repair	NO
e4ddd2cd0ea4346355e79688811fc65bcb6135fc	ies-011-energy/RELEASE_NOTES_IES-011_v1.0.0.md	h:m1-ad4-repair	NO
3d955a3bd3d4599dc12027b6bfd3bc302e6e4f47	ies-011-energy/diagrams/energy-dataflow.mmd	h:m1-ad4-repair	NO
2a0763ef9215ade62182e5bc1eddb245ec9f1fe8	ies-011-energy/docs/IES-011_01_README.md	h:m1-ad4-repair	NO
f92c1deabe4bec55f27c1deb1917f86ba7e2ed8a	ies-011-energy/docs/IES-011_02_EXECUTIVE_SUMMARY.md	h:m1-ad4-repair	NO
537041f6f634f835abe437c4623521754bcc6e8a	ies-011-energy/docs/IES-011_03_INDUSTRY_MODEL.md	h:m1-ad4-repair	NO
8d763953c7b47a19fdbb52dccb81217d1b7d4eeb	ies-011-energy/docs/IES-011_04_BUSINESS_MODEL.md	h:m1-ad4-repair	NO
2f62873a8a96251f0a8cce77ad7e0ecf04c9a4ea	ies-011-energy/docs/IES-011_05_METHODOLOGY_PRINCIPLES.md	h:m1-ad4-repair	NO
8adcf8e4518122a876086e5a5bff082683d3e812	ies-011-energy/docs/IES-011_06_METRIC_LIBRARY.md	h:m1-ad4-repair	NO
480f0491ad699acc4675c43c7ff3cbdb6c603fb4	ies-011-energy/docs/IES-011_07_SCORE_ENGINE.md	h:m1-ad4-repair	NO
cd2822d8cc24246195ecc57fbf83093c609a761d	ies-011-energy/docs/IES-011_08_FORMULA_LIBRARY.md	h:m1-ad4-repair	NO
0de16e1aa5c18d9f42f57cde7973a6857e0a31ee	ies-011-energy/docs/IES-011_09_CALIBRATION.md	h:m1-ad4-repair	NO
e76cd4d43b93a8c68092b7a9f73661fbc5c04e0b	ies-011-energy/docs/IES-011_10_DECISION_ENGINE.md	h:m1-ad4-repair	NO
abcd837b5b0ab290fdfaf6721d93618a3ba287db	ies-011-energy/docs/IES-011_11_EVIDENCE_FRAMEWORK.md	h:m1-ad4-repair	NO
c1f150b5fe27e8fd252fbe4aa76101c6c5a46792	ies-011-energy/docs/IES-011_12_VALIDATION.md	h:m1-ad4-repair	NO
94a935f4cd15641f887f5a68d3a0ed86c2c33f0a	ies-011-energy/docs/IES-011_13_ARENA_IMPLEMENTATION_SPECIFICATION.md	h:m1-ad4-repair	NO
87a10d645e9ee9aaae702b45db5d22fdecc4fee6	ies-011-energy/docs/IES-011_14_REFERENCE_ASSET_GOVERNANCE.md	h:m1-ad4-repair	NO
b937e07b99d01be0fcaf06f20e13c3e9266949c8	ies-011-energy/docs/IES-011_15_NORMATIVE_CALCULATION_APPENDIX.md	h:m1-ad4-repair	NO
cd1c3cc9d265e8daa08235ca980131cd8fec3895	ies-011-energy/docs/IES-011_16_IMPLEMENTATION_READINESS_CERTIFICATE.md	h:m1-ad4-repair	NO
ece80d17176d33bb2aa62c32b5894e2f1bb76e18	ies-011-energy/docs/IES-011_17_MASTER_INDEX.md	h:m1-ad4-repair	NO
56d2460c4a52f9420ef88466f0e9a832cd605279	ies-011-energy/docs/IES-011_18_DATA_DICTIONARY.md	h:m1-ad4-repair	NO
b6297f80ceabd84a0d52d044e016f179b6aee148	ies-011-energy/docs/IES-011_19_REFERENCE_DATA_SOURCES.md	h:m1-ad4-repair	NO
96d7c784d6a5934dfb8f805b7909e584799bd200	ies-011-energy/examples/worked-example-upstream-eandp.md	h:m1-ad4-repair	NO
a4540ff8496767e76d938ece3cb58bd1846a2661	ies-011-energy/replay-datasets/energy-replay-dataset-1.0.0.json	h:m1-ad4-repair	NO
b4f2deea93d43ecd17d93ea50e8d20ff53d8e577	ies-012-utilities/FROZEN_CALIBRATION_CHANGE_POLICY.md	h:m1-ad4-repair	NO
754d83009e7c690f7c40cad2b81434bdbc7f55a1	ies-012-utilities/IES-012_ARCHITECTURE_REVIEW.md	h:m1-ad4-repair	NO
36d967e26c2ad88447f26555d20a8c76428103eb	ies-012-utilities/IES-012_COMPATIBILITY.md	h:m1-ad4-repair	NO
7df1999e2e2e9bd6eca7238aa4f098fb9ffa3f9e	ies-012-utilities/IES-012_FREEZE_CHECKLIST.md	h:m1-ad4-repair	NO
d6d3b4bf5d95f06fc33c5d77c23911ed62527ef1	ies-012-utilities/IES-012_FREEZE_MANIFEST.json	h:m1-ad4-repair	NO
d6a95bcf0759d955881203ce3fd9b0b99bb8d7d0	ies-012-utilities/IES-012_FREEZE_REGRESSION_BASELINE.md	h:m1-ad4-repair	NO
07e69f74de03fda76e2cf58b5b2fa337a339fc12	ies-012-utilities/IES-012_FREEZE_REPORT.md	h:m1-ad4-repair	NO
7a6eae5bcd1bb1d1a848de4829145eadcf38eef9	ies-012-utilities/IES-012_IMPLEMENTATION_READINESS_CERTIFICATE.md	h:m1-ad4-repair	NO
1bfc2dbfb4b0efc70891bd4d0604a0862742850d	ies-012-utilities/RELEASE_NOTES_IES-012_v1.0.0.md	h:m1-ad4-repair	NO
a6d358454f6393130eaed15e3ffb40e801bcd3e1	ies-012-utilities/UTILITIES_CALIBRATION_INDEPENDENCE_MATRIX.md	h:m1-ad4-repair	NO
642adcdc1788c16dac186eb75db6b89e905ae878	ies-012-utilities/UTILITIES_DETERMINISTIC_EXECUTION_TRACE.md	h:m1-ad4-repair	NO
d6e2ff7ecc4d8e4a72e77f74220251c303927999	ies-012-utilities/UTILITIES_DISCOVERY_PACK.md	h:m1-ad4-repair	NO
81a6f5491d6a2822fd10b92edd6d1bbeedf48473	ies-012-utilities/UTILITIES_ENGINE_ACCEPTANCE_MATRIX.md	h:m1-ad4-repair	NO
b11ddd27aebcd6b0c49db812aae13ec0783157be	ies-012-utilities/UTILITIES_IMPLEMENTATION_API_BASELINE.md	h:m1-ad4-repair	NO
73f251f0ead63e9429b0654c38eb6bab8cc84153	ies-012-utilities/UTILITIES_IMPLEMENTATION_PLAN.md	h:m1-ad4-repair	NO
78bb76ea90c4c8b5a5dbdd7cfed5ad6728ec4dc4	ies-012-utilities/UTILITIES_IMPLEMENTATION_REUSE_REPORT_TEMPLATE.md	h:m1-ad4-repair	NO
c1ab4e7df46c8cf2e9a9138f03510e484bb922c2	ies-012-utilities/UTILITIES_IMPLEMENTATION_RISK_REGISTER.md	h:m1-ad4-repair	NO
ab73b111948599e8189eb022056007c916148028	ies-012-utilities/UTILITIES_IMPLEMENTATION_TRACEABILITY_DASHBOARD.md	h:m1-ad4-repair	NO
9ec7a0892893730561e1d07d7ca76195ff8e0f20	ies-012-utilities/UTILITIES_METHODOLOGY_PRINCIPLES.md	h:m1-ad4-repair	NO
ebd4de285f37dfc6cbd598a3a44d933f6fe11bc0	ies-012-utilities/UTILITIES_PLUGIN_LIFECYCLE_CHECKLIST.md	h:m1-ad4-repair	NO
1961ab5381a7c1e354084c708de456ba236288a7	ies-012-utilities/UTILITIES_REFERENCE_ASSETS_INDEX.md	h:m1-ad4-repair	NO
36f24901c98122452cffe6480797261fba62fa35	ies-012-utilities/UTILITIES_REGULATORY_SCENARIO_COVERAGE_MATRIX.md	h:m1-ad4-repair	NO
51da0b4782f2081826b5bf52050249b7866a8a62	ies-012-utilities/UTILITIES_RELEASE_AUDIT_CHECKLIST.md	h:m1-ad4-repair	NO
3844b28420879ba39febeef1b829356c0f7579b2	ies-012-utilities/UTILITIES_RELIABILITY_ASSET_HEALTH_FRAMEWORK.md	h:m1-ad4-repair	NO
c6b792f4180a793b3a5d2e698c8bec25e2868d7c	ies-012-utilities/UTILITIES_SHARED_SERVICES_INTERACTION_MAP.md	h:m1-ad4-repair	NO
fe1ebe7b4e9cb2c7e30253219ef08e10c1c151a8	ies-012-utilities/diagrams/utilities-dataflow.mmd	h:m1-ad4-repair	NO
519a8740eaabf1c07d98b5e50dedfe6a3cccb340	ies-012-utilities/docs/IES-012_01_README.md	h:m1-ad4-repair	NO
9e3866ed7d6f0666fa7e8d5c75cb7e0eba651f5f	ies-012-utilities/docs/IES-012_02_EXECUTIVE_SUMMARY.md	h:m1-ad4-repair	NO
8755ac90639897f1bad19a93c3071e747e3facb3	ies-012-utilities/docs/IES-012_03_INDUSTRY_MODEL.md	h:m1-ad4-repair	NO
8fc9c092a078648835ca1d4c20346278bf4e3ef5	ies-012-utilities/docs/IES-012_04_BUSINESS_MODEL.md	h:m1-ad4-repair	NO
4a447b01b66b58a947befc011797f9ee406e4bfd	ies-012-utilities/docs/IES-012_05_METHODOLOGY_PRINCIPLES.md	h:m1-ad4-repair	NO
934649a40d42cbee9b9cddc83826b9c698be8ee8	ies-012-utilities/docs/IES-012_06_METRIC_LIBRARY.md	h:m1-ad4-repair	NO
21a237a7567d25697d30cf15ef6965bdc56f7e07	ies-012-utilities/docs/IES-012_07_SCORE_ENGINE.md	h:m1-ad4-repair	NO
6ccda07c95e32600ab86451c90457c288ab658cb	ies-012-utilities/docs/IES-012_08_FORMULA_LIBRARY.md	h:m1-ad4-repair	NO
f6173cc7c4838479f856ba2c5f337f3f241980d1	ies-012-utilities/docs/IES-012_09_CALIBRATION.md	h:m1-ad4-repair	NO
8e39cdfe69c76765a7b09abe39df4e9b2f1cb211	ies-012-utilities/docs/IES-012_10_DECISION_ENGINE.md	h:m1-ad4-repair	NO
70f2c1e263271c60621779b7bbbb0c1a9786817d	ies-012-utilities/docs/IES-012_11_EVIDENCE_FRAMEWORK.md	h:m1-ad4-repair	NO
63acab2ecd060c6d79bb899999bde32902100439	ies-012-utilities/docs/IES-012_12_VALIDATION.md	h:m1-ad4-repair	NO
5b56be7a8f24dfc8326c2950fec0caf4fac4aedb	ies-012-utilities/docs/IES-012_13_ARENA_IMPLEMENTATION_SPECIFICATION.md	h:m1-ad4-repair	NO
0373ed412ba795fb57627f81e35ebb2c3ea3fa68	ies-012-utilities/docs/IES-012_14_REFERENCE_ASSET_GOVERNANCE.md	h:m1-ad4-repair	NO
c2879a175e9ec322d4e5de7a3eee6027e8bc2886	ies-012-utilities/docs/IES-012_15_NORMATIVE_CALCULATION_APPENDIX.md	h:m1-ad4-repair	NO
be5a940599fd6f74749f9e38d306748197126eba	ies-012-utilities/docs/IES-012_16_IMPLEMENTATION_READINESS_CERTIFICATE.md	h:m1-ad4-repair	NO
97c1b81091f9a9b6f958c747b7d1bd610ba28966	ies-012-utilities/docs/IES-012_17_MASTER_INDEX.md	h:m1-ad4-repair	NO
f09bd88d096a5a0a5e150109eb5600eba51cca39	ies-012-utilities/docs/IES-012_18_DATA_DICTIONARY.md	h:m1-ad4-repair	NO
75a5202b2c2dce994329eab8edfbd1569fb844a1	ies-012-utilities/docs/IES-012_19_REFERENCE_DATA_SOURCES.md	h:m1-ad4-repair	NO
244c363407348bdadb65c8d7114ff406b8320fc4	ies-012-utilities/examples/worked-example-regulated-electric.md	h:m1-ad4-repair	NO
2ea15894e02a375ae4e822af3f09753cd24574fb	ies-012-utilities/replay-datasets/utilities-replay-dataset-1.0.0.json	h:m1-ad4-repair	NO
7b1a8927c19c817f61dfe19603b6c478a5fa8e9e	ies-013-consumer/CONSUMER_CALIBRATION_BOUNDARY_REVIEW_MATRIX.md	h:m1-ad4-repair	NO
69629cfc54ec2b80c99842b46ad697d8c045a6d3	ies-013-consumer/CONSUMER_DECISION_PIPELINE_TRACE.md	h:m1-ad4-repair	NO
f789c320b3abfbadac8d718233ee987eca630d20	ies-013-consumer/CONSUMER_DISCOVERY_PACK.md	h:m1-ad4-repair	NO
823b0e422fd10bd7b4e756d78433f27dd7721ae0	ies-013-consumer/CONSUMER_ENGINE_ACCEPTANCE_MATRIX.md	h:m1-ad4-repair	NO
60898f11b63aa40178479e19b7386707225e5671	ies-013-consumer/CONSUMER_FRAMEWORK_INTEGRATION_CHECKLIST.md	h:m1-ad4-repair	NO
bc0e3a40d091f15ff27a9aacf4f6ee5bfe8580a2	ies-013-consumer/CONSUMER_FROZEN_METHODOLOGY_DEPENDENCY_MAP.md	h:m1-ad4-repair	NO
ab5ef0942e218871fc76493d933840e7b2f78ffa	ies-013-consumer/CONSUMER_IMPLEMENTATION_API_BASELINE.md	h:m1-ad4-repair	NO
e8db7415d1f16fc99a40297e5bcf04d6153b98e6	ies-013-consumer/CONSUMER_IMPLEMENTATION_PLAN.md	h:m1-ad4-repair	NO
ada11c3afa6b2062341796c59acdb6045f69e3f1	ies-013-consumer/CONSUMER_IMPLEMENTATION_REUSE_REPORT_TEMPLATE.md	h:m1-ad4-repair	NO
dbfd7665b279d2a973e1cbced3826dd6ce9fa4c7	ies-013-consumer/CONSUMER_IMPLEMENTATION_RISK_REGISTER.md	h:m1-ad4-repair	NO
2dbdfa0039a32156194c7ed21f82e37d3c520b1d	ies-013-consumer/CONSUMER_IMPLEMENTATION_TRACEABILITY_REGISTER.md	h:m1-ad4-repair	NO
3bf601fce67a09e1f7e1c81fada66277bf46c0b0	ies-013-consumer/CONSUMER_METHODOLOGY_PRINCIPLES.md	h:m1-ad4-repair	NO
30d8193d4eb1e09948e0f370bf410748a9cfe969	ies-013-consumer/CONSUMER_PLUGIN_READINESS_CHECKLIST.md	h:m1-ad4-repair	NO
0e0d48755cbd417c21ac93f4a74d92cd808e38af	ies-013-consumer/CONSUMER_PORTFOLIO_ARCHITECTURE.md	h:m1-ad4-repair	NO
999ba3038f0cf11ed88b508c97862100f4a156d4	ies-013-consumer/CONSUMER_REFERENCE_ASSETS_INDEX.md	h:m1-ad4-repair	NO
1bf823ba9666b41687ae1f1abeab603a025e473f	ies-013-consumer/CONSUMER_SCENARIO_COVERAGE_MATRIX.md	h:m1-ad4-repair	NO
e4c3611e4a7b3f0cff6186127925633e8d2f076b	ies-013-consumer/IES-013_ARCHITECTURE_REVIEW.md	h:m1-ad4-repair	NO
0163ba64343498a87064166cdf83f952998c1de9	ies-013-consumer/IES-013_COMPATIBILITY.md	h:m1-ad4-repair	NO
f1767c7a585ea9011a2ae12edcd3ac38d9edddcf	ies-013-consumer/IES-013_FREEZE_CHECKLIST.md	h:m1-ad4-repair	NO
3c9d0028e1b4ad516fbd79b7ce81e8210fc7552b	ies-013-consumer/IES-013_FREEZE_MANIFEST.json	h:m1-ad4-repair	NO
0d43f18fbf9f698001dfc8fa0668273317fe9f66	ies-013-consumer/IES-013_FREEZE_REGRESSION_BASELINE.md	h:m1-ad4-repair	NO
1a566126f16942ef089d090b2461ed76ab00a7ef	ies-013-consumer/IES-013_FREEZE_REPORT.md	h:m1-ad4-repair	NO
2e245a1ba3f9c11493ac69f4a167c9a742c5c10c	ies-013-consumer/IES-013_IMPLEMENTATION_READINESS_CERTIFICATE.md	h:m1-ad4-repair	NO
ea8880f90ed1b1d78454a1ada79628aa3da0bbe9	ies-013-consumer/RELEASE_NOTES_IES-013_v1.0.0.md	h:m1-ad4-repair	NO
98fb54cdbc87effc6264a8969a0c6e6f8949809b	ies-013-consumer/diagrams/consumer-dataflow.mmd	h:m1-ad4-repair	NO
93c5656662428448a164fd5f9764946f58caf83c	ies-013-consumer/docs/IES-013_01_README.md	h:m1-ad4-repair	NO
160f2f5ed9efb9600fe52991b98fefbe8c2855fd	ies-013-consumer/docs/IES-013_02_EXECUTIVE_SUMMARY.md	h:m1-ad4-repair	NO
72cb6cb18d104950b96cd8ce83ca5a89962efbd5	ies-013-consumer/docs/IES-013_03_INDUSTRY_MODEL.md	h:m1-ad4-repair	NO
e9413f539f96c6564bcf0cdaa09a9df7b959bece	ies-013-consumer/docs/IES-013_04_BUSINESS_MODEL.md	h:m1-ad4-repair	NO
6717be5fea920724933788ed14f37b160f28486d	ies-013-consumer/docs/IES-013_05_METHODOLOGY_PRINCIPLES.md	h:m1-ad4-repair	NO
921c968120c458b4e0e5b67e2aaa401d2cbf3829	ies-013-consumer/docs/IES-013_06_METRIC_LIBRARY.md	h:m1-ad4-repair	NO
da551480331f4671427dd3dc16ead0aa7bc72ef0	ies-013-consumer/docs/IES-013_07_SCORE_ENGINE.md	h:m1-ad4-repair	NO
60f65d81641a3b1bd771bead393ab619926e6e13	ies-013-consumer/docs/IES-013_08_FORMULA_LIBRARY.md	h:m1-ad4-repair	NO
7fc0a7ff5ccb4eafee546a3e4a31a2875e1e73b8	ies-013-consumer/docs/IES-013_09_CALIBRATION.md	h:m1-ad4-repair	NO
eac0774ed5edf40b5531ddb157dbbf9ab8d30f24	ies-013-consumer/docs/IES-013_10_DECISION_ENGINE.md	h:m1-ad4-repair	NO
aabcb6b33fe14729305ef00e21d533df39710355	ies-013-consumer/docs/IES-013_11_EVIDENCE_FRAMEWORK.md	h:m1-ad4-repair	NO
35fecf608dfef5d41468e7ee8b94bfbbcb09f048	ies-013-consumer/docs/IES-013_12_VALIDATION.md	h:m1-ad4-repair	NO
88b3b1a7d10a58eb06df58a324e9fc5017ffdf8a	ies-013-consumer/docs/IES-013_13_ARENA_IMPLEMENTATION_SPECIFICATION.md	h:m1-ad4-repair	NO
d4fde6f0fbeec9be464166d397ecd4f9ecd0f909	ies-013-consumer/docs/IES-013_14_REFERENCE_ASSET_GOVERNANCE.md	h:m1-ad4-repair	NO
6cd60847999960e781385422485febfa854ea039	ies-013-consumer/docs/IES-013_15_NORMATIVE_CALCULATION_APPENDIX.md	h:m1-ad4-repair	NO
6c170d9ae23c16c9aeeff18906207fae997acc05	ies-013-consumer/docs/IES-013_16_IMPLEMENTATION_READINESS_CERTIFICATE.md	h:m1-ad4-repair	NO
e2521d79ce497d93d3fd28640b1264f77ddc1fb1	ies-013-consumer/docs/IES-013_17_MASTER_INDEX.md	h:m1-ad4-repair	NO
8368437b6cc4e92d27ada8b678d387ccc186bc8d	ies-013-consumer/docs/IES-013_18_DATA_DICTIONARY.md	h:m1-ad4-repair	NO
e63b34e35f13fe5a0723bc80586bfad3436e7e2f	ies-013-consumer/docs/IES-013_19_REFERENCE_DATA_SOURCES.md	h:m1-ad4-repair	NO
952d6d98aa888887c418896dce0aafd8f1b05df1	ies-013-consumer/examples/worked-example-staple-brand.md	h:m1-ad4-repair	NO
2648627de306867412e9763a3e6ac0f7d9a6dd68	ies-013-consumer/replay-datasets/consumer-replay-dataset-1.0.0.json	h:m1-ad4-repair	NO
2f99cd5b8c251fae17c10a84e251cdae44b3bec7	ies-014-industrials/IES-014_ARCHITECTURE_REVIEW.md	h:m1-ad4-repair	NO
62001272c8ef526bf93abacf3fbfe63f403d8d55	ies-014-industrials/IES-014_COMPATIBILITY.md	h:m1-ad4-repair	NO
8b03fd39513a9264131a796bedcd69eb0f31f462	ies-014-industrials/IES-014_FREEZE_CHECKLIST.md	h:m1-ad4-repair	NO
d2b5d21e1e463f2079fd2107bd16eef0ff2d403c	ies-014-industrials/IES-014_FREEZE_MANIFEST.json	h:m1-ad4-repair	NO
09ebf7c38af4eb4020567a7e573314aba56cfcca	ies-014-industrials/IES-014_FREEZE_REGRESSION_BASELINE.md	h:m1-ad4-repair	NO
b74cc261beee6e119416cdbaebdbccd9ca8150ae	ies-014-industrials/IES-014_FREEZE_REPORT.md	h:m1-ad4-repair	NO
a49853d13e4aedaaba22ec3f5dad85ff01853019	ies-014-industrials/IES-014_IMPLEMENTATION_READINESS_CERTIFICATE.md	h:m1-ad4-repair	NO
3ade1585f2069bcebf6f18f6979b67412dfa0700	ies-014-industrials/INDUSTRIALS_CALIBRATION_INDEPENDENCE_MATRIX.md	h:m1-ad4-repair	NO
a7691ae2e99dba6c080cb7e7fd99b2bf75639882	ies-014-industrials/INDUSTRIALS_DISCOVERY_PACK.md	h:m1-ad4-repair	NO
7d6f1501fd685c7064f7d2efed09a73225c00123	ies-014-industrials/INDUSTRIALS_ENGINE_ACCEPTANCE_MATRIX.md	h:m1-ad4-repair	NO
3101399df6539ac2c25f16fc9965d31355688684	ies-014-industrials/INDUSTRIALS_IMPLEMENTATION_API_BASELINE.md	h:m1-ad4-repair	NO
31941a1d6ce6c3484aafd75cb8f1773d9916c481	ies-014-industrials/INDUSTRIALS_IMPLEMENTATION_PLAN.md	h:m1-ad4-repair	NO
89c524a96565ad67312fbc74c687c00c2c4bdd6d	ies-014-industrials/INDUSTRIALS_IMPLEMENTATION_REUSE_REPORT_TEMPLATE.md	h:m1-ad4-repair	NO
11c50446e0bd88184ef9c1a770030d8e50f1a74a	ies-014-industrials/INDUSTRIALS_IMPLEMENTATION_RISK_REGISTER.md	h:m1-ad4-repair	NO
d34cf78edc75ffe5b43866cc9d31714035780043	ies-014-industrials/INDUSTRIALS_METHODOLOGY_PRINCIPLES.md	h:m1-ad4-repair	NO
d54722cc124c74a2469eff073c7f6eb9fb7bc974	ies-014-industrials/INDUSTRIALS_REFERENCE_ASSETS_INDEX.md	h:m1-ad4-repair	NO
57da026639286e6cef38f09adc228ff4eaf25796	ies-014-industrials/RELEASE_NOTES_IES-014_v1.0.0.md	h:m1-ad4-repair	NO
0d9f2ae44bf83aa21863ba2187a0e0566c5b5192	ies-014-industrials/contract-tests/generate_expected_outputs.py	h:m1-ad4-repair	NO
4d2eab2ca25ec7eda206635436f8b94e032d0127	ies-014-industrials/contract-tests/industrials_contract_boundary_matrix.py	h:m1-ad4-repair	NO
1102af4882896fb7479c0f8b03a54b9026b78cb3	ies-014-industrials/diagrams/industrials-dataflow.mmd	h:m1-ad4-repair	NO
e922dec39bc18f5f8ef88e979af7cc58fffc6b52	ies-014-industrials/docs/IES-014_01_README.md	h:m1-ad4-repair	NO
bff6d6d7d2ff31de1c437f00c21b57b896b86f57	ies-014-industrials/docs/IES-014_02_EXECUTIVE_SUMMARY.md	h:m1-ad4-repair	NO
3485020655babb7138a1694da93830bed131150c	ies-014-industrials/docs/IES-014_03_INDUSTRY_MODEL.md	h:m1-ad4-repair	NO
3ab61bd624c7c52b4fe5056226f60a4e3bd9d5f4	ies-014-industrials/docs/IES-014_04_BUSINESS_MODEL.md	h:m1-ad4-repair	NO
7491755c327fd6a7881d8c434bdad1ff05e3a81f	ies-014-industrials/docs/IES-014_05_METHODOLOGY_PRINCIPLES.md	h:m1-ad4-repair	NO
f6d9bb79caa69e8e173b39fa7e5877477cdb4520	ies-014-industrials/docs/IES-014_06_METRIC_LIBRARY.md	h:m1-ad4-repair	NO
19bd727365c09b11c0a14b40c805c05ae524901b	ies-014-industrials/docs/IES-014_07_SCORE_ENGINE.md	h:m1-ad4-repair	NO
fce3e76e23d07d05eec241a344a45d109573e94d	ies-014-industrials/docs/IES-014_08_FORMULA_LIBRARY.md	h:m1-ad4-repair	NO
d1bc07cb43ad2f3be29b1278ab011ef400af8a17	ies-014-industrials/docs/IES-014_09_CALIBRATION.md	h:m1-ad4-repair	NO
07cfbc64a047b374c160cab9dbe0d1da4a05607d	ies-014-industrials/docs/IES-014_10_DECISION_ENGINE.md	h:m1-ad4-repair	NO
461539678ec16e793d7c772e5cb04da92720b1ea	ies-014-industrials/docs/IES-014_11_EVIDENCE_FRAMEWORK.md	h:m1-ad4-repair	NO
e8779e6eb821c757b54edc7f3495835bedb98580	ies-014-industrials/docs/IES-014_12_VALIDATION.md	h:m1-ad4-repair	NO
03c4e2632dca758cd892c6aec406bfd7aa46ba49	ies-014-industrials/docs/IES-014_13_ARENA_IMPLEMENTATION_SPECIFICATION.md	h:m1-ad4-repair	NO
0035b8492f032fe9480e936b717d7962df0e3bef	ies-014-industrials/docs/IES-014_14_REFERENCE_ASSET_GOVERNANCE.md	h:m1-ad4-repair	NO
eaa0a0947e438d89160f74f19eb84d8737390a81	ies-014-industrials/docs/IES-014_15_NORMATIVE_CALCULATION_APPENDIX.md	h:m1-ad4-repair	NO
4b71d228693e68165518fbd748f3766768c4bf07	ies-014-industrials/docs/IES-014_16_IMPLEMENTATION_READINESS_CERTIFICATE.md	h:m1-ad4-repair	NO
9aa2506e9a745bebd9c59a7f2938c16dd42fc2c9	ies-014-industrials/docs/IES-014_17_MASTER_INDEX.md	h:m1-ad4-repair	NO
da4d18194c96738f837ea0224c8f631dc69a9527	ies-014-industrials/docs/IES-014_18_DATA_DICTIONARY.md	h:m1-ad4-repair	NO
fe325bf1786956fe692d9c5a94cf1336daa0bae7	ies-014-industrials/docs/IES-014_19_REFERENCE_DATA_SOURCES.md	h:m1-ad4-repair	NO
d7d780a9218c63d101cd99600f7d8f19f768e15b	ies-014-industrials/examples/worked-example-capital-goods-oem.md	h:m1-ad4-repair	NO
4f446b6bdd8b119eee9e6522b6fc262da8faf1ae	ies-014-industrials/industrials-ontology-metadata-1.0.0.json	h:m1-ad4-repair	NO
b17c9d00255c747a13d67520ca14d93cfdf9e216	ies-014-industrials/replay-datasets/industrials-replay-dataset-1.0.0.json	h:m1-ad4-repair	NO
c3fba9da44101b0af36f67320a5708445b947ade	ies-015-technology/IES-015_ARCHITECTURE_REVIEW.md	h:m1-ad4-repair	NO
6435e89aef5847eaa5633ecb4a5ed19a3ac18839	ies-015-technology/IES-015_COMPATIBILITY.md	h:m1-ad4-repair	NO
1cd5a624004ed46e70a67b0ada49eda41d066894	ies-015-technology/IES-015_FREEZE_CHECKLIST.md	h:m1-ad4-repair	NO
28d95893ddafac70e179e71a2cd93bade839ca8a	ies-015-technology/IES-015_FREEZE_MANIFEST.json	h:m1-ad4-repair	NO
046f195f0debd556e8e4ce8e63e97ad2c4713ede	ies-015-technology/IES-015_FREEZE_REGRESSION_BASELINE.md	h:m1-ad4-repair	NO
6cde2791162277cfa353e3fd86c3025ae59299a3	ies-015-technology/IES-015_FREEZE_REPORT.md	h:m1-ad4-repair	NO
a46b8c3a4ded22f5c1a85813dcd32f1f8a6a5137	ies-015-technology/IES-015_IMPLEMENTATION_READINESS_CERTIFICATE.md	h:m1-ad4-repair	NO
e8c9b8e1e205022f26bf348f235b70030a924f8d	ies-015-technology/RELEASE_NOTES_IES-015_v1.0.0.md	h:m1-ad4-repair	NO
18d7e6911e38d2d82e7f9990911deb4f936296f6	ies-015-technology/TECHNOLOGY_CALIBRATION_INDEPENDENCE_MATRIX.md	h:m1-ad4-repair	NO
68cd875b3fb38a41043c13b5a2e5f660ced20756	ies-015-technology/TECHNOLOGY_DISCOVERY_PACK.md	h:m1-ad4-repair	NO
cdc5bf93b8b6902af727b697d35e919c9d527eac	ies-015-technology/TECHNOLOGY_ENGINE_ACCEPTANCE_MATRIX.md	h:m1-ad4-repair	NO
b38c6015380e0464f7fcf8f4c79dc3f5501652e3	ies-015-technology/TECHNOLOGY_IMPLEMENTATION_API_BASELINE.md	h:m1-ad4-repair	NO
bb8a7a573b934364c04415b64c1d3efcead9c25a	ies-015-technology/TECHNOLOGY_IMPLEMENTATION_PLAN.md	h:m1-ad4-repair	NO
e0a7d4fbbd8582e83b8053af912a799e312cb4f8	ies-015-technology/TECHNOLOGY_IMPLEMENTATION_REUSE_REPORT_TEMPLATE.md	h:m1-ad4-repair	NO
862a894f7f645ce2874c174c974c080f8c9aa521	ies-015-technology/TECHNOLOGY_IMPLEMENTATION_RISK_REGISTER.md	h:m1-ad4-repair	NO
67e5a48b7322ef74b1d5edd3a126d3a770d7bed1	ies-015-technology/TECHNOLOGY_METHODOLOGY_PRINCIPLES.md	h:m1-ad4-repair	NO
10d96bbf73a0e64da51501193b8723a1f896b6f0	ies-015-technology/TECHNOLOGY_REFERENCE_ASSETS_INDEX.md	h:m1-ad4-repair	NO
c6bb359b934e7c5d6d4936726e9760178286e436	ies-015-technology/contract-tests/generate_expected_outputs.py	h:m1-ad4-repair	NO
ae797adb9e16efca135bb0e446f119b336ca6aa6	ies-015-technology/contract-tests/technology_contract_boundary_matrix.py	h:m1-ad4-repair	NO
a94db666df3af226e0419a83f9aebad6fc269288	ies-015-technology/diagrams/technology-dataflow.mmd	h:m1-ad4-repair	NO
155379424a11f4082fcd9fdb08d8b6ea51e9bad5	ies-015-technology/docs/IES-015_01_README.md	h:m1-ad4-repair	NO
45e17b070d57b4617bb5dba78a5d0b33d5be3d46	ies-015-technology/docs/IES-015_02_EXECUTIVE_SUMMARY.md	h:m1-ad4-repair	NO
e9e2d6723b324516518c1c68dfea0343b1c774d7	ies-015-technology/docs/IES-015_03_INDUSTRY_MODEL.md	h:m1-ad4-repair	NO
058fcf79c46bd9e98e154291499eae61e044f53a	ies-015-technology/docs/IES-015_04_BUSINESS_MODEL.md	h:m1-ad4-repair	NO
991437efbe79a3749007338f68561751eedf11c6	ies-015-technology/docs/IES-015_05_METHODOLOGY_PRINCIPLES.md	h:m1-ad4-repair	NO
1158d3a21941b10673cb3ed6b019a6ce4835627b	ies-015-technology/docs/IES-015_06_METRIC_LIBRARY.md	h:m1-ad4-repair	NO
8c6b6cd781516db47b17c776628aff3c69944ed0	ies-015-technology/docs/IES-015_07_SCORE_ENGINE.md	h:m1-ad4-repair	NO
23bd31ee7f5ef696c3a9968be1d8df0bd2073264	ies-015-technology/docs/IES-015_08_FORMULA_LIBRARY.md	h:m1-ad4-repair	NO
4bdc0bda4649436b702d75d00a327d95b302deec	ies-015-technology/docs/IES-015_09_CALIBRATION.md	h:m1-ad4-repair	NO
794c1120651d602c13a52b636069ed51952ffc94	ies-015-technology/docs/IES-015_10_DECISION_ENGINE.md	h:m1-ad4-repair	NO
4a9cc923324c5069d2818ba365ea4d563b482f47	ies-015-technology/docs/IES-015_11_EVIDENCE_FRAMEWORK.md	h:m1-ad4-repair	NO
335470fad99cf993101abf7c06f7f276f2d9a64c	ies-015-technology/docs/IES-015_12_VALIDATION.md	h:m1-ad4-repair	NO
e2c8205e034b9b8bf1bcfe633cc1e5a660041596	ies-015-technology/docs/IES-015_13_ARENA_IMPLEMENTATION_SPECIFICATION.md	h:m1-ad4-repair	NO
be80a5ebcacf7a36a0c0a185758701c3faf517f4	ies-015-technology/docs/IES-015_14_REFERENCE_ASSET_GOVERNANCE.md	h:m1-ad4-repair	NO
9db5914ad642c8a18c264d85d1f2695d326f1e8e	ies-015-technology/docs/IES-015_15_NORMATIVE_CALCULATION_APPENDIX.md	h:m1-ad4-repair	NO
321de3061d8169d2239f895cd1f2658ee8699214	ies-015-technology/docs/IES-015_16_IMPLEMENTATION_READINESS_CERTIFICATE.md	h:m1-ad4-repair	NO
3cb228d4ff956783fe14a241c0527705bac9c6ae	ies-015-technology/docs/IES-015_17_MASTER_INDEX.md	h:m1-ad4-repair	NO
9b70dc4ba6d6cbf2294cc6d7b09601e86d243188	ies-015-technology/docs/IES-015_18_DATA_DICTIONARY.md	h:m1-ad4-repair	NO
66bf70fa79c4ef0de6fccf160f26d83119688ab9	ies-015-technology/docs/IES-015_19_REFERENCE_DATA_SOURCES.md	h:m1-ad4-repair	NO
a94b06d85a5e22bde3bb2a98f295448d5ea17f45	ies-015-technology/examples/worked-example-rounding-boundary.md	h:m1-ad4-repair	NO
b1e86577710d9976171c74da8d1fd44f82a3af6e	ies-015-technology/examples/worked-example-saas-leader.md	h:m1-ad4-repair	NO
34dfa0b49fbeebb505d5bcc42742a212f98a2d18	ies-015-technology/examples/worked-example-semiconductor-foundry.md	h:m1-ad4-repair	NO
74862090dda2d803afa1d14617a12f7b58e3725f	ies-015-technology/replay-datasets/technology-replay-dataset-1.0.0.json	h:m1-ad4-repair	NO
00ea5e144ce4af8a523b12f3da4b962e3d8fdc77	ies-015-technology/technology-ontology-metadata-1.0.0.json	h:m1-ad4-repair	NO
6ba7eb2cc2fe612d12ece684f1a71ab6d14e1c2c	iips-cross-sector/ALLOCATION_DECISION_MATRIX.md	h:m1-ad4-repair	NO
1cdd84f6a6d8ff11c289204816144e200a71e2ca	iips-cross-sector/CROSS_SECTOR_EVIDENCE_MODEL.md	h:m1-ad4-repair	NO
8cb3c8e3cb1371edb81f7c049552dc183700cd2f	iips-cross-sector/CROSS_SECTOR_INTELLIGENCE_STANDARD.md	h:m1-ad4-repair	NO
8b5ca1caf805533d94a7ea98c76c1c11fd03d1bb	iips-cross-sector/CSIP_COMPATIBILITY.md	h:m1-ad4-repair	NO
c419e5598397f16abd1a483ab907671071d22737	iips-cross-sector/CSIP_EXECUTION_PIPELINE.md	h:m1-ad4-repair	NO
cfc2e263861bc5ecbe269767f3b615fe7f3407a0	iips-cross-sector/CSIP_FRAMEWORK_INTEGRATION_MATRIX.md	h:m1-ad4-repair	NO
4bc9b638304e1204c5f66a08ed353d6a81cda306	iips-cross-sector/CSIP_FREEZE_CHECKLIST.md	h:m1-ad4-repair	NO
b1a226fed2ea6c566a88ea522db732dc8064f8d2	iips-cross-sector/CSIP_FREEZE_MANIFEST.json	h:m1-ad4-repair	NO
8766af4146946afe1ede1b6766d52d093c35f521	iips-cross-sector/CSIP_FREEZE_REGRESSION_BASELINE.md	h:m1-ad4-repair	NO
f57a7cf352be8786d3ed597e7b172499c65aba20	iips-cross-sector/CSIP_FREEZE_REPORT.md	h:m1-ad4-repair	NO
9ec33c46bda5bff3e374ec6a7a306fa9f234ae1e	iips-cross-sector/CSIP_IMPLEMENTATION_PLAN.md	h:m1-ad4-repair	NO
a82a4c2f9d81ff4a9f766606d8525c2bf2f08a46	iips-cross-sector/CSIP_IMPLEMENTATION_READINESS_CERTIFICATE.md	h:m1-ad4-repair	NO
e438fa629d1397f14b158ebc2bb00a0bdabec1bc	iips-cross-sector/CSIP_IMPLEMENTATION_TRACEABILITY_MATRIX.md	h:m1-ad4-repair	NO
9e2a05b52811b4c3172e460c886b96c387168f68	iips-cross-sector/CSIP_REFERENCE_ASSETS_INDEX.md	h:m1-ad4-repair	NO
5d634811d5c074f4a6ba0c059e2c1d556118c22d	iips-cross-sector/CSIP_RELEASE_TRACEABILITY_REPORT.md	h:m1-ad4-repair	NO
01d52abc1344be9036dfb9d09a27518dad94ca9b	iips-cross-sector/CSIP_SERVICE_DEPENDENCY_MATRIX.md	h:m1-ad4-repair	NO
9c2de8488f5494dcb7884d0a1088afc424fd636e	iips-cross-sector/PORTFOLIO_ARCHITECTURE.md	h:m1-ad4-repair	NO
f76eedd294ef5a10519e532e7941a0eb702879e5	iips-cross-sector/PORTFOLIO_REFERENCE_DATA.md	h:m1-ad4-repair	NO
72ee4d3d552bc1ca6007a7d79c92cac6721b226e	iips-cross-sector/UNIVERSAL_INVESTMENT_ONTOLOGY.md	h:m1-ad4-repair	NO
fd85f74880bb7b87b5d632bf8ddebe014ac339f5	iips-cross-sector/architecture-review/ALLOCATION_RULE_PRECEDENCE_TABLE.md	h:m1-ad4-repair	NO
eada004021604d00cf42bd05261bd55b5d1f7315	iips-cross-sector/architecture-review/ARCHITECTURE_REVIEW.md	h:m1-ad4-repair	NO
6bdf29bce43801fd1b01bf3cf90383e98200e5e8	iips-cross-sector/architecture-review/CROSS_SECTOR_COVERAGE_MATRIX.md	h:m1-ad4-repair	NO
a01d7f84ea3be4397b3b940f3dc8ce42de4be5d5	iips-cross-sector/architecture-review/ONTOLOGY_CONSISTENCY_MATRIX.md	h:m1-ad4-repair	NO
f24bd869e269b5beb0035a9e8ed64b3932fa7ceb	iips-cross-sector/architecture-review/PORTFOLIO_DECISION_TRACE_MATRIX.md	h:m1-ad4-repair	NO
80ceeb67ca250ec3afa492c11e0a32d6df417472	iips-cross-sector/expected-outputs/PORTFOLIO_EXPECTED_OUTPUTS.json	h:m1-ad4-repair	NO
9877feeb06d871c230df145588fa14542b9dfd3f	iips-cross-sector/fixtures/ALLOCATION_FIXTURES.json	h:m1-ad4-repair	NO
00b6ee573db99392e8151c427b05ee967a2766b3	iips-cross-sector/fixtures/DIVERSIFICATION_FIXTURES.json	h:m1-ad4-repair	NO
ef1088f5cef537c6c9e888396975b948827db689	iips-cross-sector/portfolios/PORTFOLIO_GOLDEN_DATASET.json	h:m1-ad4-repair	NO
69d77a64cb4065ce6f64c73b90ef6775eb7bd72b	iips-cross-sector/replay-datasets/PORTFOLIO_REPLAY_DATASET.json	h:m1-ad4-repair	NO
44c5f394959f8c8523e945fc488cb3669a209d13	package.json	h:np04-governed-persistence-windows	NO
6e863996c42bf929f1f2b8b1e9374cb731410c78	src/persistence/db.ts	h:np04-governed-persistence-windows	NO
ab0188d0e6594080557d30d45053ea9f00d305a4	src/persistence/errors.ts	h:np04-governed-persistence-windows	NO
1db3a66dd44d034929f1bca30612b4616280245f	src/persistence/identity.ts	h:np04-governed-persistence-windows	NO
7e54dd9dcd92bcfcac40b4685e0d21afaf525e18	src/persistence/index.ts	h:np04-governed-persistence-windows	NO
9376899940a7ac5070fbbda6ec7ad88737c37e22	src/persistence/package.ts	h:np04-governed-persistence-windows	NO
cf19bf3b237c9a54048de80de518927c2a0e2fbf	src/persistence/reportKey.ts	h:np04-governed-persistence-windows	NO
89b86a366804d60ebebaa6771f04dd8c6ab89286	src/persistence/schema.ts	h:np04-governed-persistence-windows	NO
b4350fea5585800398e10e81039be60edc4697b2	src/persistence/store.ts	h:np04-governed-persistence-windows	NO
d023f6272de60e07bf8397bad3b9c501a0133c8e	tests/np04_governed_persistence.test.ts	h:np04-governed-persistence-windows	NO
e3ec26eca4949e6805ac0896579ac5625f5e3ce3	tsconfig.pit-package.json	h:np04-governed-persistence-windows	NO
a7bab01ee697f1039f2e37889feecdbe5b37daf3	docs/p00/P00_GATE_MODEL.md	h:p14-implementation-recovered	NO
d51c4cffa46328a48e0f69297787e824f83880e9	frontend/src/app/App.tsx	h:windows-acceptance/full-shell-20260923 pr:2/head	YES
b482448d514bd84b8d05cf9a000e370f0191a98a	frontend/src/app/navigation.ts	h:windows-acceptance/full-shell-20260923 pr:2/head	YES
b8f7c2047e4e4f6e509d675476975c1c4e68dc4a	tests/shell_navigation_model.test.ts	h:windows-acceptance/full-shell-20260923 pr:2/head	YES
ca423bf8f2deb380daa137e4ab5cb69f48d6d1bc	tests/shell_offline_full_shell_restoration.test.ts	h:windows-acceptance/full-shell-20260923 pr:2/head	YES
66a9828af5473fa8ab845e2079dcd48b9a4b4fa1	evidence/d114-stage5-ui/D114-STAGE5-REPLAY-UI-OBSERVATIONS-EXTENDED.md	h:windows/d114-stage5-banking-replay-observation	NO
2b4b0bd7ae1df1d7d20b7b55cb081eb635f76f58	evidence/d114-stage5-ui/D114-STAGE5-REPLAY-UI-OBSERVATIONS.md	h:windows/d114-stage5-banking-replay-observation	NO
49754c133c3ea5574ff4fb88ac893c8aa4e522b3	evidence/d114-stage5-ui/UI-REPLAY-BANKING-OBSERVATION.md	h:windows/d114-stage5-banking-replay-observation	NO
d6fe61249215dedb6457a5030d241e0df573d8fa	frontend/server/live/live-tenant-engine.test.ts	h:windows/d114-stage5-banking-replay-observation t:p14-r7-65b78f7	-,NO
7c2b15706529975b5f0b7f13adc228c75b975160	frontend/src/app/Sidebar.tsx	h:windows/d114-stage5-banking-replay-observation t:p14-r7-65b78f7	-,NO
79478e654543b5d71733edc5956fd289858a8288	frontend/src/app/TopBar.tsx	h:windows/d114-stage5-banking-replay-observation t:p14-r7-65b78f7	-,NO
1e99d09bb67c9c4200b1a40132454b1f44476ece	frontend/src/core/theme/global.css	h:windows/d114-stage5-banking-replay-observation t:p14-r7-65b78f7	-,NO
ab503b3ab90a4f3c2c0cfe5b06720c150d307744	frontend/src/features/executive/ExecutiveDashboard.test.tsx	h:windows/d114-stage5-banking-replay-observation t:p14-r7-65b78f7	-,NO
f6cbe39f599a4ca189e58169bcc13402ba5ddb8b	frontend/src/features/executive/ExecutiveDashboard.tsx	h:windows/d114-stage5-banking-replay-observation	NO
d1481ae26c25e532d34edfe8443c59ae8415e6f7	frontend/src/features/executive/ExecutiveDashboard.tsx	t:p14-r7-65b78f7	-
33e86f8d53327df2e87cb66e16b74846b2358fe8	frontend/src/features/portfolio/PortfolioOverlay.test.tsx	t:temporary-cleanup-caf73ba	-
d4a0f7377f0b637e91a2f36f28eaa2c1601a58c0	frontend/src/features/portfolio/PortfolioWorkspace.tsx	t:temporary-cleanup-caf73ba	-
